"","DOY_cont","DOY_disct","Air_temp_daily_ave_degree_C","Water_table_daily_ave_cm","GPP_gC_m2_day","Wetland_age_years","Salinity_daily_ave_ppt","s1","s2"
"1",48,48,11.338,9.1186,0.550770809877723,7,38,0.000701151965534691,0.550770809877723
"2",49,49,10.392,11.258,0.556575199988976,7,38,0.000700970767344421,0.509749586668777
"3",50,50,7.7242,8.1929,0.56237959010023,7,38,0.00070079387860438,1.02918668625981
"4",51,51,6.8346,5.4799,0.568183980211483,7,38,0.000700628662259261,1.52230837336052
"5",52,52,8.3851,5.4609,0.573988370322736,7,38,0.000700467235189502,1.99155868214023
"6",53,53,9.0685,6.3984,0.57979276043399,7,38,0.000700299269753583,2.43258059628304
"7",54,54,7.4213,4.3991,0.585597150545243,7,38,0.000700128386355663,2.84898762211743
"8",55,55,7.8106,4.0291,0.591401540656497,7,38,0.000699964609947911,3.25278867100686
"9",56,56,8.6467,5.5019,0.59720593076775,7,38,0.000699799221884263,3.63664907459856
"10",57,57,8.7702,10.363,0.603010320879004,7,38,0.000699630289460101,3.9991270088111
"11",58,58,8.6694,12.46,0.599023084706128,7,38,0.000699460863914763,4.3454558020534
"12",59,59,8.7248,12.702,0.595035848533252,7,38,0.000699291915151623,4.66854031181203
"13",60,60,11.224,16.795,0.591048612360376,7,38,0.000699122767863462,4.96896169377859
"14",61,61,9.2153,17.692,0.587061376187501,7,38,0.000698942610274081,5.22889785745567
"15",62,62,8.3087,15.719,0.583074140014625,7,38,0.000698771418823988,5.48628050028381
"16",63,63,8.6483,11.652,0.579086903841749,7,38,0.000698604187706561,5.7331389866724
"17",64,64,10.189,8.5731,0.575099667668873,7,38,0.000698435536866041,5.95990505214484
"18",65,65,12.07,8.032,0.571112431495998,7,38,0.00069826018980077,6.15651549762493
"19",66,66,14.828,7.3051,0.567125195323122,7,38,0.000698076403093183,6.32012373728983
"20",67,67,14.466,5.4916,0.563137959150246,7,38,0.000697879700199373,6.44194494961985
"21",68,68,12.526,4.6434,0.55915072297737,7,38,0.000697684790232587,6.55632205321574
"22",69,69,12.779,4.7545,0.555163486804495,7,38,0.000697499056331763,6.68062945813254
"23",70,70,13.163,4.0686,0.551176250631619,7,38,0.000697312200394102,6.79123233649806
"24",71,71,15.383,5.4024,0.547189014458743,7,38,0.00069712360678869,6.88741715847374
"25",72,72,14.509,9.2839,0.543201778285868,7,38,0.00069692448990023,6.94911537799376
"26",73,73,10.978,9.6437,0.539214542112992,7,38,0.000696729641185209,7.01319721547341
"27",74,74,10.267,9.8089,0.535227305940116,7,38,0.000696551206757229,7.1089714955277
"28",75,75,10.168,12.371,0.53124006976724,7,38,0.000696375987546567,7.20339424456832
"29",76,76,9.6412,11.128,0.527252833594365,7,38,0.000696201250381522,7.28998956438127
"30",77,77,9.8975,10.123,0.523265597421489,7,38,0.000696028873720501,7.3738947505031
"31",78,78,12.142,9.8104,0.519278361248613,7,38,0.000695855415701148,7.44670575819333
"32",79,79,13.168,11.096,0.515291125075738,7,38,0.00069567193258778,7.48623851164367
"33",80,80,16.268,13.114,0.511303888902862,7,38,0.000695483759302074,7.50757908117755
"34",81,81,13.066,14.088,0.507316652729986,7,38,0.000695280789367362,7.48587104185504
"35",82,82,10.897,8.1753,0.50332941655711,7,38,0.000695093196597144,7.50046753514882
"36",83,83,10.735,7.8843,0.499342180384235,7,38,0.000694915543662373,7.53555273666141
"37",84,84,9.8476,5.8002,0.495354944211359,7,38,0.000694738659141478,7.56668026040458
"38",85,85,11.167,5.1977,0.491367708038483,7,38,0.000694565741508222,7.60232411553143
"39",86,86,14.112,7.5845,0.487380471865607,7,38,0.000694387014242404,7.61701861413495
"40",87,87,16.344,9.8118,0.483393235692732,7,38,0.000694194759713357,7.59179534297293
"41",88,88,17.953,11.342,0.479405999519856,7,38,0.000693991792436585,7.5362304971645
"42",89,89,18.368,12.762,0.47541876334698,7,38,0.000693780862786743,7.45942797601172
"43",90,90,14.616,13.253,0.471431527174105,7,38,0.000693567892681374,7.37803513456082
"44",91,91,13.775,13.043,0.467444291001229,7,38,0.000693373472777093,7.34429695256932
"45",92,92,13.319,12.801,0.463457054828353,7,38,0.00069318308610677,7.31850885662436
"46",93,93,12.933,10.135,0.459469818655477,7,38,0.000692994883808794,7.29553343541859
"47",94,94,13.299,7.115,0.455482582482602,7,38,0.000692808523460249,7.27433446109935
"48",95,95,14.262,6.1644,0.451495346309726,7,38,0.000692620515925538,7.24608133110879
"49",96,96,15.555,6.8474,0.44750811013685,7,38,0.000692428041722529,7.20417462443803
"50",97,97,15.567,6.1454,0.443520873963974,7,38,0.000692229435018411,7.14536597097884
"51",98,98,13.902,-1.4465,0.439533637791099,7,38,0.00069203082722716,7.08590634673826
"52",99,99,16.061,-8.1462,0.435546401618223,7,38,0.000691840213329165,7.04537675286656
"53",100,100,15.048,-10.828,0.431559165445347,7,38,0.000691639318148094,6.97805065259188
"54",101,101,12.714,-0.17996,0.427571929272472,7,38,0.00069144337722448,6.92260374171703
"55",102,102,11.732,1.42,0.423584693099596,7,38,0.000691258442429643,6.89271181796477
"56",103,103,12.732,-0.071737,0.41959745692672,7,38,0.000691078028915978,6.87120853075198
"57",104,104,14.467,4.1132,0.415610220753844,7,38,0.000690893109154486,6.83602101010734
"58",105,105,13.116,9.1932,0.411622984580969,7,38,0.000690700145726812,6.7795924423508
"59",106,106,10.412,11.889,0.410743872571095,7,38,0.000690513557790307,6.73739893446839
"60",107,107,11.227,9.5632,0.409864760561222,7,38,0.000690339219878281,6.72540807973359
"61",108,108,11.501,10.012,0.408985648551348,7,38,0.000690161312328595,6.70468595363961
"62",109,109,11.925,10.458,0.408106536541475,7,38,0.000689982224006333,6.6813380917851
"63",110,110,13.349,7.8404,0.407227424531601,7,38,0.000689801272524102,6.65392989302894
"64",111,111,15.151,6.1819,0.406348312521728,7,38,0.000689613849345571,6.61199122170285
"65",112,112,16.26,6.3048,0.405469200511854,7,38,0.000689417989823072,6.55195661454909
"66",113,113,16.234,7.191,0.404590088501981,7,38,0.000689216829140708,6.48237155025731
"67",114,114,13.88,8.2353,0.403710976492107,7,38,0.000689015853891838,6.41650538850681
"68",115,115,13.385,9.553,0.402831864482234,7,38,0.000688826173312964,6.37918500363496
"69",116,116,12.688,10.9,0.401952752472361,7,38,0.000688638848343565,6.34835657875802
"70",117,117,14.62,11.07,0.401073640462487,7,38,0.000688454782616439,6.32562751293674
"71",118,118,13.83,12.06,0.400194528452614,7,38,0.000688261777080961,6.28326373571354
"72",119,119,13.53,12.765,0.39931541644274,7,38,0.000688072537486731,6.25080357756619
"73",120,120,12.703,11.526,0.398436304432867,7,38,0.000687884745566022,6.22246814724403
"74",121,121,12.807,11.32,0.397557192422993,7,38,0.000687700812851612,6.20330807799804
"75",122,122,13.809,11.172,0.396969105342799,7,38,0.000687516453655091,6.18332866024862
"76",123,123,12.984,5.3615,0.396381018262605,7,38,0.00068732751684717,6.15377582257244
"77",124,124,14.611,-2.5551,0.395792931182411,7,38,0.000687142446587603,6.13371790038229
"78",125,125,13.472,-4.8731,0.395204844102216,7,38,0.000686949851469429,6.09774937455188
"79",126,126,13.449,-10.615,0.394616757022022,7,38,0.000686762634486506,6.0749086463754
"80",127,127,15.333,-16.949,0.394028669941828,7,38,0.000686575574906671,6.05305977553835
"81",128,128,14.63,-15.691,0.393440582861634,7,38,0.000686379709874634,6.01284432973475
"82",129,129,14.811,-6.223,0.39285249578144,7,38,0.000686187238889232,5.98167757422494
"83",130,130,14.286,-4.1931,0.392264408701245,7,38,0.00068599396657635,5.95000073821228
"84",131,131,16.748,-2.4103,0.391676321621051,7,38,0.000685803221352754,5.9249294699223
"85",132,132,17.795,2.2858,0.391088234540857,7,38,0.000685600737826538,5.87585823357507
"86",133,133,15.377,3.8434,0.390500147460663,7,38,0.000685393146462391,5.81852197709057
"87",134,134,14.067,5.0733,0.389912060380468,7,38,0.000685197408750499,5.78893198109156
"88",135,135,14.623,6.1468,0.389323973300274,7,38,0.000685007908529303,5.77343735024723
"89",136,136,14.686,7.1486,0.38873588622008,7,38,0.000684815855183533,5.75289859369747
"90",137,137,14.225,7.8565,0.388147799139886,7,38,0.00068462355892193,5.73242515113715
"91",138,138,13.708,7.3344,0.387559712059692,7,38,0.000684433479996369,5.71708541910208
"92",139,139,13.345,6.1132,0.386971624979497,7,38,0.000684245858453522,5.70704111406289
"93",140,140,13.386,4.2353,0.386383537899303,7,38,0.000684059963109979,5.70045693983688
"94",141,141,14.234,1.6803,0.385795450819109,7,38,0.000683873929701011,5.69329230827146
"95",142,142,14.024,1.2708,0.385207363738915,7,38,0.0006836840168822,5.6779096052078
"96",143,143,14.399,1.2299,0.38461927665872,7,38,0.000683495135265422,5.66488398853083
"97",144,144,14.221,1.6379,0.384031189578526,7,38,0.00068330455651034,5.64849224263413
"98",145,145,15.111,1.4697,0.383443102498332,7,38,0.000683114862450535,5.63421718391045
"99",146,146,14.929,1.6218,0.382855015418138,7,38,0.000682921038256803,5.61172538801911
"100",147,147,17.35,2.2683,0.382266928337944,7,38,0.00068272812950183,5.59180107093309
"101",148,148,20.394,3.5304,0.381678841257749,7,38,0.000682523606422182,5.54897531416287
"102",149,149,17.806,5.3761,0.381090754177555,7,38,0.000682303772138814,5.47762221209032
"103",150,150,13.777,5.6554,0.380502667097361,7,38,0.000682097124530622,5.43674336689795
"104",151,151,13.51,6.5739,0.379914580017167,7,38,0.000681909824882612,5.43606928660723
"105",152,152,15.895,1.812,0.379326492936972,7,38,0.00068172380686508,5.4372790685495
"106",153,153,20.051,-0.53242,0.378738405856778,7,38,0.000681526645909355,5.41571748200914
"107",154,154,18.443,-0.56752,0.383970072915573,7,38,0.000681308902206324,5.35441666196029
"108",155,155,15.922,-2.0812,0.389201739974367,7,38,0.000681099385550004,5.31856897467732
"109",156,156,15.094,-5.1685,0.394433407033161,7,38,0.000680902275883225,5.31430995555992
"110",157,157,14.927,-4.4373,0.399665074091955,7,38,0.000680709159728955,5.32318480357547
"111",158,158,15.665,-3.7119,0.404896741150749,7,38,0.00068051688518579,5.33825404284714
"112",159,159,16.564,-2.5039,0.410128408209543,7,38,0.00068032117132149,5.3508007864504
"113",160,160,16.364,-0.69037,0.415360075268338,7,38,0.000680121198008795,5.35935650769379
"114",161,161,15.181,-0.23407,0.420591742327132,7,38,0.000679922249147217,5.37446664758858
"115",162,162,16.864,0.86865,0.425823409385926,7,38,0.000679729000596907,5.40487200325116
"116",163,163,18.428,5.1801,0.43105507644472,7,38,0.000679527747396114,5.42270893578765
"117",164,164,17.003,8.3815,0.436286743503515,7,38,0.000679318853338049,5.4294080109198
"118",165,165,16.499,9.3365,0.441518410562309,7,38,0.000679117045758036,5.45475196283124
"119",166,166,15.673,12.185,0.446750077621103,7,38,0.000678917740131682,5.48849855774784
"120",167,167,16.376,12.447,0.451981744679897,7,38,0.000678722448145554,5.53317364616697
"121",168,168,16.726,9.9405,0.457213411738691,7,38,0.000678523850718794,5.57345814233545
"122",169,169,16.525,5.9947,0.462445078797486,7,38,0.000678323622903541,5.61294082595867
"123",170,170,14.864,3.5962,0.45935641971836,7,38,0.000678124424819344,5.65705513050429
"124",171,171,14.189,1.8997,0.456267760639235,7,38,0.000677933175474156,5.71142607052089
"125",172,172,15.375,0.34215,0.45317910156011,7,38,0.000677745120621171,5.7658366742938
"126",173,173,18.606,0.2544,0.450090442480985,7,38,0.000677551576509124,5.80224805601905
"127",174,174,22.093,0.60979,0.447001783401859,7,38,0.00067734240300376,5.80035559869787
"128",175,175,18.835,7.289,0.443913124322734,7,38,0.000677115376302409,5.75796936870581
"129",176,176,17.216,6.0576,0.440824465243609,7,38,0.000676905193170439,5.75050963524639
"130",177,177,16.09,5.3176,0.437735806164484,7,38,0.000676703067564911,5.75712380379654
"131",178,178,15.311,6.1965,0.434647147085358,7,38,0.000676506429494091,5.77155067341225
"132",179,179,15.751,5.2298,0.431558488006233,7,38,0.000676313540547634,5.78970324706539
"133",180,180,17.792,2.2463,0.428469828927108,7,38,0.000676118628024561,5.7992618150464
"134",181,181,20.428,2.941,0.425381169847983,7,38,0.000675913922457648,5.78440970232794
"135",182,182,17.087,6.9556,0.422292510768857,7,38,0.000675696042583016,5.7397114249877
"136",183,183,16.813,2.6163,0.419203851689732,7,38,0.000675494904233036,5.72980791090164
"137",184,184,17.36,1.3674,0.416115192610607,7,38,0.00067529515081795,5.72022418318533
"138",185,185,16.941,2.3823,0.413026533531482,7,38,0.000675092805731327,5.70265993793315
"139",186,186,17.504,-0.030787,0.41910450706473,7,38,0.000674892553363763,5.68738271931512
"140",187,187,20.252,-2.7247,0.425182480597978,7,38,0.00067468962734942,5.67352061283949
"141",188,188,18.894,-1.0604,0.431260454131226,7,38,0.00067447304274005,5.63832251993453
"142",189,189,17.543,2.3575,0.437338427664474,7,38,0.000674263385427229,5.6257726470992
"143",190,190,18.74,2.4291,0.443416401197721,7,38,0.000674060458462523,5.63383948454139
"144",191,191,18.396,3.8902,0.449494374730969,7,38,0.000673851696708512,5.63532932329995
"145",192,192,17.903,5.319,0.455572348264217,7,38,0.000673644705824278,5.64630332408331
"146",193,193,18.187,10.469,0.461650321797465,7,38,0.000673440205625933,5.66761338242925
"147",194,194,18.733,12.405,0.467728295330713,7,38,0.000673234372260141,5.69068942059812
"148",195,195,17.225,13.376,0.473806268863961,7,38,0.000673025901138612,5.71268478627169
"149",196,196,16.799,11.905,0.479884242397209,7,38,0.000672824890331585,5.7546727483714
"150",197,197,17.334,9.5471,0.485962215930457,7,38,0.000672625993745853,5.80429462880552
"151",198,198,17.018,5.817,0.492040189463705,7,38,0.000672424574504807,5.85131479490852
"152",199,199,17.234,1.012,0.498118162996953,7,38,0.00067222474274557,5.90458577221451
"153",200,200,17.796,-0.7986,0.504196136530201,7,38,0.000672023927695864,5.95823727750102
"154",201,201,19.112,-6.0358,0.510274110063449,7,38,0.000671820442337577,6.00856362345201
"155",202,202,18.404,-4.8936,0.505566311770553,7,38,0.000671610523568972,6.04749654862939
"156",203,203,18.224,-4.9594,0.500858513477658,7,38,0.000671404181684128,6.08678617862946
"157",204,204,17.47,-6.4044,0.496150715184763,7,38,0.000671198788894339,6.12071110172257
"158",205,205,17.351,-7.5539,0.491442916891868,7,38,0.000670997138412675,6.1558492013244
"159",206,206,17.367,-8.506,0.486735118598972,7,38,0.000670796124716975,6.18528719217863
"160",207,207,15.98,-6.4424,0.482027320306077,7,38,0.000670595093858896,6.20794392064825
"161",208,208,15.44,-6.2991,0.477319522013182,7,38,0.000670400750452145,6.23933906156562
"162",209,209,15.693,-6.6954,0.472611723720286,7,38,0.000670208999954761,6.26980512560211
"163",210,210,15.33,-4.8863,0.467903925427391,7,38,0.000670016119177054,6.2909981366529
"164",211,211,15.841,-7.5378,0.463196127134496,7,38,0.000669824992185937,6.3100447638717
"165",212,212,15.471,-7.2921,0.4584883288416,7,38,0.000669631526617507,6.31774860071432
"166",213,213,15.141,-8.0263,0.453780530548705,7,38,0.000669439851329465,6.3242369784562
"167",214,214,15.291,-10.594,0.44907273225581,7,38,0.000669249767935411,6.32914205349186
"168",215,215,17.535,-13.685,0.444364933962914,7,38,0.000669059041162958,6.32744112197339
"169",216,216,18.129,-12.093,0.439657135670019,7,38,0.000668857719212052,6.29672522081465
"170",217,217,16.709,-8.5469,0.434949337377124,7,38,0.000668653570011229,6.25669258591712
"171",218,218,17.604,-8.386,0.41845595162353,7,38,0.000668456335901129,6.23012632686604
"172",219,219,15.246,-5.2022,0.401962565869935,7,38,0.000668254861559435,6.17902392499486
"173",220,220,16.475,25.322,0.385469180116341,7,38,0.000668064627407651,6.13987970578067
"174",221,221,18.061,2.3302,0.368975794362747,7,38,0.000667868679288717,6.07373914362268
"175",222,222,17.858,-3.7743,0.352482408609152,7,38,0.000667665163556086,5.97840568358906
"176",223,223,18.825,-5.2339,0.335989022855558,7,38,0.000667462697149193,5.87503333965698
"177",224,224,17.822,-3.1293,0.319495637101964,7,38,0.000667255559649094,5.75180773345264
"178",225,225,15.832,0.97299,0.30300225134837,7,38,0.00066705339207687,5.63082457281689
"179",226,226,16.065,-2.012,0.286508865594775,7,38,0.000666860769187591,5.52112431433349
"180",227,227,17.252,-8.172,0.270015479841181,7,38,0.000666667108679482,5.39971576817013
"181",228,228,17.34,8.1831,0.253522094087587,7,38,0.000666467867527186,5.25836717004228
"182",229,229,17.702,17.961,0.237028708333992,7,38,0.000666268263529341,5.10915731846267
"183",230,230,17.843,-14.312,0.220535322580398,7,38,0.000666066975534642,4.950197480604
"184",231,231,15.777,-12.896,0.204041936826804,7,38,0.000665865066414321,4.78437799916696
"185",232,232,16.234,-13.569,0.18754855107321,7,38,0.000665673043704631,4.63128285170048
"186",233,233,16.646,-11.191,0.171055165319615,7,38,0.000665478933808126,4.46812300875029
"187",234,234,17.663,-11.829,0.19291457106219,7,38,0.000665282934866354,4.29622045285735
"188",235,235,17.354,-10.551,0.214773976804766,7,38,0.000665082132660013,4.15006203840601
"189",236,236,16.831,-11.957,0.236633382547341,7,38,0.000664882876565379,4.0385235415758
"190",237,237,16.719,-12.281,0.258492788289916,7,38,0.000664686175785031,3.96064427879222
"191",238,238,16.415,-10.877,0.280352194032491,7,38,0.000664490064552455,3.91092751945639
"192",239,239,17.29,-12.3,0.302211599775066,7,38,0.000664295447827816,3.88874536983095
"193",240,240,17.539,-9.1904,0.324071005517641,7,38,0.000664096733750076,3.88374356574868
"194",241,241,18.426,-10.871,0.345930411260217,7,38,0.000663896885761666,3.89917071509601
"195",242,242,18.236,-9.6964,0.367789817002792,7,38,0.000663692806544814,3.92888963184161
"196",243,243,16.793,-11.517,0.389649222745367,7,38,0.000663489714496729,3.97968404260544
"197",244,244,16.482,-14.52,0.411508628487942,7,38,0.000663293605944969,4.05924487870274
"198",245,245,16.748,-14.726,0.433368034230517,7,38,0.000663099024229616,4.15736014402262
"199",246,246,16.989,-12.52,0.455227439973092,7,38,0.000662903244119273,4.26850109294553
"200",247,247,17.434,-12.724,0.477086845715668,7,38,0.000662706379673284,4.39188833462628
"201",248,248,16.643,-6.8168,0.498946251458243,7,38,0.000662507452876101,4.52497628004202
"202",249,249,15.98,-4.7342,0.520805657200818,7,38,0.000662312343257984,4.67708971739759
"203",250,250,16.905,-8.3144,0.528605347341428,7,38,0.000662120400252595,4.84620892312979
"204",251,251,17.545,-9.891,0.536405037482038,7,38,0.00066192416644933,5.00387247073101
"205",252,252,16.792,-7.472,0.544204727622648,7,38,0.000661724943531524,5.15291995491538
"206",253,253,16.942,-5.4552,0.552004417763258,7,38,0.000661529361319848,5.30654549328383
"207",254,254,16.292,-3.4165,0.559804107903868,7,38,0.000661333127531745,5.45634182532208
"208",255,255,15.671,-1.1832,0.567603798044478,7,38,0.000661140011791134,5.6102502917482
"209",256,256,15.959,-3.6797,0.575403488185087,7,38,0.000660949842859513,5.76802663026694
"210",257,257,15.918,-9.2606,0.583203178325697,7,38,0.000660758392411468,5.92073232438074
"211",258,258,15.244,-10.107,0.591002868466307,7,38,0.000660567187998274,6.07197343551315
"212",259,259,15.915,-12.946,0.598802558606917,7,38,0.000660379151501241,6.2284793259425
"213",260,260,15.403,-13.979,0.606602248747527,7,38,0.00066018807076088,6.37606115366355
"214",261,261,15.124,-16.019,0.614401938888137,7,38,0.000659999411626112,6.52782348788667
"215",262,262,16.388,-18.828,0.622201629028747,7,38,0.000659812086613646,6.68120429094674
"216",263,263,19.92,-21.508,0.630001319169357,7,38,0.000659618966316617,6.81892530174243
"217",264,264,17.585,-12.161,0.637801009309967,7,38,0.000659408873461147,6.9138305085887
"218",265,265,15.437,-9.9012,0.645600699450577,7,38,0.000659210216741609,7.03870266387449
"219",266,266,15.815,-11.996,0.643011312998507,7,38,0.00065902168079219,7.18918266697823
"220",267,267,16.159,-12.148,0.640421926546436,7,38,0.000658831455849198,7.32364907370839
"221",268,268,15.38,-8.057,0.637832540094366,7,38,0.000658639690122141,7.44334518742367
"222",269,269,15.731,-8.2018,0.635243153642295,7,38,0.000658451579016973,7.56295524569354
"223",270,270,14.659,-7.5422,0.632653767190225,7,38,0.000658261906604747,7.66865374688334
"224",271,271,15.444,-9.2328,0.630064380738154,7,38,0.000658077188978483,7.77904652714044
"225",272,272,17.553,-12.386,0.627474994286084,7,38,0.000657888944952336,7.87067266063021
"226",273,273,17.83,-13.655,0.624885607834014,7,38,0.000657690898466522,7.92683855799423
"227",274,274,18.469,-15.618,0.622296221381943,7,38,0.000657491590589917,7.97332055616985
"228",275,275,19.843,-18.015,0.619706834929873,7,38,0.000657289272662374,8.00571856592474
"229",276,276,19.592,-14.227,0.617117448477802,7,38,0.000657080302737931,8.01448597111411
"230",277,277,17.333,-5.7872,0.614528062025732,7,38,0.000656872637093139,8.02362854656777
"231",278,278,16.371,-1.0721,0.611938675573662,7,38,0.000656675939959358,8.06065360948269
"232",279,279,17.11,-6.4468,0.609349289121591,7,38,0.000656483816716744,8.1058141369367
"233",280,280,20.537,-9.3045,0.606759902669521,7,38,0.000656288289004553,8.13581308136217
"234",281,281,19.429,-6.204,0.60417051621745,7,38,0.000656076191568397,8.11353519027883
"235",282,282,16.745,-1.7361,0.599478195587238,7,38.378,0.00065586964309451,8.10583859154734
"236",283,283,15.725,1.0178,0.594785874957026,7,38.515,0.000655676011496541,8.13089715805362
"237",284,284,15.595,1.3791,0.590093554326814,7,38.675,0.000655487166183017,8.16346086524264
"238",285,285,17.442,-2.909,0.585401233696602,7,38.852,0.000655298971813746,8.19120882851732
"239",286,286,15.999,-3.4867,0.580708913066389,7,39.011,0.000655102230674215,8.18768736130283
"240",287,287,15.707,-4.0483,0.576016592436177,7,39.141,0.000654912289572885,8.1992756796115
"241",288,288,17.759,-3.845,0.571324271805965,7,39.248,0.000654723746831507,8.20942174342468
"242",289,289,15.703,-4.6523,0.566631951175753,7,39.546,0.000654525675791922,8.18636958416769
"243",290,290,14.231,-6.2552,0.561939630545541,7,39.969,0.000654337262695734,8.18791723744061
"244",291,291,15.06,-9.3791,0.557247309915329,7,40.374,0.000654155565653303,8.20409581833676
"245",292,292,16.226,-11.16,0.552554989285117,7,40.728,0.000653970189470758,8.20380470809619
"246",293,293,14.634,-11.219,0.547862668654904,7,41.081,0.000653779529110091,8.18326148189019
"247",294,294,13.786,-10.463,0.543170348024692,7,41.158,0.000653596181711535,8.18035432287301
"248",295,295,14.04,0.55248,0.53847802739448,7,41.052,0.000653416668400199,8.18394790001546
"249",296,296,14.379,2.7395,0.533785706764268,7,39.668,0.000653236077623968,8.1793651353504
"250",297,297,14.887,3.2909,0.529093386134056,7,38.346,0.00065305402543661,8.16593055886873
"251",298,298,15.835,0.9158,0.511892986314294,7,38.664,0.000652869742897931,8.14189692302162
"252",299,299,16.318,1.6573,0.494692586494532,7,38.873,0.000652681202021304,8.08947771139242
"253",300,300,16.034,1.862,0.47749218667477,7,39.032,0.000652490492586011,8.01642923504476
"254",301,301,16.464,0.41124,0.460291786855008,7,39.157,0.000652301147862561,7.93416948706167
"255",302,302,14.903,5.6236,0.443091387035246,7,39.247,0.000652109874227138,7.83381629628107
"256",303,303,13.954,5.1497,0.425890987215484,7,39.287,0.000651925786042001,7.74222857813579
"257",304,304,15.384,1.9045,0.408690587395722,7,39.326,0.00065174598851446,7.65047391457199
"258",305,305,18.131,-2.9584,0.39149018757596,7,39.401,0.000651559828125198,7.52888778577104
"259",306,306,17.334,-2.3002,0.374289787756198,7,39.451,0.000651360949076091,7.36231745541155
"260",307,307,17.131,-1.1302,0.357089387936436,7,39.496,0.000651165897694224,7.19896456500731
"261",308,308,15.192,0.73591,0.339888988116674,7,39.524,0.000650971855688763,7.03093799126565
"262",309,309,14.626,1.3472,0.322688588296912,7,39.543,0.00065078678574421,6.87902936866108
"263",310,310,14.821,5.8825,0.30548818847715,7,39.546,0.000650604313432996,6.72536448239877
"264",311,311,14.334,9.7361,0.288287788657388,7,39.538,0.000650421018566612,6.56136774736728
"265",312,312,15.07,12.478,0.271087388837626,7,38.624,0.000650239951187764,6.39523239006301
"266",313,313,13.039,17.606,0.253886989017864,7,37.605,0.000650055639570873,6.21389374103596
"267",314,314,10.171,16.684,0.0233097329565572,7,37.867,0.00064988036628394,6.047289020404
"268",315,315,12.838,12.155,0.0233097329565572,7,38.037,0.000649717283588239,5.6874913375557
"269",316,316,11.632,14.312,0.0233097329565572,7,38.172,0.000649542972917741,5.32317402781012
"270",317,317,11.178,12.205,0.0233097329565572,7,38.29,0.000649373870590241,4.99115773250737
"271",318,318,10.9,5.1965,0.0233097329565572,7,38.379,0.00064920672602376,4.68242016457154
"272",319,319,10.137,-0.70026,0.0233097329565572,7,38.468,0.000649040788288828,4.39408995761411
"273",320,320,10.798,-3.9134,0.0233097329565572,7,38.581,0.000648878056305904,4.12841150306648
"274",321,321,10.276,-1.9902,0.0233097329565572,7,38.701,0.000648712627903466,3.87403311440681
"275",322,322,9.7397,-0.47796,0.0233097329565572,7,38.819,0.000648549405476726,3.63851163010801
"276",323,323,10.402,-0.40922,0.0233097329565572,7,38.873,0.000648388425283337,3.42055206390216
"277",324,324,11.129,-0.17669,0.0233097329565572,7,38.896,0.000648224764274238,3.21211151472401
"278",325,325,14.059,-4.1152,0.0233097329565572,7,38.921,0.000648058120726961,3.01277022199682
"279",326,326,14.074,-0.00265,0.0233097329565572,7,38.963,0.000647878927144611,2.8108528182983
"280",327,327,14.325,-1.0191,0.0233097329565572,7,39.002,0.000647699716953915,2.6229149032021
"281",328,328,14.243,-3.1295,0.0233097329565572,7,39.043,0.000647519447011875,2.44699933921927
"282",329,329,12.082,4.1874,0.0233097329565572,7,39.068,0.000647339590091138,2.28400198395644
"283",330,330,12.197,6.3709,0.0233097329565572,7,39.093,0.000647169154979621,2.14155084844365
"284",331,331,13.426,-0.53061,0.0233097329565572,7,39.115,0.000646998275194882,2.0084515884021
"285",332,332,15.391,-12.981,0.0233097329565572,7,39.142,0.00064682214675917,1.88016077394532
"286",333,333,13.838,-10.489,0.0233097329565572,7,39.147,0.000646637361235804,1.7542702515618
"287",334,334,12.775,1.7436,0.0233097329565572,7,39.117,0.000646459531321196,1.64299655285646
"288",335,335,11.266,6.953,0.0233097329565572,7,38.776,0.000646286365774701,1.5430919678771
"289",336,336,9.1765,14.466,0.0233097329565572,7,38.436,0.000646119647950888,1.45455315365747
"290",337,337,10.57,11.681,0.0233097329565572,7,38.095,0.000645961550687754,1.37747741457045
"291",338,338,10.822,6.5128,0.0233097329565572,7,37.755,0.00064579780945328,1.30221282391909
"292",339,339,11.712,3.4913,0.0233097329565572,7,37.414,0.000645633066814261,1.23157854242368
"293",340,340,12.077,5.5402,0.0233097329565572,7,37.073,0.000645464645494057,1.16392900187056
"294",341,341,10.482,14.788,0.0233097329565572,7,36.733,0.000645294725233731,1.10036154214883
"295",342,342,10.212,17.294,0.0233097329565572,7,36.853,0.000645131515812442,1.04454040900647
"296",343,343,9.0978,16.461,0.0233097329565572,7,36.984,0.000644969456851465,0.99312254298194
"297",344,344,9.6458,8.3087,0.0233097329565572,7,37.095,0.000644811957162197,0.947216038837809
"298",345,345,8.9924,7.0802,0.0233097329565572,7,37.182,0.000644652285634904,0.903530897930282
"299",346,346,11.726,-0.94889,0.0233097329565572,7,37.235,0.000644495285862912,0.863887922952129
"300",347,347,10.789,-0.28491,0.0233097329565572,7,37.297,0.000644327102443406,0.82276894140337
"301",348,348,12.555,-6.9963,0.0233097329565572,7,37.342,0.000644162871512652,0.786038043105217
"302",349,349,13.317,-9.7941,0.0233097329565572,7,37.393,0.000643991262160639,0.749416418856466
"303",350,350,13.931,-9.7824,0.0233097329565572,7,37.448,0.000643816424309766,0.714473895881656
"304",351,351,12.316,-1.5163,0.0233097329565572,7,37.494,0.000643638963882211,0.681373374747855
"305",352,352,11.883,3.3933,0.0233097329565572,7,37.558,0.000643468511345482,0.652891293617813
"306",353,353,12.356,1.5491,0.0233097329565572,7,37.601,0.00064329993534303,0.627055717437611
"307",354,354,10.237,4.5867,0.0233097329565572,7,37.65,0.000643129402733065,0.602589158951831
"308",355,355,12.109,2.1984,0.0233097329565572,7,37.687,0.00064296774455406,0.582268669379998
"309",356,356,10.524,10.783,0.0233097329565572,7,37.723,0.000642798346385011,0.561427678925269
"310",357,357,10.812,11.62,0.0233097329565572,7,37.744,0.000642635595948819,0.543756769094747
"311",358,358,11.824,3.8993,0.0233097329565572,7,37.669,0.000642471701261617,0.52707675595756
"312",359,359,11.12,1.3092,0.0233097329565572,7,37.456,0.000642303634459978,0.510639035912136
"313",360,360,9.7064,5.9614,0.0233097329565572,7,37.502,0.000642138550431698,0.496078628016367
"314",361,361,11.081,2.9531,0.0233097329565572,7,37.458,0.000641979296133058,0.483837399586004
"315",362,362,10.796,7.0963,0.0233097329565572,7,37.317,0.000641814457096354,0.471273811480084
"316",363,363,8.3986,13.312,0.0233097329565572,7,37.348,0.000641650837765723,0.45987272094033
"317",364,364,9.6948,1.7041,0.0233097329565572,7,37.372,0.000641496922729674,0.451245544987767
"318",365,365,9.7562,2.9163,0.0233097329565572,7,37.207,0.000641337874387091,0.442188777110738
"319",366,1,6.1156,0.75038,0.0257554633758755,8,37.075,0.000784699978247886,0.0257554633758755
"320",367,2,5.5357,3.4098,0.0257554633758755,8,37.113,0.000784522524839986,0.0240469985870275
"321",368,3,6.6619,12.69,0.0257554633758755,8,37.142,0.000784347775090718,0.0482305047598502
"322",369,4,7.4765,4.6174,0.0257554633758755,8,37.165,0.000784167865852521,0.0707441798104381
"323",370,5,10.808,-6.8691,0.0257554633758755,8,37.156,0.000783984169372112,0.0916492758642884
"324",371,6,10.203,-4.69,0.0257554633758755,8,37.166,0.000783784245979247,0.110585203400843
"325",372,7,12.216,-2.9393,0.0257554633758755,8,37.191,0.0007835874018588,0.128237186719657
"326",373,8,13.034,-9.0672,0.0257554633758755,8,37.223,0.000783380403905588,0.144127710263199
"327",374,9,13.625,-9.1286,0.0257554633758755,8,37.246,0.000783169208708657,0.158579491773066
"328",375,10,10.296,-3.5317,0.0257554633758755,8,37.283,0.000782954960458327,0.171724855442589
"329",376,11,11.386,-11.049,0.0257554633758755,8,37.305,0.000782757861762283,0.184888091316288
"330",377,12,12.768,-13.651,0.0257554633758755,8,37.341,0.000782555330525402,0.196724950290304
"331",378,13,11.669,-8.7001,0.0257554633758755,8,37.385,0.000782345745785661,0.207171265401875
"332",379,14,11.882,-10.503,0.0257554633758755,8,37.4,0.000782141880799305,0.217232077173459
"333",380,15,11.773,-9.2105,0.0257554633758755,8,37.412,0.000781936980258072,0.226449754474711
"334",381,16,13.961,-7.0592,0.0257554633758755,8,37.421,0.00078173269088828,0.235015379395678
"335",382,17,13.582,1.2975,0.0257554633758755,8,37.429,0.000781517056169612,0.241969381704448
"336",383,18,13.362,8.2356,0.0257554633758755,8,37.444,0.000781303486792024,0.248545389823415
"337",384,19,14.282,6.6079,0.0257554633758755,8,37.475,0.000781091133641457,0.254707228991742
"338",385,20,13.003,5.138,0.0257554633758755,8,37.421,0.000780873967375259,0.259939622286775
"339",386,21,10.885,14.912,0.0257554633758755,8,37.185,0.000780663609653025,0.265385347286171
"340",387,22,9.6515,21.751,0.0257554633758755,8,37.092,0.000780464146763232,0.271446377095934
"341",388,23,9.525,19.254,0.0257554633758755,8,37.088,0.00078027085641545,0.27766118526347
"342",389,24,11.016,9.6396,0.0257554633758755,8,37.139,0.000780078233805478,0.283494075364346
"343",390,25,11.35,5.9307,0.0257554633758755,8,37.174,0.000779878262571805,0.28815382787885
"344",391,26,12.062,3.4415,0.0257554633758755,8,37.203,0.000779676658528893,0.292294172810468
"345",392,27,12.808,-3.1207,0.0257554633758755,8,37.227,0.000779471483450739,0.295743903238866
"346",393,28,13.641,-9.0979,0.0257554633758755,8,37.269,0.000779262517146217,0.298521921353844
"347",394,29,12.596,-9.4109,0.0257554633758755,8,37.305,0.00077904925340367,0.300616857069216
"348",395,30,12.812,-11.321,0.0257554633758755,8,37.325,0.00077884149767229,0.30313835334208
"349",396,31,13.425,-10.405,0.0257554633758755,8,37.355,0.000778632679519081,0.305344145658526
"350",397,32,13.401,-10.34,0.0257554633758755,8,37.373,0.00077842072230011,0.307027676795805
"351",398,33,12.381,-10.321,0.0257554633758755,8,37.342,0.00077820894849398,0.308593486960187
"352",399,34,11.926,-0.5701,0.0257554633758755,8,37.258,0.000778002524322172,0.310626970299988
"353",400,35,8.9289,5.6967,0.0257554633758755,8,37.077,0.000777798483963438,0.312766995476189
"354",401,36,6.5254,16.133,0.0257554633758755,8,36.88,0.000777609364153832,0.316429443914592
"355",402,37,7.1465,21.051,0.0257554633758755,8,36.912,0.000777431631039419,0.321137603388329
"356",403,38,7.615,19.304,0.0257554633758755,8,36.947,0.00077725105718241,0.325199162522607
"357",404,39,8.5285,7.4429,0.0257554633758755,8,36.976,0.000777068330046048,0.328729479892573
"358",405,40,8.7445,1.9205,0.0257554633758755,8,36.999,0.000776881311049311,0.33150340536405
"359",406,41,7.6642,4.0353,0.0257554633758755,8,36.976,0.00077669330154784,0.333960524241074
"360",407,42,7.8484,8.1683,0.0257554633758755,8,36.982,0.000776510474052727,0.3368692019737
"361",408,43,8.4315,1.4789,0.0257554633758755,8,37.001,0.000776326821257719,0.339474395062692
"362",409,44,12.948,-14.427,0.0257554633758755,8,37.011,0.000776140444068504,0.341560902755935
"363",410,45,12.804,-8.4018,0.0257554633758755,8,37.022,0.000775931646520822,0.340721397852875
"364",411,46,9.139,7.8188,0.0257554633758755,8,37.003,0.000775723649861513,0.340038550033735
"365",412,47,8.9291,12.075,0.0257554633758755,8,36.945,0.000775534021404803,0.341666569362877
"366",413,48,8.2538,13.123,0.0257554633758755,8,36.839,0.000775345451231191,0.343305701601945
"367",414,49,7.3181,21.037,0.306315314864839,8,36.814,0.000775160155249183,0.345233008527381
"368",415,50,7.5507,19.609,0.300851795541183,8,36.804,0.000774979309319565,0.628140884201305
"369",416,51,9.9492,6.0258,0.295388276217527,8,36.798,0.000774797417798992,0.886468626199222
"370",417,52,9.1496,2.896,0.289924756893871,8,36.748,0.000774604076694733,1.11858990929678
"371",418,53,8.594,12.885,0.284461237570215,8,36.745,0.000774414670776526,1.33070433734849
"372",419,54,8.52,12.854,0.278997718246559,8,36.753,0.00077422797786466,1.52435821557281
"373",420,55,10.436,1.3999,0.273534198922902,8,36.784,0.000774041682988334,1.70003332065644
"374",421,56,11.694,-7.3342,0.268070679599246,8,36.809,0.000773846137800338,1.85329445152958
"375",422,57,12.888,-11.906,0.26260716027559,8,36.812,0.000773644361445529,1.98668268833774
"376",423,58,12.698,-8.8946,0.257143640951934,8,36.784,0.000773436545010781,2.10117905590793
"377",424,59,11.37,-5.5631,0.251680121628278,8,36.786,0.000773229762402925,2.20283695810418
"378",425,60,10.687,-5.487,0.246216602304622,8,36.786,0.000773029776740038,2.29706994027791
"379",426,61,13.086,-12.952,0.240753082980965,8,36.731,0.000772833246801346,2.38219549211381
"380",427,62,12.778,-7.4321,0.235289563657309,8,36.676,0.00077262462632824,2.44625086275331
"381",428,63,11.423,-2.5503,0.229826044333653,8,36.621,0.000772417649836904,2.50171747216626
"382",429,64,12.586,-9.4782,0.224362525009997,8,36.566,0.000772217608515702,2.5538243813727
"383",430,65,13.216,-9.31,0.218899005686341,8,36.511,0.000772011725844193,2.59181940049639
"384",431,66,10.744,0.64378,0.227281554255748,8,36.456,0.000771802654928145,2.61886605103311
"385",432,67,9.9525,3.911,0.235664102825154,8,36.401,0.000771606154941458,2.66369016827991
"386",433,68,9.3662,0.67741,0.244046651394561,8,36.346,0.000771413594079527,2.71754145671786
"387",434,69,10.308,-2.1745,0.252429199963968,8,36.291,0.000771223925325071,2.77900168558608
"388",435,70,10.547,-1.6202,0.260811748533374,8,36.236,0.000771029720879049,2.84062523404037
"389",436,71,11.25,-6.7067,0.269194297102781,8,36.181,0.000770834390177434,2.90555061691901
"390",437,72,11.283,-0.57156,0.277576845672188,8,36.126,0.000770635623460283,2.97123476682213
"391",438,73,11.644,1.0562,0.285959394241594,8,36.071,0.000770436743330059,3.04086735437607
"392",439,74,12.049,-1.9595,0.294341942811001,8,36.016,0.000770236107207644,3.11249613655206
"393",440,75,13.217,-5.1273,0.302724491380408,8,35.961,0.000770033482212073,3.18567841826677
"394",441,76,14.706,-5.664,0.311107039949814,8,35.907,0.000769824941866572,3.25598635300873
"395",442,77,14.933,-7.9221,0.319489588519221,8,35.852,0.000769608669085548,3.32135792174834
"396",443,78,14.364,-6.132,0.327872137088628,8,35.797,0.000769391251893882,3.38922100519511
"397",444,79,12.98,3.6097,0.336254685658034,8,35.742,0.000769176907099376,3.46419369646994
"398",445,80,11.844,8.3336,0.344637234227441,8,35.687,0.000768969818573873,3.55083685617711
"399",446,81,12.232,8.7972,0.353019782796848,8,35.632,0.000768768560018475,3.64706744480961
"400",447,82,12.911,6.8448,0.366917096013446,8,35.577,0.000768565395681707,3.74313362587354
"401",448,83,12.273,4.0075,0.380814409230045,8,35.522,0.000768358825690583,3.84258726982315
"402",449,84,13.312,-0.11526,0.394711722446643,8,35.467,0.000768155561997155,3.95367036832803
"403",450,85,14.136,-8.3111,0.408609035663242,8,35.412,0.000767947040466967,4.06456858588682
"404",451,86,14.686,-8.7908,0.42250634887984,8,35.357,0.000767734293829518,4.17637304699264
"405",452,87,13.201,-0.89039,0.436403662096439,8,35.302,0.000767518714083971,4.29070561160777
"406",453,88,12.565,0.22111,0.450300975313037,8,35.247,0.000767310937123841,4.42237020518036
"407",454,89,13.099,-2.796,0.464198288529636,8,35.192,0.000767106469453176,4.56431618898759
"408",455,90,14.649,-7.4278,0.478095601746234,8,35.137,0.000766899328155593,4.7072155187686
"409",456,91,14.403,-9.2486,0.491992914962833,8,35.082,0.000766684178091743,4.842585828175
"410",457,92,14.055,-10.326,0.505890228179431,8,35.027,0.000766470382768733,4.98516445607302
"411",458,93,14.163,-6.1203,0.51978754139603,8,34.972,0.000766258468070323,5.13551080899793
"412",459,94,14.552,-6.3367,0.533684854612628,8,34.917,0.000766046048175226,5.28936561661115
"413",460,95,14.051,-2.6863,0.547582167829227,8,34.862,0.000765831648125471,5.44399482982947
"414",461,96,15.66,-4.3346,0.561479481045825,8,34.807,0.000765619930873871,5.60744653598588
"415",462,97,16.188,-3.6838,0.575376794262424,8,34.752,0.00076539976853376,5.75938349250416
"416",463,98,16.621,-7.7963,0.574083802392863,8,34.697,0.000765176827249816,5.9103286023614
"417",464,99,14.573,-0.40045,0.572790810523303,8,34.642,0.00076495160118824,6.04591337567308
"418",465,100,14.013,-0.0904,0.571497818653743,8,34.587,0.000764737397133761,6.19266059027073
"419",466,101,13.129,-4.358,0.570204826784182,8,34.532,0.000764526180098625,6.334994144015
"420",467,102,13.82,-12.849,0.568911834914622,8,34.478,0.000764319582035564,6.47675685053725
"421",468,103,14.739,-12.348,0.567618843045062,8,34.423,0.000764109481943135,6.6017368464223
"422",469,104,12.775,-3.6399,0.566325851175502,8,34.368,0.000763894641196402,6.70812357980823
"423",470,105,12.476,-0.76315,0.565032859305941,8,34.313,0.000763690018605246,6.82837676497198
"424",471,106,13.64,2.3666,0.563739867436381,8,34.258,0.000763486965956392,6.94381423513608
"425",472,107,14.696,3.5776,0.562446875566821,8,34.203,0.000763278024725628,7.03858096068512
"426",473,108,17.274,-3.7072,0.56115388369726,8,34.148,0.000763063643763996,7.11454294347496
"427",474,109,15.581,-5.2618,0.5598608918277,8,34.298,0.000762835472573818,7.15402656553452
"428",475,110,13.145,4.0924,0.55856789995814,8,33.519,0.000762616532534704,7.21022722115689
"429",476,111,13.389,5.1454,0.557274908088579,8,32.426,0.000762410368810026,7.29041629656274
"430",477,112,15.938,-2.717,0.555981916219019,8,32.53,0.000762203012254925,7.36200977836414
"431",478,113,20.613,-16.486,0.554688924349459,8,32.708,0.000761982345489527,7.39769781236984
"432",479,114,19.67,-19.533,0.554229995796146,8,32.887,0.000761735649201208,7.37010813708308
"433",480,115,15.207,-11.809,0.553771067242834,8,32.996,0.000761494462693584,7.35628688167321
"434",481,116,16.026,-14.258,0.553312138689522,8,33.038,0.000761277892091032,7.39901226552132
"435",482,117,14.993,-12.623,0.552853210136209,8,33.1,0.000761057021525852,7.42875650429901
"436",483,118,14.356,-11.845,0.552394281582897,8,33.134,0.000760841704402127,7.4689617264212
"437",484,119,15.119,-11.921,0.551935353029584,8,33.146,0.00076062978307691,7.51413457099717
"438",485,120,14.565,-4.0231,0.551476424476272,8,33.147,0.000760413922932989,7.54695312957962
"439",486,121,15.324,-2.1671,0.551017495922959,8,33.142,0.000760201031313373,7.5842351490768
"440",487,122,15.821,-2.7712,0.550558567369647,8,33.18,0.000759984210174785,7.60955067318616
"441",488,123,14.882,-1.7884,0.550099638816335,8,33.225,0.000759764810654484,7.62671416611904
"442",489,124,13.349,0.51361,0.549640710263022,8,33.273,0.000759550442101737,7.65416798924262
"443",490,125,13.732,1.7363,0.54918178170971,8,33.283,0.000759344067659899,7.69844273479123
"444",491,126,14.332,3.6902,0.548722853156397,8,33.301,0.000759135787824216,7.73514279068301
"445",492,127,14.73,5.6484,0.548263924603085,8,33.316,0.000758924466294297,7.76192374704206
"446",493,128,14.618,1.5973,0.547804996049772,8,33.35,0.000758711130439603,7.78176037402632
"447",494,129,14.946,-3.8519,0.54734606749646,8,33.373,0.000758498439258307,7.80142628645494
"448",495,130,15.505,-4.3784,0.551597851022932,8,33.39,0.00075828409257923,7.81538296726848
"449",496,131,15.221,-1.0147,0.555849634549404,8,33.379,0.000758066861447949,7.8256758637762
"450",497,132,14.494,1.6237,0.560101418075876,8,33.348,0.000757851191940672,7.8432611095904
"451",498,133,14.761,3.7706,0.564353201602348,8,33.336,0.000757639387103842,7.87333079128667
"452",499,134,15.42,3.2558,0.56860498512882,8,33.32,0.000757426250676054,7.90257961015099
"453",500,135,15.954,-0.56864,0.572856768655292,8,33.334,0.000757209714459685,7.92597764033663
"454",501,136,13.933,10.007,0.577108552181764,8,33.237,0.000756990408072537,7.94535315238141
"455",502,137,14.474,13.654,0.581360335708236,8,33.188,0.000756781742298154,7.99384919787842
"456",503,138,13.454,11.374,0.585612119234708,8,33.292,0.000756570340150033,8.03702652314055
"457",504,139,13.853,10.328,0.589863902761181,8,33.296,0.000756364240966574,8.09507960127097
"458",505,140,14.036,10.103,0.594115686287652,8,33.355,0.000756156158452075,8.14914522439513
"459",506,141,14.149,8.6188,0.598367469814125,8,33.33,0.000755947193209546,8.20215343753639
"460",507,142,15.23,1.163,0.602619253340597,8,33.142,0.000755737703934158,8.25504815875019
"461",508,143,16.266,-5.1229,0.606871036867069,8,33.195,0.000755522649814227,8.29502070619507
"462",509,144,15.872,-3.03,0.611122820393541,8,33.222,0.000755302168831708,8.32301846971699
"463",510,145,15.182,-7.7641,0.615374603920013,8,33.195,0.000755083850419145,8.35902922680091
"464",511,146,13.284,-1.5514,0.619626387446485,8,33.041,0.000754869234089464,8.40659427757195
"465",512,147,13.616,3.1827,0.623878170972957,8,33.005,0.000754664461168984,8.48102690800639
"466",513,148,14.574,-1.7957,0.628129954499429,8,33.009,0.000754458056710137,8.55137305317067
"467",514,149,15.3,-6.6102,0.632381738025901,8,33.012,0.000754246785906265,8.60932371803053
"468",515,150,13.893,-3.2231,0.636633521552373,8,33.019,0.000754031788968426,8.6584056331738
"469",516,151,15.832,-8.3214,0.640885305078845,8,32.993,0.00075382414350962,8.72833240815208
"470",517,152,16.077,-9.5732,0.645137088605317,8,32.991,0.000753606464116552,8.77189431332118
"471",518,153,16.541,-6.8413,0.649388872131789,8,33.015,0.000753387548366453,8.81381096074367
"472",519,154,16.773,-4.9503,0.653640655658261,8,33.067,0.000753166221167293,8.8509937163243
"473",520,155,19.865,-9.5747,0.657892439184733,8,33.089,0.000752943714350707,8.88697982824408
"474",521,156,18.912,-7.2757,0.662144222711205,8,33.165,0.000752704208709836,8.87909193955869
"475",522,157,15.481,3.9037,0.666396006237677,8,33.172,0.000752470133258986,8.89037920847475
"476",523,158,16.43,3.9329,0.670647789764149,8,33.061,0.000752254693753758,8.95547268882048
"477",524,159,20.712,-5.3803,0.674899573290621,8,33.008,0.000752034292370631,9.00756649572159
"478",525,160,24.375,-12.089,0.679151356817093,8,32.985,0.00075179024908977,8.99620473346798
"479",526,161,27.174,-18.135,0.683403140343565,8,33.011,0.000751524617435096,8.93077257799114
"480",527,162,27.53,-18.366,0.666844903038004,8,33.059,0.000751241635762238,8.82682640522073
"481",528,163,24.011,-13.111,0.650286665732444,8,33.095,0.000750956486366925,8.70767336807775
"482",529,164,18.202,-0.85382,0.633728428426883,8,33.089,0.000750693358797798,8.6386667267629
"483",530,165,16.267,5.5563,0.617170191121323,8,33.075,0.000750463831075917,8.64627992587877
"484",531,166,15.411,9.9233,0.600611953815762,8,33.061,0.000750244821076962,8.66459356749479
"485",532,167,15.454,8.8411,0.584053716510201,8,33.03,0.000750030384985991,8.67731319073485
"486",533,168,18.002,3.1724,0.567495479204641,8,32.986,0.000749815785298534,8.67217269970819
"487",534,169,17.914,5.3545,0.55093724189908,8,33.029,0.000749587620968282,8.61448781148603
"488",535,170,18.211,4.0792,0.53437900459352,8,33.02,0.000749360006565927,8.54490606731628
"489",536,171,18.364,0.78125,0.517820767287959,8,32.976,0.000749130837185849,8.45858818775227
"490",537,172,18.176,0.86315,0.501262529982398,8,32.961,0.000748900898270701,8.35865106472277
"491",538,173,20.169,-3.3064,0.484704292676838,8,32.878,0.000748672060998022,8.25080200282339
"492",539,174,21.253,-7.3576,0.468146055371277,8,32.834,0.000748432197294868,8.10449978784153
"493",540,175,18.756,-5.0044,0.451587818065717,8,32.823,0.000748186218767323,7.93528404912412
"494",541,176,18.452,-3.4293,0.435029580760156,8,32.772,0.000747954411316357,7.79538393900925
"495",542,177,17.418,4.2225,0.418471343454595,8,32.74,0.0007477243503419,7.65166698588585
"496",543,178,17.265,8.3658,0.428338295277939,8,32.69,0.000747499989780439,7.51381696516553
"497",544,179,17.419,7.5892,0.438205247101282,8,32.643,0.000747276520859412,7.3961565095755
"498",545,180,16.955,8.259,0.448072198924626,8,32.637,0.000747052289279414,7.2935782159478
"499",546,181,16.912,8.0835,0.45793915074797,8,32.669,0.000746830616749649,7.21292682461762
"500",547,182,17.135,9.021,0.467806102571313,8,32.669,0.000746609239838904,7.14758352890074
"501",548,183,16.822,8.417,0.477673054394657,8,32.699,0.000746386735077464,7.0933793792001
"502",549,184,16.73,8.0879,0.487540006218,8,32.638,0.000746165969970433,7.0561656633483
"503",550,185,17.164,7.2279,0.497406958041344,8,31.8,0.000745945760144015,7.03220171791871
"504",551,186,17.881,6.8024,0.507273909864687,8,30.828,0.000745723297708892,7.01435985774173
"505",552,187,17.782,4.945,0.517140861688031,8,31.242,0.000745497035791337,6.99881638595572
"506",553,188,16.993,6.0623,0.527007813511374,8,31.436,0.000745271378972463,6.99531946560997
"507",554,189,16.35,9.587,0.536874765334718,8,31.517,0.000745050032057224,7.01140912870626
"508",555,190,17.432,7.8934,0.546741717158062,8,31.532,0.000744832164152201,7.04403939104805
"509",556,191,19.046,5.2185,0.556608668981405,8,31.581,0.000744608596146848,7.07155957119919
"510",557,192,18.071,3.5059,0.566475620804749,8,31.667,0.000744376298694737,7.08734798542035
"511",558,193,17.291,0.63354,0.576342572628092,8,31.685,0.000744149414927681,7.12408563514932
"512",559,194,17.536,-0.73829,0.581440309641451,8,31.716,0.000743926808377428,7.17796120150044
"513",560,195,17.834,2.1399,0.58653804665481,8,31.76,0.000743702953111454,7.23059515203963
"514",561,196,19.588,-1.2385,0.591635783668169,8,31.784,0.000743477558369461,7.28136156606174
"515",562,197,18.5,-1.49,0.596733520681529,8,31.748,0.000743242609758513,7.31174561606919
"516",563,198,19.992,-3.8812,0.601831257694888,8,31.482,0.000743013735890595,7.35923425558373
"517",564,199,18.966,-1.3365,0.606928994708247,8,31.541,0.000742776678146218,7.38950574694544
"518",565,200,19.669,-2.8545,0.612026731721606,8,31.517,0.000742545392850964,7.4362929941622
"519",566,201,18.664,-0.29807,0.617124468734965,8,31.546,0.000742310288073648,7.47601531549387
"520",567,202,19.28,-2.8194,0.622222205748324,8,31.518,0.000742080805024825,7.5314544916733
"521",568,203,19.557,-3.4,0.627319942761683,8,31.483,0.000741848005049644,7.58041628291253
"522",569,204,18.561,0.18016,0.632417679775042,8,31.509,0.000741613743580136,7.62768060270737
"523",570,205,21.687,-5.7342,0.637515416788401,8,31.536,0.000741385038537098,7.69028363684988
"524",571,206,20,-3.6077,0.64261315380176,8,31.747,0.000741138889225831,7.71148511130031
"525",572,207,18.245,2.8741,0.647710890815119,8,31.856,0.00074090238493943,7.75968687402361
"526",573,208,21.056,-0.99569,0.652808627828478,8,31.947,0.000740675617723972,7.83361382453624
"527",574,209,21.037,-2.9452,0.657906364841837,8,32.062,0.000740433310311387,7.86949499412416
"528",575,210,17.991,5.8561,0.662509490717093,8,32.096,0.000740191190136833,7.90840082893394
"529",576,211,17.518,7.9256,0.667112616592349,8,32.046,0.000739966013859014,7.99145379565004
"530",577,212,18.699,6.7175,0.671715742467604,8,32.068,0.000739743446744475,8.08048568986669
"531",578,213,18.19,11.485,0.67631886834286,8,32.115,0.000739514566285941,8.15257953080689
"532",579,214,18.444,12.081,0.680921994218116,8,32.076,0.000739288521432222,8.23195696769988
"533",580,215,19.225,7.2031,0.685525120093372,8,32.073,0.000739061169414494,8.30760377166709
"534",581,216,19.071,6.564,0.690128245968628,8,32.01,0.000738829619429204,8.37217777154144
"535",582,217,19.563,3.8145,0.694731371843883,8,31.326,0.000738598987765424,8.43961598169138
"536",583,218,19.142,3.13,0.699334497719139,8,31.619,0.000738365719100767,8.50040628689483
"537",584,219,18.198,5.8634,0.703937623594395,8,31.912,0.000738134842830328,8.56822315441847
"538",585,220,18.343,7.2645,0.708540749469651,8,31.894,0.000737909176523464,8.65026953960681
"539",586,221,19.613,4.0529,0.713143875344907,8,31.906,0.000737682795637407,8.72995551940303
"540",587,222,20.196,1.6719,0.717747001220162,8,32.03,0.00073744954010459,8.79067385757054
"541",588,223,20.371,1.6675,0.722350127095418,8,32.236,0.000737213121317829,8.8434717119429
"542",589,224,21.225,-0.034825,0.726953252970674,8,32.505,0.000736975800767931,8.89495060232398
"543",590,225,21.925,-1.5704,0.73155637884593,8,32.832,0.00073673374635779,8.93460756561166
"544",591,226,24.712,-5.0775,0.72711649109755,8,33.205,0.000736487778528385,8.96534191078064
"545",592,227,25.873,-8.6665,0.722676603349171,8,33.591,0.000736225536083169,8.94435456358213
"546",593,228,22.316,-3.9017,0.718236715600791,8,33.947,0.000735956353766238,8.90090874144615
"547",594,229,19.526,1.6339,0.713796827852412,8,34.208,0.000735708397262255,8.91426105044109
"548",595,230,19.636,3.6434,0.709356940104032,8,34.438,0.000735476245230292,8.96580238090222
"549",596,231,18.625,7.7428,0.704917052355653,8,34.728,0.00073524356064749,9.0081200507285
"550",597,232,19.111,7.832,0.700477164607273,8,34.951,0.000735016473591148,9.05889145584884
"551",598,233,20.797,1.9951,0.696037276858894,8,35.18,0.000734786813894092,9.09482229540616
"552",599,234,21.429,-6.1539,0.691597389110514,8,35.371,0.000734547890603314,9.09789142753839
"553",600,235,20.402,-2.6702,0.687157501362135,8,35.648,0.000734305478203438,9.08628739208224
"554",601,236,20.036,1.8957,0.682717613613755,8,36.121,0.000734068920886778,9.08722157874969
"555",602,237,20.493,4.0543,0.678277725865376,8,36.38,0.00073383447334402,9.08938760786792
"556",603,238,20.977,2.9911,0.673837838116996,8,36.594,0.000733597560367758,9.0798232135327
"557",604,239,20.261,4.7154,0.669397950368617,8,37.122,0.000733358013051945,9.0587694343156
"558",605,240,19.544,9.8224,0.664958062620237,8,37.299,0.000733122545106296,9.04582760428787
"559",606,241,21.407,10.393,0.660518174871858,8,37.473,0.000732891110299101,9.04035762449829
"560",607,242,20.223,12.364,0.658922865373191,8,37.617,0.000732649369174058,9.00161626075208
"561",608,243,21.901,8.9581,0.657327555874525,8,37.699,0.000732414339569327,8.98227032170573
"562",609,244,21.797,9.35,0.655732246375859,8,37.804,0.000732169950690263,8.93613435208333
"563",610,245,19.975,12.263,0.654136936877192,8,37.87,0.000731926235602702,8.89297672103868
"564",611,246,19.371,12.045,0.652541627378526,8,37.929,0.000731692809119303,8.8792854986796
"565",612,247,19.307,9.1307,0.65094631787986,8,37.989,0.000731462771546766,8.87402947731205
"566",613,248,18.692,12.728,0.649351008381193,8,38.065,0.000731233155410172,8.86846260833292
"567",614,249,18.816,12.528,0.647755698882527,8,38.171,0.000731006945836673,8.87088799976991
"568",615,250,18.641,12.954,0.646160389383861,8,38.203,0.000730780136930027,8.86971590223654
"569",616,251,18.341,10.685,0.644565079885195,8,38.226,0.000730554342286075,8.8696398618991
"570",617,252,18.474,9.2535,0.642969770386528,8,38.332,0.000730330228479288,8.87245018409815
"571",618,253,18.097,8.5559,0.641374460887862,8,38.399,0.000730105470417697,8.8715176638218
"572",619,254,19.947,7.8598,0.639779151389195,8,38.489,0.000729882797782302,8.87465311151108
"573",620,255,22.426,3.9403,0.638183841890529,8,38.598,0.000729650177009693,8.84814777786282
"574",621,256,24.698,1.0781,0.636588532391863,8,38.695,0.000729403715493472,8.7830924444628
"575",622,257,20.837,5.6075,0.634993222893196,8,38.775,0.000729144078711851,8.6841585163933
"576",623,258,18.921,7.8875,0.636194855305013,8,38.838,0.000728906767231793,8.65104373523745
"577",624,259,19.236,9.1204,0.63739648771683,8,38.928,0.000728680043716897,8.64986561351465
"578",625,260,18.505,11.962,0.638598120128646,8,39.004,0.00072845168650074,8.6453093523002
"579",626,261,19.275,7.3713,0.639799752540463,8,39.117,0.00072822734056354,8.65298119355101
"580",627,262,18.452,7.9504,0.64100138495228,8,39.216,0.000727998913716303,8.65006225891835
"581",628,263,19.884,5.334,0.642203017364097,8,39.306,0.000727774990788894,8.66062967869096
"582",629,264,21.035,3.3538,0.643404649775913,8,39.409,0.000727543387065882,8.65057783370474
"583",630,265,19.061,5.824,0.64460628218773,8,39.559,0.00072730549303342,8.62496660794834
"584",631,266,20.246,3.9359,0.645807914599547,8,39.696,0.000727078512706568,8.63170666660635
"585",632,267,23.596,1.1747,0.647009547011363,8,39.763,0.000726845143590709,8.62161364523076
"586",633,268,25.684,-4.2848,0.64821117942318,8,39.834,0.000726592887145614,8.56171296330996
"587",634,269,22.219,3.2777,0.649412811834997,8,39.899,0.000726328365594314,8.47362652366637
"588",635,270,17.802,12.581,0.650614444246813,8,39.947,0.000726084204710088,8.44730492077353
"589",636,271,15.664,20.338,0.65181607665863,8,39.986,0.000725864318539285,8.48884253808151
"590",637,272,14.493,28.276,0.653017709070447,8,40.046,0.000725655568026415,8.55904400073151
"591",638,273,14.606,29.69,0.654219341482263,8,40.166,0.000725452766221096,8.64256454715123
"592",639,274,14.316,28.977,0.651179247071198,8,40.25,0.00072524945826279,8.72121261115252
"593",640,275,15.447,25.881,0.648139152660133,8,40.361,0.00072504764906139,8.796553069708
"594",641,276,14.731,23.754,0.645099058249068,8,40.21,0.000724840232865761,8.84902216553668
"595",642,277,15.526,23.264,0.642058963838002,8,40.059,0.000724636473190988,8.90565000644613
"596",643,278,17.112,18.026,0.639018869426937,8,39.908,0.000724428775068857,8.94492840607085
"597",644,279,19.335,10.562,0.635978775015872,8,39.756,0.000724213000177723,8.95602074705443
"598",645,280,20.266,6.8887,0.632938680604807,8,39.605,0.000723985508664703,8.93015055983824
"599",646,281,18.685,7.6579,0.629898586193741,8,39.454,0.000723753022639041,8.88851678606961
"600",647,282,16.709,11,0.626858491782676,8,39.303,0.000723529164437387,8.87040916887287
"601",648,283,18.43,16.015,0.623818397371611,8,39.151,0.000723315743567554,8.87944273112178
"602",649,284,17.324,18.505,0.620778302960545,8,39,0.000723093377996259,8.85960430876092
"603",650,285,17.257,15.696,0.61773820854948,8,38.849,0.000722876898305712,8.85421775388984
"604",651,286,15.622,17.597,0.614698114138415,8,38.698,0.000722660832204229,8.84707886599002
"605",652,287,14.596,21.149,0.611658019727349,8,38.546,0.000722453215398843,8.86084973481528
"606",653,288,14.398,22.292,0.608617925316284,8,38.395,0.000722250797710645,8.88528788652688
"607",654,289,15.057,17.904,0.605577830905219,8,38.244,0.000722049417675157,8.90814250240055
"608",655,290,16.58,12.942,0.602817054494465,8,38.093,0.000721844816582624,8.91746461412248
"609",656,291,14.912,17.913,0.600056278083711,8,37.941,0.000721632555685889,8.90167794280198
"610",657,292,15.046,14.973,0.597295501672957,8,37.79,0.000721428796642283,8.9078768023102
"611",658,293,16.334,11.642,0.594534725262203,8,37.639,0.00072122442637744,8.90908659948433
"612",659,294,18.226,8.7958,0.591773948851449,8,37.488,0.000721013607314623,8.88905146976104
"613",660,295,20.021,5.2375,0.589013172440695,8,37.336,0.000720793027697995,8.83964588458677
"614",661,296,20.834,1.4774,0.586252396029942,8,37.185,0.000720562901793168,8.7633784417266
"615",662,297,22.877,3.0554,0.583491619619187,8,37.034,0.000720328399723654,8.67661630888154
"616",663,298,21.011,7.7566,0.580730843208434,8,36.883,0.000720082526426287,8.56089922603818
"617",664,299,17.818,7.051,0.57797006679768,8,36.731,0.000719847204545568,8.4786370751952
"618",665,300,16.932,13.356,0.575209290386926,8,36.58,0.000719629123492254,8.44545566074646
"619",666,301,15.058,27.767,0.572448513976172,8,36.429,0.000719415706705929,8.42394496495965
"620",667,302,14.582,27.169,0.569687737565418,8,36.278,0.000719211846922071,8.42665254814074
"621",668,303,14.553,32.708,0.566926961154664,8,36.126,0.000719010406582919,8.43286028151091
"622",669,304,13.882,32.867,0.56416618474391,8,35.975,0.000718809165870064,8.43635667265452
"623",670,305,13.826,29.146,0.561405408333156,8,35.824,0.000718611273678305,8.44585516781766
"624",671,306,14.575,23.583,0.562210681870499,8,35.673,0.00071841370888979,8.45282532011531
"625",672,307,15.25,16.303,0.563015955407842,8,35.521,0.000718212526641867,8.45021845418897
"626",673,308,14.617,13.664,0.563821228945185,8,35.37,0.000718008050926991,8.43943338636642
"627",674,309,13.91,14.478,0.564626502482528,8,35.219,0.000717806775061685,8.43860506929874
"628",675,310,12.96,13.575,0.565431776019871,8,35.068,0.000717609022423786,8.4480712280992
"629",676,311,12.321,16.943,0.566237049557215,8,34.916,0.000717415913536345,8.47035714655849
"630",677,312,11.351,17.388,0.567042323094557,8,34.765,0.000717225899258619,8.5006049511725
"631",678,313,12.619,16.176,0.567847596631901,8,34.614,0.00071704048663685,8.54259873146114
"632",679,314,13.699,12.674,0.568652870169244,8,34.463,0.000716849157913465,8.56682527898821
"633",680,315,15.725,12.18,0.569458143706587,8,34.312,0.000716652694007355,8.57626555474457
"634",681,316,16.293,12.538,0.57026341724393,8,34.16,0.000716446286428413,8.55837642911941
"635",682,317,13.987,14.856,0.571068690781273,8,34.009,0.000716237072041711,8.53438907125086
"636",683,318,15.093,14.529,0.571873964318616,8,33.858,0.000716039377195316,8.54411910644242
"637",684,319,15.59,13.349,0.572679237855959,8,33.707,0.000715836300493336,8.53913756252971
"638",685,320,15.026,10.034,0.573484511393302,8,33.555,0.000715630804553181,8.52840973430824
"639",686,321,15.908,7.3406,0.574289784930645,8,33.739,0.000715428175885258,8.52681988956131
"640",687,322,16.049,2.6576,0.548004017690662,8,33.743,0.000715221201926799,8.51399756815389
"641",688,323,14.55,-2.6922,0.521718250450679,8,33.695,0.000715013577923015,8.47365811685992
"642",689,324,14.2,-4.7967,0.495432483210695,8,33.68,0.00071481347059271,8.42975736003961
"643",690,325,13.705,9.0839,0.469146715970712,8,33.689,0.000714615131708712,8.36664915548778
"644",691,326,13.178,20.383,0.442860948730729,8,33.714,0.000714419251071881,8.28721340346678
"645",692,327,13.404,24.175,0.416575181490746,8,33.738,0.000714225958930015,8.1926074397146
"646",693,328,13.102,25.035,0.390289414250763,8,33.76,0.000714031635253509,8.07386503567732
"647",694,329,12.442,24.649,0.364003647010779,8,33.793,0.000713838811381207,7.93905999358968
"648",695,330,9.8584,23.267,0.337717879770796,8,33.781,0.000713649173908609,7.79339534252495
"649",696,331,7.5795,19.586,0.311432112530813,8,33.763,0.000713471500888475,7.65984706100501
"650",697,332,6.6972,23.421,0.28514634529083,8,33.782,0.00071330392125246,7.53226370638429
"651",698,333,7.0696,28.038,0.258860578050847,8,33.774,0.000713140157831675,7.39397249844495
"652",699,334,9.0845,23.387,0.232574810810863,8,33.75,0.000712974845854497,7.23198366475066
"653",700,335,13.251,12.554,0.20628904357088,8,33.697,0.000712800798460195,7.030186224325
"654",701,336,13.766,11.953,0.180003276330897,8,33.768,0.000712607595290986,6.76698211498317
"655",702,337,12.892,8.5881,0.153717509090914,8,33.83,0.000712411970744137,6.4867630829011
"656",703,338,12.917,2.8039,0.0257554633758755,8,33.86,0.000712220583556616,6.20575756140254
"657",704,339,13.29,6.5128,0.0257554633758755,8,33.886,0.000712029129048992,5.81272632009056
"658",705,340,15.87,1.9893,0.0257554633758755,8,33.922,0.000711835948649564,5.43913271733601
"659",706,341,16.128,3.1242,0.0257554633758755,8,33.955,0.000711630204049765,5.06411699840905
"660",707,342,14.373,7.7676,0.0257554633758755,8,33.988,0.000711423225969619,4.71118792626986
"661",708,343,12.806,13.972,0.0257554633758755,8,33.999,0.000711224986667175,4.39620802959229
"662",709,344,13.097,16.276,0.0257554633758755,8,33.997,0.00071103432583472,4.11345527545673
"663",710,345,15.11,13.834,0.0257554633758755,8,33.995,0.00071084233517411,3.84656360888647
"664",711,346,16.737,11.269,0.0257554633758755,8,34.011,0.000710640648633548,3.58334903629199
"665",712,347,14.841,9.8575,0.0257554633758755,8,34.025,0.000710430887618663,3.32760643818275
"666",713,348,12.678,12.078,0.0257554633758755,8,33.993,0.000710230639770368,3.10185040887873
"667",714,349,10.568,20.189,0.0257554633758755,8,33.945,0.000710040849967377,2.90376746827434
"668",715,350,9.3154,26.017,0.0257554633758755,8,33.92,0.000709860874710243,2.72948863196256
"669",716,351,9.9059,20.649,0.0257554633758755,8,33.896,0.000709686565457505,2.57213860260064
"670",717,352,12.476,9.7361,0.0257554633758755,8,33.903,0.000709509666139787,2.42213556532441
"671",718,353,13.845,10.52,0.0257554633758755,8,33.923,0.000709321019152235,2.27102819520086
"672",719,354,12.132,13.998,0.0257554633758755,8,33.949,0.000709125917121869,2.12476267092311
"673",720,355,12.595,9.1248,0.0257554633758755,8,33.934,0.000708938981487388,1.99551445323012
"674",721,356,11.819,9.9248,0.0257554633758755,8,33.925,0.000708749927356358,1.87358065589904
"675",722,357,8.5517,19.171,0.0257554633758755,8,33.904,0.000708564545746137,1.76283507986487
"676",723,358,9.0781,20.253,0.0257554633758755,8,33.883,0.000708393912461007,1.66972679452233
"677",724,359,10.712,14.434,0.0257554633758755,8,33.876,0.000708221011545656,1.58115028036795
"678",725,360,9.7885,21.275,0.0257554633758755,8,33.878,0.000708040844677713,1.4939467109665
"679",726,361,8.0967,28.382,0.0257554633758755,8,33.877,0.000707864880085017,1.4151339187433
"680",727,362,8.5595,28.045,0.0257554633758755,8,33.862,0.000707696391341626,1.34571178393264
"681",728,363,10.526,18.178,0.0257554633758755,8,33.858,0.000707525933108841,1.27974940132286
"682",729,364,11.12,14.634,0.0257554633758755,8,33.872,0.000707346785228844,1.21379510647684
"683",730,365,11.34,13.621,0.0257554633758755,8,33.885,0.000707164983902786,1.15114693111487
"684",731,1,11.396,9.9804,0.0354538884871083,9,33.871,0.000887990617590824,0.0354538884871083
"685",732,2,11.374,8.6963,0.0354538884871083,9,33.855,0.00088776080075381,0.0327737375239778
"686",733,3,10.793,12.705,0.0354538884871083,9,33.864,0.000887531170128438,0.065751234066243
"687",734,4,11.523,16.45,0.0354538884871083,9,33.854,0.000887304926759091,0.0963111014952013
"688",735,5,10.407,22.488,0.0354538884871083,9,33.861,0.000887074555173362,0.12447344934989
"689",736,6,10.034,22.176,0.0354538884871083,9,33.859,0.000886850618681023,0.150763739545584
"690",737,7,9.6261,16.203,0.0354538884871083,9,33.852,0.000886628840308398,0.175227284237676
"691",738,8,11.499,10.409,0.0354538884871083,9,33.851,0.000886409398704515,0.1980431767153
"692",739,9,11.088,12.392,0.0354538884871083,9,33.88,0.00088617939798443,0.218552229332039
"693",740,10,9.526,21.359,0.0354538884871083,9,33.869,0.000885951816440086,0.237686661484896
"694",741,11,10.949,17.028,0.0354538884871083,9,33.851,0.000885733099213808,0.256067953919785
"695",742,12,9.3959,17.541,0.0354538884871083,9,33.858,0.00088550642589987,0.272484498728492
"696",743,13,10.558,12.368,0.0354538884871083,9,33.856,0.000885288540428241,0.288446790226858
"697",744,14,10.388,9.1599,0.0354538884871083,9,33.865,0.000885064201459711,0.302678128003934
"698",745,15,7.5039,8.3014,0.0354538884871083,9,33.863,0.00088484087964962,0.315963184398887
"699",746,16,8.7764,2.156,0.0354538884871083,9,33.839,0.000884633453408023,0.329877864281364
"700",747,17,8.5789,15.215,0.0354538884871083,9,33.813,0.000884419192774196,0.342128323235543
"701",748,18,9.0756,15.052,0.0354538884871083,9,33.828,0.000884206062742365,0.353642373887051
"702",749,19,8.6911,11.283,0.0354538884871083,9,33.837,0.000883990264331323,0.36405176444851
"703",750,20,9.9923,7.0846,0.0354538884871083,9,33.797,0.000883776625629094,0.373975326038008
"704",751,21,12.235,5.6075,0.0354538884871083,9,33.789,0.000883555849232009,0.382353578350388
"705",752,22,12.972,5.5768,0.0354538884871083,9,33.805,0.000883322332329177,0.38857533926825
"706",753,23,11.65,7.2835,0.0354538884871083,9,33.828,0.000883084559180201,0.393793161059651
"707",754,24,12.596,4.2079,0.0354538884871083,9,33.801,0.000882854552931543,0.399573211616528
"708",755,25,14.009,-1.1141,0.0354538884871083,9,33.795,0.000882619114566167,0.404224613622268
"709",756,26,13.688,0.57796,0.0354538884871083,9,33.79,0.000882375363156241,0.407445655753515
"710",757,27,11.772,6.1442,0.0354538884871083,9,34,0.000882133599824699,0.410661142539738
"711",758,28,12.631,1.084,0.0354538884871083,9,34,0.000881903138797283,0.415091931076924
"712",759,29,11.275,0.33519,0.0354538884871083,9,34,0.000881667749387843,0.418532916117777
"713",760,30,12.475,-2.5869,0.0354538884871083,9,34,0.000881440260575759,0.422755277159791
"714",761,31,13.049,-0.91817,0.0354538884871083,9,34,0.000881205905917348,0.42573429516746
"715",762,32,12.812,-1.9331,0.0354538884871083,9,34,0.000880968249137312,0.428031328102872
"716",763,33,11.974,-5.4315,0.0354538884871083,9,34,0.000880732049406131,0.430341154191709
"717",764,34,9.2273,4.3717,0.0354538884871083,9,34,0.00088050078989818,0.433142261271413
"718",765,35,9.9515,11.506,0.0354538884871083,9,34,0.000880285063662218,0.43786998129768
"719",766,36,9.6196,13.553,0.0354538884871083,9,34,0.000880065386635092,0.441706717557802
"720",767,37,11.446,9.6031,0.0354538884871083,9,34,0.000879847605439692,0.445529098767068
"721",768,38,11.306,10.502,0.0354538884871083,9,34,0.000879619610408032,0.447621710483938
"722",769,39,11.81,7.0949,0.0354538884871083,9,34,0.000879392473418888,0.449673482985523
"723",770,40,13.339,12.928,0.0354538884871083,9,34,0.000879162510086829,0.451160264004776
"724",771,41,13.083,20.093,0.0354538884871083,9,34,0.000878923695427244,0.451254698863648
"725",772,42,13.897,16.214,0.0354538884871083,9,34,0.000878686454295978,0.451558748672748
"726",773,43,11.612,12.336,0.0354538884871083,9,34,0.000878444457567368,0.451145871703007
"727",774,44,9.649,8.457,0.0354538884871083,9,34,0.000878215877439643,0.452686210884212
"728",775,45,11.377,4.5784,0.0354538884871083,9,34,0.000877998391639037,0.455708095992869
"729",776,46,10.508,0.6999,0.0354538884871083,9,34,0.000877771269094844,0.45710477507477
"730",777,47,11.744,-3.1787,0.0354538884871083,9,34,0.000877549115482835,0.459115523787484
"731",778,48,15.836,-9.2622,0.0354538884871083,9,34,0.000877320012689337,0.459953098671099
"732",779,49,19.268,-3.0797,0.28356892177646,9,34,0.000877066647163412,0.457159374633559
"733",780,50,17.939,2.4339,0.277337648930656,9,34,0.000876791578874592,0.699541793337613
"734",781,51,19.567,2.36,0.271106376084852,9,34,0.000876525179065213,0.91614892830409
"735",782,52,20.914,-1.833,0.264875103239047,9,34,0.000876248323516033,1.10512735011899
"736",783,53,21.519,-1.2955,0.258643830393243,9,34,0.0008759626183145,1.26832384991854
"737",784,54,19.363,6.8799,0.252412557547439,9,34,0.000875672927476761,1.40914853720771
"738",785,55,18.963,4.994,0.246181284701634,9,34,0.000875397676152595,1.53740302060267
"739",786,56,24.039,-0.60739,0.23995001185583,9,34,0.000875125114902551,1.64980544277257
"740",787,57,20.884,-1.8366,0.233718739010026,9,34,0.000874818282398834,1.72911488510841
"741",788,58,15.252,-6.8749,0.227487466164221,9,34,0.000874533244391296,1.80635000349493
"742",789,59,14.749,-10.664,0.221256193318417,9,34,0.000874284251899743,1.89070068022244
"743",790,60,11.375,-6.7258,0.215024920472613,9,34,0.000874038373660464,1.96422728658626
"744",791,61,11.52,-8.1005,0.208793647626808,9,34,0.000873812286843208,2.03800420835805
"745",792,62,15.925,-11.024,0.202562374781004,9,34,0.000873585435411467,2.09999758874428
"746",793,63,15.675,-11.853,0.196331101935199,9,34,0.000873332602017314,2.13472365819863
"747",794,64,15.264,-9.4796,0.190099829089395,9,34,0.000873081374020672,2.16159373606059
"748",795,65,12.88,-3.5931,0.183868556243591,9,34,0.000872832722064932,2.18187375715589
"749",796,66,12.685,-4.766,0.221764594323784,9,34,0.000872598308201269,2.20390102852811
"750",797,67,10.737,0.99624,0.259660632403977,9,34,0.000872365089509902,2.26304622402602
"751",798,68,11.466,3.7121,0.29755667048417,9,34,0.000872143025630987,2.36367338528118
"752",799,69,13.146,5.9424,0.335452708564363,9,34,0.000871916913756182,2.49256677678566
"753",800,70,15.12,1.0906,0.373348746644557,9,34,0.000871681196232127,2.64337275432902
"754",801,71,15.292,-1.2099,0.41124478472475,9,34,0.000871433814629341,2.8122129980974
"755",802,72,14.52,-5.7898,0.449140822804943,9,34,0.00087118546221321,3.00590162901825
"756",803,73,14.112,-7.4819,0.487036860885136,9,34,0.000870941827242932,3.22780597309649
"757",804,74,11.754,2.684,0.524932898965329,9,34,0.000870700690109076,3.47449464651765
"758",805,75,10.817,6.1779,0.562828937045522,9,34,0.000870473318369643,3.75644553461723
"759",806,76,9.7011,3.171,0.600724975125715,9,34,0.000870251289123343,4.06423661170693
"760",807,77,10.006,1.8562,0.638621013205909,9,34,0.00087003549052096,4.39844355209736
"761",808,78,10.961,-0.12404,0.676517051286102,9,34,0.000869818071377175,4.74874914708242
"762",809,79,12.538,1.571,0.714413089366295,9,34,0.000869595403767228,5.10923168901792
"763",810,80,13.074,4.7285,0.752309127446488,9,34,0.000869363835642816,5.47330212320432
"764",811,81,13.33,4.2196,0.790205165526681,9,34,0.000869129227268067,5.84860818523153
"765",812,82,13.882,0.33519,0.786650117709226,9,34,0.000868893190599217,6.23694203431547
"766",813,83,12.529,4.9816,0.78309506989177,9,34,0.000868653979454285,6.593142180145
"767",814,84,12.116,5.4671,0.779540022074314,9,34,0.00086842271381428,6.93928127191446
"768",815,85,10.914,5.3954,0.775984974256859,9,34,0.000868193876679446,7.2670026406593
"769",816,86,10.413,4.6934,0.772429926439403,9,34,0.000867971887497205,7.58678912283755
"770",817,87,11.699,5.0371,0.768874878621948,9,34,0.000867752740152419,7.89204786638314
"771",818,88,12.581,2.6942,0.765319830804492,9,34,0.00086752644983862,8.16280065383878
"772",819,89,13.788,-3.7335,0.761764782987037,9,34,0.000867295185434976,8.40487486063679
"773",820,90,14.399,-2.0706,0.758209735169581,9,34,0.000867056966950405,8.61490935270077
"774",821,91,14.35,-10.68,0.754654687352126,9,34,0.000866815205726412,8.80187269786991
"775",822,92,13.07,-18.992,0.75109963953467,9,34,0.000866573802631851,8.97589383798047
"776",823,93,12.305,-17.56,0.747544591717215,9,34,0.000866339970365044,9.15488424920479
"777",824,94,12.499,-13.841,0.743989543899759,9,34,0.000866110603646236,9.33175431514432
"778",825,95,12.756,-7.0139,0.740434496082303,9,34,0.000865880187204002,9.49349404288236
"779",826,96,12.277,-6.0779,0.736879448264848,9,34,0.000865648355442875,9.63993184332835
"780",827,97,9.4385,6.7117,0.733324400447393,9,34,0.000865419331698516,9.78242195502685
"781",828,98,11.4,7.9153,0.729769352629937,9,34,0.00086520615800458,9.95466332786321
"782",829,99,13.554,0.95967,0.726214304812481,9,34,0.000864982215445339,10.0875046149902
"783",830,100,15.063,-0.01435,0.722659256995026,9,34,0.000864746000530545,10.1782766822382
"784",831,101,14.812,0.33665,0.71910420917757,9,34,0.000864500928778708,10.2375313729936
"785",832,102,13.422,0.14068,0.715549161360115,9,34,0.000864257426481331,10.2941491524891
"786",833,103,14.091,-2.6629,0.711994113542659,9,34,0.000864022178193844,10.3660548049954
"787",834,104,15.168,-4.0845,0.708439065725204,9,34,0.000863783080493594,10.4204234071899
"788",835,105,16.627,-6.2066,0.704884017907748,9,34,0.000863537652707221,10.4513866243893
"789",836,106,16.544,-12.081,0.701328970090293,9,34,0.000863283437746107,10.4534369648043
"790",837,107,14.297,-11.264,0.697773922272837,9,34,0.00086302980737387,10.4531926463019
"791",838,108,14.599,-9.6069,0.694218874455382,9,34,0.000862789771287456,10.4857425960936
"792",839,109,15.2,-6.0047,0.690663826637926,9,34,0.000862548016190698,10.5082980718841
"793",840,110,14.859,-5.0717,0.687108778820471,9,34,0.000862302747695215,10.5164930302612
"794",841,111,14.611,-1.9522,0.683553731003015,9,34,0.000862059584893919,10.5262201676189
"795",842,112,14.424,1.3341,0.679998683185559,9,34,0.000861817963302477,10.5358876839446
"796",843,113,15.322,-1.5675,0.676443635368104,9,34,0.000861577515300282,10.5445123489147
"797",844,114,15.237,-6.5634,0.647276280594851,9,34,0.000861331792020617,10.5346650317056
"798",845,115,16.775,-12.359,0.618108925821597,9,34,0.000861086647969795,10.4975317842061
"799",846,116,17.479,-15.379,0.588941571048344,9,34,0.000860832246099625,10.4079225430599
"800",847,117,14.769,-11.143,0.559774216275091,9,34,0.00086057356746683,10.2822160018977
"801",848,118,15.408,-9.446,0.530606861501838,9,34,0.000860331426526386,10.177907133559
"802",849,119,16.431,-15.333,0.501439506728585,9,34,0.000860085543323019,10.0396823690076
"803",850,120,13.93,-11.981,0.472272151955332,9,34,0.000859833542738444,9.86331594566782
"804",851,121,14.18,-16.675,0.443104797182079,9,34,0.000859596545599788,9.70571243523257
"805",852,122,14.767,-22.376,0.413937442408825,9,34,0.000859358151148425,9.52323291742051
"806",853,123,15.728,-15.691,0.384770087635572,9,34,0.000859116364037198,9.31231331869923
"807",854,124,14.27,-5.177,0.355602732862319,9,34,0.000858868906570088,9.06920497225896
"808",855,125,14.808,-1.879,0.326435378089066,9,34,0.00085863018623138,8.83107090752629
"809",856,126,14.542,0.81635,0.297268023315813,9,34,0.00085838836122282,8.56892722435673
"810",857,127,15.995,0.041225,0.26810066854256,9,34,0.000858148175462002,8.29549586013463
"811",858,128,18.187,-8.197,0.238933313769306,9,34,0.000857899387183836,7.98837924600811
"812",859,129,18.581,-10.138,0.209765958996053,9,34,0.000857637174891187,7.64034652298167
"813",860,130,14.25,-2.1628,0.218945306650959,9,34,0.000857372563329823,7.27924566152942
"814",861,131,14.959,-1.7342,0.228124654305865,9,34,0.000857134376027041,7.00303551395578
"815",862,132,16.154,-3.0563,0.237304001960771,9,34,0.000856892078445587,6.74371256104895
"816",863,133,15.35,-1.4066,0.246483349615676,9,34,0.000856642693598835,6.49536773080117
"817",864,134,15.514,-1.5748,0.255662697270582,9,34,0.00085639821076621,6.28032224629456
"818",865,135,16.599,-3.5763,0.264842044925488,9,34,0.000856152818369887,6.08582518568877
"819",866,136,16.813,-5.7532,0.274021392580394,9,34,0.000855900948037994,5.90117736552426
"820",867,137,18.114,-11.242,0.283200740235299,9,34,0.000855647846024731,5.73531066753967
"821",868,138,19.403,-14.176,0.292380087890205,9,34,0.000855386778397115,5.57613626079948
"822",869,139,16.938,-9.0833,0.301559435545111,9,34,0.000855117648286408,5.42378265283199
"823",870,140,15.96,-1.2955,0.310738783200017,9,34,0.000854864013647353,5.3153963414701
"824",871,141,16.118,0.96991,0.319918130854923,9,34,0.000854616388114468,5.23252769097153
"825",872,142,16.752,-3.343,0.329097478509828,9,34,0.000854367882748406,5.16278387125752
"826",873,143,15.981,-2.1993,0.338276826164734,9,34,0.000854115606116887,5.10101071817489
"827",874,144,17.11,-2.0969,0.34745617381964,9,34,0.000853868071123766,5.05948859961561
"828",875,145,19.552,-6.9086,0.356635521474546,9,34,0.000853613754341082,5.01974234033468
"829",876,146,23.239,-14.914,0.380554505069317,9,34,0.000853344231339034,4.96944896119008
"830",877,147,24.205,-18.48,0.404473488664089,9,34,0.000853050504051396,4.91143595786977
"831",878,148,22.486,-15.761,0.428392472258861,9,34,0.000852750267955694,4.87239557611545
"832",879,149,17.656,-6.9875,0.452311455853633,9,34,0.00085246182369723,4.87705169026103
"833",880,150,18.492,-6.793,0.476230439448405,9,34,0.000852204568598817,4.94972505254701
"834",881,151,19.768,-5.566,0.500149423043177,9,34,0.000851942191159562,5.03376603628544
"835",882,152,17.571,1.4131,0.524068406637949,9,34,0.000851671816144219,5.12395192148691
"836",883,153,18.344,0.87631,0.547987390232721,9,34,0.00085141532367386,5.25223179700577
"837",884,154,22.454,-5.4885,0.571906373827493,9,34,0.000851154114359645,5.38838697399465
"838",885,155,24.458,-9.4855,0.595825357422265,9,34,0.000850866424032712,5.4975899005522
"839",886,156,21.154,-7.4044,0.619744341017036,9,34,0.000850565212679566,5.60089223735524
"840",887,157,16.765,7.0993,0.643663324611808,9,34,0.000850286315239953,5.75592145333929
"841",888,158,15.763,16.475,0.66758230820658,9,34,0.000850035164933587,5.96958427005294
"842",889,159,14.836,21.876,0.691501291801352,9,34,0.000849790114597915,6.20371273729643
"843",890,160,16.097,17.438,0.715420275396124,9,34,0.000849550615160048,6.4568777048155
"844",891,161,18.325,9.0751,0.739339258990896,9,34,0.000849303708692365,6.7049333328717
"845",892,162,18.533,1.1118,0.74193666847403,9,34,0.00084904326551287,6.93584099156362
"846",893,163,17.83,-2.2915,0.744534077957165,9,34,0.000848781605393266,7.15200976947173
"847",894,164,15.709,3.3494,0.747131487440299,9,34,0.000848524389059716,7.36572229778053
"848",895,165,15.803,3.1797,0.749728896923433,9,34,0.000848280095454285,7.59514589725687
"849",896,166,16.627,0.83683,0.752326306406568,9,34,0.000848035313021935,7.81254745624297
"850",897,167,16.58,1.6529,0.754923715889702,9,34,0.000847785661758548,8.00923429480288
"851",898,168,16.137,1.043,0.757521125372836,9,34,0.000847536367550043,8.19759050276871
"852",899,169,19.757,-3.8739,0.760118534855971,9,34,0.000847289807256437,8.38356938031801
"853",900,170,22.88,-9.4109,0.762715944339105,9,34,0.000847020978740104,8.51037753749246
"854",901,171,18.831,-2.505,0.765313353822239,9,34,0.000846731840748411,8.58478350054767
"855",902,172,17.752,1.5183,0.767910763305374,9,34,0.000846469032099912,8.71802223464498
"856",903,173,18.273,1.922,0.770508172788508,9,34,0.000846212996141044,8.86170640899076
"857",904,174,19.301,0.0266,0.773105582271642,9,34,0.000845953823148327,8.99193633755644
"858",905,175,18.914,-0.50867,0.775702991754777,9,34,0.000845688304556548,9.1015667015397
"859",906,176,19.532,-4.6154,0.778300401237911,9,34,0.000845425300464683,9.21322538119902
"860",907,177,18.95,-4.2995,0.780897810721045,9,34,0.000845158489441962,9.31129999919188
"861",908,178,18.934,-2.4977,0.773439227736854,9,34,0.000844895424778751,9.41530028753125
"862",909,179,18.627,-2.4904,0.765980644752663,9,34,0.000844632542134436,9.50603524094394
"863",910,180,17.727,-0.42677,0.758522061768472,9,34,0.000844371656807053,9.58891646442063
"864",911,181,19.23,0.44049,0.751063478784281,9,34,0.000844116408443765,9.67381142453662
"865",912,182,20.024,0.91141,0.74360489580009,9,34,0.000843851912950267,9.72244699008151
"866",913,183,18.568,0.88363,0.736146312815899,9,34,0.000843582479243055,9.74781721756112
"867",914,184,18.057,4.8485,0.728687729831708,9,34,0.000843322284781965,9.78798832032305
"868",915,185,17.706,9.935,0.721229146847517,9,34,0.000843065328733632,9.82665010939499
"869",916,186,20.008,6.7892,0.713770563863326,9,34,0.000842810603696382,9.86131863975594
"870",917,187,19.636,7.2514,0.706311980879135,9,34,0.000842541604189203,9.8489758035305
"871",918,188,17.205,12.319,0.698853397894944,9,34,0.000842275047068868,9.83606669895472
"872",919,189,17.971,9.5636,0.691394814910753,9,34,0.000842023608257639,9.85582402640202
"873",920,190,18.377,6.3416,0.683936231926562,9,34,0.00084176757589996,9.85478146958517
