X1,Day_of_year,Discont_day_of_year,Air_temp_daily_ave_degree_C,Water_table_daily_ave_cm,GPP_gC_m2_day,Wetland_age_years,Sal,S1,S2
1,48,48,11.338,9.1186,-1.5199,7,38,146323.033224023,2000
2,49,49,10.392,11.258,-1.4719,7,38,146322.573703965,2000.012
3,50,50,7.7242,8.1929,-1.5599,7,38,146322.124996766,2000.018
4,51,51,6.8346,5.4799,-1.74,7,38,146321.705792734,2000.02
5,52,52,8.3851,5.4609,-1.6602,7,38,146321.296106673,2000.021
6,53,53,9.0685,6.3984,-1.7571,7,38,146320.869728656,2000.022
7,54,54,7.4213,4.3991,-1.7243,7,38,146320.435839404,2000.023
8,55,55,7.8106,4.0291,-1.7122,7,38,146320.019893996,2000.025
9,56,56,8.6467,5.5019,-1.6788,7,38,146319.599757177,2000.026
10,57,57,8.7702,10.363,-1.6943,7,38,146319.170515179,2000.027
11,58,58,8.6694,12.46,-1.5202,7,38,146318.739916273,2000.028
12,59,59,8.7248,12.702,-1.4429,7,38,146318.310425128,2000.029
13,60,60,11.224,16.795,-1.3032,7,38,146317.880325433,2000.03
14,61,61,9.2153,17.692,-1.2693,7,38,146317.422118451,2000.034
15,62,62,8.3087,15.719,-1.3428,7,38,146316.986603446,2000.035
16,63,63,8.6483,11.652,-1.4515,7,38,146316.561059405,2000.036
17,64,64,10.189,8.5731,-1.704,7,38,146316.131799956,2000.038
18,65,65,12.07,8.032,-1.8131,7,38,146315.685389153,2000.039
19,66,66,14.828,7.3051,-1.8353,7,38,146315.217374637,2000.04
20,67,67,14.466,5.4916,-1.62,7,38,146314.71633708,2000.043
21,68,68,12.526,4.6434,-1.8008,7,38,146314.219726516,2000.046
22,69,69,12.779,4.7545,-1.8079,7,38,146313.74636344,2000.047
23,70,70,13.163,4.0686,-1.3852,7,38,146313.270013938,2000.05
24,71,71,15.383,5.4024,-1.8784,7,38,146312.789105808,2000.051
25,72,72,14.509,9.2839,-1.6286,7,38,146312.281226277,2000.054
26,73,73,10.978,9.6437,-1.3454,7,38,146311.784091433,2000.06
27,74,74,10.267,9.8089,-1.5707,7,38,146311.328708519,2000.063
28,75,75,10.168,12.371,-1.2723,7,38,146310.881416633,2000.065
29,76,76,9.6412,11.128,-1.3404,7,38,146310.435243072,2000.069
30,77,77,9.8975,10.123,-2.1496,7,38,146309.994986364,2000.07
31,78,78,12.142,9.8104,-1.483,7,38,146309.551858124,2000.071
32,79,79,13.168,11.096,-1.297,7,38,146309.083002236,2000.075
33,80,80,16.268,13.114,-1.2288,7,38,146308.60203471,2000.076
34,81,81,13.066,14.088,-1.4015,7,38,146308.083106871,2000.079
35,82,82,10.897,8.1753,-1.8514,7,38,146307.603353429,2000.081
36,83,83,10.735,7.8843,-2.3513,7,38,146307.14889772,2000.082
37,84,84,9.8476,5.8002,-2.1561,7,38,146306.696292038,2000.083
38,85,85,11.167,5.1977,-2.7401,7,38,146306.253724049,2000.085
39,86,86,14.112,7.5845,-1.3427,7,38,146305.796172933,2000.087
40,87,87,16.344,9.8118,-1.4358,7,38,146305.303864655,2000.089
41,88,88,17.953,11.342,-1.3704,7,38,146304.783980208,2000.09
42,89,89,18.368,12.762,-0.7297,7,38,146304.24354279,2000.092
43,90,90,14.616,13.253,-1.0596,7,38,146303.697711507,2000.094
44,91,91,13.775,13.043,-2.0023,7,38,146303.199270438,2000.095
45,92,92,13.319,12.801,-1.6963,7,38,146302.71103267,2000.096
46,93,93,12.933,10.135,-2.0053,7,38,146302.228264084,2000.099
47,94,94,13.299,7.115,-2.1154,7,38,146301.750090582,2000.102
48,95,95,14.262,6.1644,-1.8586,7,38,146301.267560898,2000.103
49,96,96,15.555,6.8474,-2.0989,7,38,146300.773433239,2000.113
50,97,97,15.567,6.1454,-1.6269,7,38,146300.263420265,2000.116
51,98,98,13.902,-1.4465,-2.0863,7,38,146299.753258192,2000.117
52,99,99,16.061,-8.1462,-1.8715,7,38,146299.263489463,2000.119
53,100,100,15.048,-10.828,-0.54657,7,38,146298.747161519,2000.121
54,101,101,12.714,-0.17996,-1.0165,7,38,146298.243420436,2000.122
55,102,102,11.732,1.42,-1.7219,7,38,146297.767840105,2000.123
56,103,103,12.732,-0.071737,-1.4448,7,38,146297.303762645,2000.127
57,104,104,14.467,4.1132,-1.4944,7,38,146296.827969609,2000.128
58,105,105,13.116,9.1932,-1.1189,7,38,146296.331347593,2000.13
59,106,106,10.412,11.889,-1.3003,7,38,146295.850999776,2000.131
60,107,107,11.227,9.5632,-1.4458,7,38,146295.402066891,2000.136
61,108,108,11.501,10.012,-1.593,7,38,146294.943826249,2000.137
62,109,109,11.925,10.458,-1.5796,7,38,146294.482425374,2000.141
63,110,110,13.349,7.8404,-2.1061,7,38,146294.016103291,2000.143
64,111,111,15.151,6.1819,-1.813,7,38,146293.5329766,2000.144
65,112,112,16.26,6.3048,-2.0361,7,38,146293.027966083,2000.145
66,113,113,16.234,7.191,-1.8883,7,38,146292.509139553,2000.148
67,114,114,13.88,8.2353,-2.588,7,38,146291.990640019,2000.15
68,115,115,13.385,9.553,-2.9281,7,38,146291.501137082,2000.154
69,116,116,12.688,10.9,-3.2044,7,38,146291.017580096,2000.156
70,117,117,14.62,11.07,-2.3936,7,38,146290.542307224,2000.159
71,118,118,13.83,12.06,-2.3465,7,38,146290.043817808,2000.16
72,119,119,13.53,12.765,-2.104,7,38,146289.554917922,2000.161
73,120,120,12.703,11.526,-2.3265,7,38,146289.069624683,2000.169
74,121,121,12.807,11.32,-2.315,7,38,146288.594174689,2000.17
75,122,122,13.809,11.172,-2.6156,7,38,146288.117494837,2000.171
76,123,123,12.984,5.3615,-2.8577,7,38,146287.628848118,2000.173
77,124,124,14.611,-2.5551,-2.2789,7,38,146287.150069887,2000.178
78,125,125,13.472,-4.8731,-2.4893,7,38,146286.651690614,2000.18
79,126,126,13.449,-10.615,-1.9084,7,38,146286.167092561,2000.183
80,127,127,15.333,-16.949,-1.5676,7,38,146285.68276996,2000.185
81,128,128,14.63,-15.691,-1.6087,7,38,146285.175510704,2000.188
82,129,129,14.811,-6.223,-1.244,7,38,146284.676899267,2000.189
83,130,130,14.286,-4.1931,-1.301,7,38,146284.176071508,2000.196
84,131,131,16.748,-2.4103,-2.3076,7,38,146283.681652973,2000.2
85,132,132,17.795,2.2858,-1.287,7,38,146283.156662377,2000.202
86,133,133,15.377,3.8434,-1.2371,7,38,146282.618269462,2000.206
87,134,134,14.067,5.0733,-2.6657,7,38,146282.110465528,2000.208
88,135,135,14.623,6.1468,-2.9173,7,38,146281.618703148,2000.212
89,136,136,14.686,7.1486,-2.5773,7,38,146281.120177431,2000.214
90,137,137,14.225,7.8565,-2.9011,7,38,146280.620881196,2000.216
91,138,138,13.708,7.3344,-3.7197,7,38,146280.127203659,2000.217
92,139,139,13.345,6.1132,-3.6214,7,38,146279.639773184,2000.22
93,140,140,13.386,4.2353,-3.2621000000000002,7,38,146279.156694875,2000.227
94,141,141,14.234,1.6803,-3.19,7,38,146278.673126426,2000.229
95,142,142,14.024,1.2708,-4.1535,7,38,146278.179339713,2000.231
96,143,143,14.399,1.2299,-3.3969,7,38,146277.688097799,2000.234
97,144,144,14.221,1.6379,-3.2635,7,38,146277.192305028,2000.235
98,145,145,15.111,1.4697,-2.3106,7,38,146276.698676183,2000.238
99,146,146,14.929,1.6218,-3.2879,7,38,146276.194159713,2000.239
100,147,147,17.35,2.2683,-3.0929,7,38,146275.6918836,2000.24
101,148,148,20.394,3.5304,-2.9584,7,38,146275.159216852,2000.247
102,149,149,17.806,5.3761,-2.4693,7,38,146274.586501551,2000.248
103,150,150,13.777,5.6554,-3.5936,7,38,146274.047966926,2000.249
104,151,151,13.51,6.5739,-3.705,7,38,146273.559706256,2000.25
105,152,152,15.895,1.812,-3.28,7,38,146273.074653421,2000.255
106,153,153,20.051,-0.53242,-2.9594,7,38,146272.560404464,2000.257
107,154,154,18.443,-0.56752,-2.4679,7,38,146271.992305874,2000.259
108,155,155,15.922,-2.0812,-2.0837,7,38,146271.445497172,2000.263
109,156,156,15.094,-5.1685,-2.5717,7,38,146270.930910727,2000.264
110,157,157,14.927,-4.4373,-2.6945,7,38,146270.426604064,2000.265
111,158,158,15.665,-3.7119,-3.179,7,38,146269.924352771,2000.266
112,159,159,16.564,-2.5039,-2.769,7,38,146269.412973008,2000.267
113,160,160,16.364,-0.69037,-3.4823,7,38,146268.89031346,2000.269
114,161,161,15.181,-0.23407,-2.6182,7,38,146268.370178601,2000.271
115,162,162,16.864,0.86865,-2.2529,7,38,146267.864798908,2000.272
116,163,163,18.428,5.1801,-2.559,7,38,146267.338336005,2000.273
117,164,164,17.003,8.3815,-3.0161,7,38,146266.791723391,2000.274
118,165,165,16.499,9.3365,-3.2057,7,38,146266.263491588,2000.275
119,166,166,15.673,12.185,-3.2327,7,38,146265.741653654,2000.276
120,167,167,16.376,12.447,-3.973,7,38,146265.230174467,2000.278
121,168,168,16.726,9.9405,-3.8814,7,38,146264.709888533,2000.284
122,169,169,16.525,5.9947,-3.7288,7,38,146264.185177793,2000.287
123,170,170,14.864,3.5962,-4.1104,7,38,146263.663011469,2000.289
124,171,171,14.189,1.8997,-3.6084,7,38,146263.161534266,2000.292
125,172,172,15.375,0.34215,-3.4158,7,38,146262.668294294,2000.293
126,173,173,18.606,0.2544,-2.7635,7,38,146262.160515975,2000.295
127,174,174,22.093,0.60979,-2.1867,7,38,146261.611575966,2000.297
128,175,175,18.835,7.289,-1.681,7,38,146261.015599343,2000.298
129,176,176,17.216,6.0576,-3.3622,7,38,146260.463654458,2000.3
130,177,177,16.09,5.3176,-3.9187,7,38,146259.932704004,2000.301
131,178,178,15.311,6.1965,-4.0065,7,38,146259.416014131,2000.303
132,179,179,15.751,5.2298,-4.5087,7,38,146258.909028227,2000.306
133,180,180,17.792,2.2463,-4.0717,7,38,146258.3965775,2000.307
134,181,181,20.428,2.941,-3.4468,7,38,146257.85822444,2000.309
135,182,182,17.087,6.9556,-2.1045,7,38,146257.285050892,2000.313
136,183,183,16.813,2.6163,-4.1008,7,38,146256.755748445,2000.315
137,184,184,17.36,1.3674,-4.2614,7,38,146256.229934002,2000.317
138,185,185,16.941,2.3823,-3.8467,7,38,146255.697139925,2000.318
139,186,186,17.504,-0.030787,-3.9128,7,38,146255.16969816,2000.319
140,187,187,20.252,-2.7247,-3.634,7,38,146254.635055749,2000.328
141,188,188,18.894,-1.0604,-2.749,7,38,146254.06425589,2000.33
142,189,189,17.543,2.3575,-3.6857,7,38,146253.511535232,2000.335
143,190,190,18.74,2.4291,-3.6952,7,38,146252.976391504,2000.336
144,191,191,18.396,3.8902,-3.012,7,38,146252.425694994,2000.337
145,192,192,17.903,5.319,-3.267,7,38,146251.879500759,2000.338
146,193,193,18.187,10.469,-4.2795,7,38,146251.339713001,2000.339
147,194,194,18.733,12.405,-5.141,7,38,146250.796241327,2000.342
148,195,195,17.225,13.376,-4.0646,7,38,146250.245636795,2000.346
149,196,196,16.799,11.905,-4.3353,7,38,146249.71457168701,2000.348
150,197,197,17.334,9.5471,-4.119,7,38,146249.188935328,2000.349
151,198,198,17.018,5.817,-4.168,7,38,146248.65647481,2000.353
152,199,199,17.234,1.012,-3.452,7,38,146248.128052657,2000.354
153,200,200,17.796,-0.7986,-3.9813,7,38,146247.59687252,2000.359
154,201,201,19.112,-6.0358,-3.8031,7,38,146247.058468279,2000.36
155,202,202,18.404,-4.8936,-2.3355,7,38,146246.502873598,2000.361
156,203,203,18.224,-4.9594,-3.1265,7,38,146245.956575228,2000.362
157,204,204,17.47,-6.4044,-2.7155,7,38,146245.412622529,2000.363
158,205,205,17.351,-7.5539,-3.1308,7,38,146244.878417387,2000.364
159,206,206,17.367,-8.506,-3.011,7,38,146244.345739185,2000.366
160,207,207,15.98,-6.4424,-2.9343,7,38,146243.812855888,2000.368
161,208,208,15.44,-6.2991,-4.0819,7,38,146243.297544967,2000.371
162,209,209,15.693,-6.6954,-3.9443,7,38,146242.788961902,2000.374
163,210,210,15.33,-4.8863,-4.049,7,38,146242.27723463,2000.376
164,211,211,15.841,-7.5378,-4.0206,7,38,146241.770014335,2000.378
165,212,212,15.471,-7.2921,-4.3805,7,38,146241.256441353,2000.38
166,213,213,15.141,-8.0263,-4.0675,7,38,146240.747473859,2000.382
167,214,214,15.291,-10.594,-3.1004,7,38,146240.242588925,2000.385
168,215,215,17.535,-13.685,-2.4839,7,38,146239.735851234,2000.387
169,216,216,18.129,-12.093,-2.6686,7,38,146239.200810995,2000.391
170,217,217,16.709,-8.5469,-2.6188,7,38,146238.658093677,2000.392
171,218,218,17.604,-8.386,-2.1265,7,38,146238.133599613,2000.395
172,219,219,15.246,-5.2022,-2.3303,7,38,146237.597671669,2000.397
173,220,220,16.475,25.322,-4.142,7,38,146237.091490435,2000.398
174,221,221,18.061,2.3302,-3.7797,7,38,146236.569956845,2000.399
175,222,222,17.858,-3.7743,-3.0887,7,38,146236.028122469,2000.4
176,223,223,18.825,-5.2339,-3.3196,7,38,146235.488917503,2000.401
177,224,224,17.822,-3.1293,-2.6275,7,38,146234.937105254,2000.404
178,225,225,15.832,0.97299,-3.6485,7,38,146234.398365678,2000.408
179,226,226,16.065,-2.012,-3.4133,7,38,146233.884905388,2000.41
180,227,227,17.252,-8.172,-2.0248,7,38,146233.368530106,2000.411
181,228,228,17.34,8.1831,-2.2722,7,38,146232.837120324,2000.414
182,229,229,17.702,17.961,-2.8903,7,38,146232.304583641,2000.417
183,230,230,17.843,-14.312,-3.1087,7,38,146231.767393249,2000.418
184,231,231,15.777,-12.896,-3.2776,7,38,146231.228382401,2000.421
185,232,232,16.234,-13.569,-3.2602,7,38,146230.715608616,2000.422
186,233,233,16.646,-11.191,-2.8614,7,38,146230.197111745,2000.425
187,234,234,17.663,-11.829,-2.5839,7,38,146229.673416262,2000.428
188,235,235,17.354,-10.551,-2.5022,7,38,146229.136728748,2000.432
189,236,236,16.831,-11.957,-2.1364,7,38,146228.604012788,2000.436
190,237,237,16.719,-12.281,-2.2116,7,38,146228.077970945,2000.438
191,238,238,16.415,-10.877,-2.3369,7,38,146227.553350563,2000.442
192,239,239,17.29,-12.3,-2.2564,7,38,146227.032574534,2000.451
193,240,240,17.539,-9.1904,-2.3806,7,38,146226.500678615,2000.454
194,241,241,18.426,-10.871,-1.7613,7,38,146225.965587528,2000.455
195,242,242,18.236,-9.6964,-1.929,7,38,146225.419002907,2000.456
196,243,243,16.793,-11.517,-1.8853,7,38,146224.874894985,2000.459
197,244,244,16.482,-14.52,-2.1406,7,38,146224.349335887,2000.46
198,245,245,16.748,-14.726,-2.352,7,38,146223.827714465,2000.461
199,246,246,16.989,-12.52,-2.8058,7,38,146223.302726481,2000.464
200,247,247,17.434,-12.724,-2.583,7,38,146222.774674947,2000.467
201,248,248,16.643,-6.8168,-3.1609,7,38,146222.240933064,2000.469
202,249,249,15.98,-4.7342,-2.9211,7,38,146221.717275916,2000.473
203,250,250,16.905,-8.3144,-2.7835,7,38,146221.201965942,2000.474
204,251,251,17.545,-9.891,-2.4596,7,38,146220.674983749,2000.477
205,252,252,16.792,-7.472,-1.8714,7,38,146220.13981576,2000.48
206,253,253,16.942,-5.4552,-1.8373,7,38,146219.614269564,2000.481
207,254,254,16.292,-3.4165,-1.7105,7,38,146219.086816653,2000.482
208,255,255,15.671,-1.1832,-1.9823,7,38,146218.567590682,2000.484
209,256,256,15.959,-3.6797,-2.3074,7,38,146218.056138403,2000.485
210,257,257,15.918,-9.2606,-2.2126,7,38,146217.541091409,2000.486
211,258,258,15.244,-10.107,-2.4165,7,38,146217.026557288,2000.487
212,259,259,15.915,-12.946,-2.727,7,38,146216.520401635,2000.488
213,260,260,15.403,-13.979,-2.4614,7,38,146216.00590507,2000.489
214,261,261,15.124,-16.019,-3.1498,7,38,146215.497781822,2000.491
215,262,262,16.388,-18.828,-2.7514,7,38,146214.993107622,2000.493
216,263,263,19.92,-21.508,-2.5508,7,38,146214.472672597,2000.494
217,264,264,17.585,-12.161,-1.9498,7,38,146213.906332913,2000.502
218,265,265,15.437,-9.9012,-2.4057,7,38,146213.370650614,2000.503
219,266,266,15.815,-11.996,-2.1852,7,38,146212.862106014,2000.504
220,267,267,16.159,-12.148,-2.3883,7,38,146212.348858864,2000.506
221,268,268,15.38,-8.057,-1.8224,7,38,146211.831305147,2000.509
222,269,269,15.731,-8.2018,-1.6488,7,38,146211.323467041,2000.51
223,270,270,14.659,-7.5422,-2.3237,7,38,146210.811267654,2000.515
224,271,271,15.444,-9.2328,-1.9328,7,38,146210.312304671,2000.517
225,272,272,17.553,-12.386,-1.5814,7,38,146209.803673397,2000.519
226,273,273,17.83,-13.655,-1.9621,7,38,146209.268402998,2000.52
227,274,274,18.469,-15.618,-2.1033,7,38,146208.729561188,2000.523
228,275,275,19.843,-18.015,-2.1607,7,38,146208.182415726,2000.526
229,276,276,19.592,-14.227,-2.7342,7,38,146207.617106781,2000.527
230,277,277,17.333,-5.7872,-2.4985,7,38,146207.055147559,2000.529
231,278,278,16.371,-1.0721,-1.9413,7,38,146206.522701722,2000.532
232,279,279,17.11,-6.4468,-2.1929,7,38,146206.002481344,2000.535
233,280,280,20.537,-9.3045,-1.524,7,38,146205.472887618,2000.537
234,281,281,19.429,-6.204,-1.45,7,38,146204.898243081,2000.542
235,282,282,16.745,-1.7361,-1.6544,7,38.378,146204.338451696,2000.547
236,283,283,15.725,1.0178,-2.1281,7,38.515,146203.813502619,2000.549
237,284,284,15.595,1.3791,-1.8595,7,38.675,146203.301378328,2000.551
238,285,285,17.442,-2.909,-1.7873000000000001,7,38.852,146202.790872303,2000.553
239,286,286,15.999,-3.4867,-1.9787,7,39.011,146202.257028609,2000.556
240,287,287,15.707,-4.0483,-1.3642,7,39.141,146201.741481595,2000.557
241,288,288,17.759,-3.845,-2.6041,7,39.248,146201.229581677,2000.559
242,289,289,15.703,-4.6523,-2.6928,7,39.546,146200.691657266,2000.562
243,290,290,14.231,-6.2552,-2.1509,7,39.969,146200.179807224,2000.565
244,291,291,15.06,-9.3791,-2.9323,7,40.374,146199.686060153,2000.566
245,292,292,16.226,-11.16,-2.757,7,40.728,146199.182175417,2000.567
246,293,293,14.634,-11.219,-2.2017,7,41.081,146198.663780483,2000.57
247,294,294,13.786,-10.463,-2.5615,7,41.158,146198.165123729,2000.571
248,295,295,14.04,0.55248,-2.08,7,41.052,146197.676757746,2000.572
249,296,296,14.379,2.7395,-2.0883,7,39.668,146197.185325566,2000.573
250,297,297,14.887,3.2909,-1.9291,7,38.346,146196.689779586,2000.574
251,298,298,15.835,0.9158,-2.0431,7,38.664,146196.188022775,2000.575
252,299,299,16.318,1.6573,-2.2762,7,38.873,146195.67452666,2000.58
253,300,300,16.034,1.862,-2.0298,7,39.032,146195.154974399,2000.581
254,301,301,16.464,0.41124,-2.1576,7,39.157,146194.638989296,2000.586
255,302,302,14.903,5.6236,-2.4349,7,39.247,146194.117596417,2000.588
256,303,303,13.954,5.1497,-2.1132,7,39.287,146193.615643194,2000.591
257,304,304,15.384,1.9045,-2.9376,7,39.326,146193.125250891,2000.593
258,305,305,18.131,-2.9584,-2.3345,7,39.401,146192.617364024,2000.595
259,306,306,17.334,-2.3002,-2.9462,7,39.451,146192.074622828,2000.597
260,307,307,17.131,-1.1302,-3.2181,7,39.496,146191.54216484,2000.599
261,308,308,15.192,0.73591,-3.0031,7,39.524,146191.012303638,2000.601
262,309,309,14.626,1.3472,-2.6447,7,39.543,146190.506791396,2000.602
263,310,310,14.821,5.8825,-2.644,7,39.546,146190.008232783,2000.603
264,311,311,14.334,9.7361,-2.4478,7,39.538,146189.507286312,2000.605
265,312,312,15.07,12.478,-2.0546,7,38.624,146189.012288149,2000.606
266,313,313,13.039,17.606,-2.1588,7,37.605,146188.508280669,2000.608
267,314,314,10.171,16.684,-2.5788,7,37.867,146188.028852988,2000.615
268,315,315,12.838,12.155,-2.5204,7,38.037,146187.582650126,2000.616
269,316,316,11.632,14.312,-2.9164,7,38.172,146187.10560724,2000.617
270,317,317,11.178,12.205,-3.6006,7,38.29,146186.642694056,2000.619
271,318,318,10.9,5.1965,-3.1171,7,38.379,146186.185021059,2000.62
272,319,319,10.137,-0.70026,-4.0384,7,38.468,146185.730535627,2000.622
273,320,320,10.798,-3.9134,-3.2301,7,38.581,146185.284716467,2000.627
274,321,321,10.276,-1.9902,-2.9347,7,38.701,146184.831396576,2000.63
275,322,322,9.7397,-0.47796,-2.6482,7,38.819,146184.38400763,2000.634
276,323,323,10.402,-0.40922,-3.0075,7,38.873,146183.942653562,2000.635
277,324,324,11.129,-0.17669,-2.3072,7,38.896,146183.493838204,2000.636
278,325,325,14.059,-4.1152,-2.2172,7,38.921,146183.036728327,2000.638
279,326,326,14.074,-0.00265,-1.9458,7,38.963,146182.545066829,2000.639
280,327,327,14.325,-1.0191,-1.9643,7,39.002,146182.053223783,2000.641
281,328,328,14.243,-3.1295,-2.0929,7,39.043,146181.558335374,2000.643
282,329,329,12.082,4.1874,-2.431,7,39.068,146181.064443376,2000.644
283,330,330,12.197,6.3709,-2.6114,7,39.093,146180.596293907,2000.646
284,331,331,13.426,-0.53061,-2.4945,7,39.115,146180.126799421,2000.649
285,332,332,15.391,-12.981,-2.3037,7,39.142,146179.642756409,2000.656
286,333,333,13.838,-10.489,-2.7788,7,39.147,146179.134783389,2000.662
287,334,334,12.775,1.7436,-2.3613,7,39.117,146178.645791573,2000.669
288,335,335,11.266,6.953,-2.4154,7,38.776,146178.169494742,2000.671
289,336,336,9.1765,14.466,-1.682,7,38.436,146177.710809711,2000.672
290,337,337,10.57,11.681,-1.9343,7,38.095,146177.275729914,2000.677
291,338,338,10.822,6.5128,-1.8702,7,37.755,146176.825007777,2000.678
292,339,339,11.712,3.4913,-1.8962,7,37.414,146176.371414163,2000.679
293,340,340,12.077,5.5402,-1.1604,7,37.073,146175.907573555,2000.68
294,341,341,10.482,14.788,-1.4017,7,36.733,146175.439482704,2000.681
295,342,342,10.212,17.294,-1.4382,7,36.853,146174.989760283,2000.682
296,343,343,9.0978,16.461,-2.056,7,36.984,146174.543094992,2000.689
297,344,344,9.6458,8.3087,-1.8176,7,37.095,146174.108886862,2000.69
298,345,345,8.9924,7.0802,-1.9675,7,37.182,146173.668583725,2000.694
299,346,346,11.726,-0.94889,-2.4985,7,37.235,146173.235540886,2000.695
300,347,347,10.789,-0.28491,-2.7369,7,37.297,146172.771537891,2000.696
301,348,348,12.555,-6.9963,-2.5148,7,37.342,146172.318321208,2000.698
302,349,349,13.317,-9.7941,-2.3166,7,37.393,146171.844622086,2000.701
303,350,350,13.931,-9.7824,-2.4066,7,37.448,146171.361882643,2000.702
304,351,351,12.316,-1.5163,-1.9222,7,37.494,146170.871769042,2000.703
305,352,352,11.883,3.3933,-2.829,7,37.558,146170.400880192,2000.704
306,353,353,12.356,1.5491,-2.9883,7,37.601,146169.935052074,2000.707
307,354,354,10.237,4.5867000000000004,-1.5863,7,37.65,146169.46369377,2000.708
308,355,355,12.109,2.1984,-2.0139,7,37.687,146169.016746251,2000.71
309,356,356,10.524,10.783,-1.7211,7,37.723,146168.54828171,2000.712
310,357,357,10.812,11.62,-1.9667,7,37.744,146168.098082642,2000.713
311,358,358,11.824,3.8993,-1.3299,7,37.669,146167.644603556,2000.714
312,359,359,11.12,1.3092,-1.8325,7,37.456,146167.179462066,2000.715
313,360,360,9.7064,5.9614,-1.7265,7,37.502,146166.722456163,2000.716
314,361,361,11.081,2.9531,-2.0136,7,37.458,146166.281475511,2000.717
315,362,362,10.796,7.0963,-1.8534,7,37.317,146165.824917314,2000.719
316,363,363,8.3986,13.312,-2.3775,7,37.348,146165.371620989,2000.72
317,364,364,9.6948,1.7041,-2.7116,7,37.372,146164.94510104,2000.721
318,365,365,9.7562,2.9163,-2.0049,7,37.207,146164.504250253,2000.724
319,366,1,6.1156,0.75038,-2.2466,8,37.075,146164.062712126,2000.729
320,367,2,5.5357,3.4098,-2.0552,8,37.113,146163.660608716,2000.73
321,368,3,6.6619,12.69,-2.4307,8,37.142,146163.26454215,2000.732
322,369,4,7.4765,4.6174,-1.7556,8,37.165,146162.85669088,2000.733
323,370,5,10.808,-6.8691,-2.2986,8,37.156,146162.440158466,2000.737
324,371,6,10.203,-4.69,-1.526,8,37.166,146161.986725267,2000.742
325,372,7,12.216,-2.9393,-1.1933,8,37.191,146161.540162104,2000.747
326,373,8,13.034,-9.0672,-2.1056,8,37.223,146161.070445873,2000.749
327,374,9,13.625,-9.1286,-1.597,8,37.246,146160.591078713,2000.75
328,375,10,10.296,-3.5317,-2.282,8,37.283,146160.104650668,2000.751
329,376,11,11.386,-11.049,-2.5351,8,37.305,146159.657036442,2000.753
330,377,12,12.768,-13.651,-2.1646,8,37.341,146159.196969032,2000.754
331,378,13,11.669,-8.7001,-2.4742,8,37.385,146158.720755776,2000.755
332,379,14,11.882,-10.503,-2.1772,8,37.4,146158.257414728,2000.756
333,380,15,11.773,-9.2105,-1.8966,8,37.412,146157.791598723,2000.757
334,381,16,13.961,-7.0592,-1.4896,8,37.421,146157.327050459,2000.758
335,382,17,13.582,1.2975,-1.3331,8,37.429,146156.836575069,2000.76
336,383,18,13.362,8.2356,-1.4575,8,37.444,146156.350663418,2000.763
337,384,19,14.282,6.6079,-1.8212,8,37.475,146155.867386871,2000.766
338,385,20,13.003,5.138,-2.194,8,37.421,146155.373022217,2000.767
339,386,21,10.885,14.912,-1.8374,8,37.185,146154.894023607,2000.768
340,387,22,9.6515,21.751,-2.2217,8,37.092,146154.439710892,2000.769
341,388,23,9.525,19.254,-3.1232,8,37.088,146153.999344756,2000.771
342,389,24,11.016,9.6396,-2.9222,8,37.139,146153.560391206,2000.774
343,390,25,11.35,5.9307,-2.6705,8,37.174,146153.104578909,2000.776
344,391,26,12.062,3.4415,-3.3027,8,37.203,146152.64492699,2000.778
345,392,27,12.808,-3.1207,-3.3488,8,37.227,146152.177012264,2000.782
346,393,28,13.641,-9.0979,-2.9352,8,37.269,146151.700325982,2000.783
347,394,29,12.596,-9.4109,-3.5697,8,37.305,146151.213706106,2000.788
348,395,30,12.812,-11.321,-3.4954,8,37.325,146150.73952452,2000.789
349,396,31,13.425,-10.405,-3.2581,8,37.355,146150.262790947,2000.791
350,397,32,13.401,-10.34,-2.8635,8,37.373,146149.778761105,2000.793
351,398,33,12.381,-10.321,-2.1919,8,37.342,146149.295018445,2000.794
352,399,34,11.926,-0.5701,-2.0211,8,37.258,146148.823367349,2000.795
353,400,35,8.9289,5.6967,-1.8432,8,37.077,146148.357039263,2000.799
354,401,36,6.5254,16.133,-2.0573,8,36.88,146147.924698273,2000.802
355,402,37,7.1465,21.051,-2.4077,8,36.912,146147.518289254,2000.805
356,403,38,7.615,19.304,-2.5976,8,36.947,146147.105290139,2000.806
357,404,39,8.5285,7.4429,-2.3341,8,36.976,146146.687269076,2000.807
358,405,40,8.7445,1.9205,-2.474,8,36.999,146146.259329023,2000.81
359,406,41,7.6642,4.0353,-2.4463,8,36.976,146145.829018931,2000.813
360,407,42,7.8484,8.1683,-3.2075,8,36.982,146145.410467972,2000.815
361,408,43,8.4315,1.4789,-2.687,8,37.001,146144.989928659,2000.816
362,409,44,12.948,-14.427,-2.0638,8,37.011,146144.563049917,2000.817
363,410,45,12.804,-8.4018,-2.0564,8,37.022,146144.084704712,2000.818
364,411,46,9.139,7.8188,-2.0904,8,37.003,146143.608066097,2000.819
365,412,47,8.9291,12.075,-1.9567,8,36.945,146143.173402981,2000.82
366,413,48,8.2538,13.123,-1.9833,8,36.839,146062.076850722,2000.821
367,414,49,7.3181,21.037,-1.8248,8,36.814,146061.65191414,2000.822
368,415,50,7.5507,19.609,-1.3969,8,36.804,146061.237083675,2000.823
369,416,51,9.9492,6.0258,-1.5878,8,36.798,146060.81975745,2000.826
370,417,52,9.1496,2.896,-1.7748,8,36.748,146060.376057534,2000.827
371,418,53,8.594,12.885,-1.9351,8,36.745,146059.941280028,2000.828
372,419,54,8.52,12.854,-2.308,8,36.753,146059.512625376,2000.829
373,420,55,10.436,1.3999,-2.9098,8,36.784,146059.084781501,2000.83
374,421,56,11.694,-7.3342,-2.7852,8,36.809,146058.635585338,2000.834
375,422,57,12.888,-11.906,-2.0652,8,36.812,146058.171958157,2000.835
376,423,58,12.698,-8.8946,-1.4139,8,36.784,146057.694327994,2000.836
377,424,59,11.37,-5.5631,-1.841,8,36.786,146057.218946225,2000.838
378,425,60,10.687,-5.487,-2.5099,8,36.786,146056.759067324,2000.842
379,426,61,13.086,-12.952,-2.5108,8,36.731,146056.307018166,2000.844
380,427,62,12.778,-7.4321,-1.9442,8,36.676,146055.827036906,2000.845
381,428,63,11.423,-2.5503,-1.6232,8,36.621,146055.350709458,2000.849
382,429,64,12.586,-9.4782,-1.7342,8,36.566,146054.890218992,2000.85
383,430,65,13.216,-9.31,-1.0926,8,36.511,146054.416159119,2000.851
384,431,66,10.744,0.64378,-1.3587,8,36.456,146053.934629718,2000.852
385,432,67,9.9525,3.911,-1.6138,8,36.401,146053.481930939,2000.853
386,433,68,9.3662,0.67741,-1.6251,8,36.346,146053.0381942,2000.856
387,434,69,10.308,-2.1745,-1.7052,8,36.291,146052.601012939,2000.857
388,435,70,10.547,-1.6202,-1.8396,8,36.236,146052.153266963,2000.864
389,436,71,11.25,-6.7067,-1.9862,8,36.181,146051.702810946,2000.87
390,437,72,11.283,-0.57156,-2.0253,8,36.126,146051.244314928,2000.873
391,438,73,11.644,1.0562,-1.9801,8,36.071,146050.785438992,2000.874
392,439,74,12.049,-1.9595,-1.4082,8,36.016,146050.322391975,2000.875
393,440,75,13.217,-5.1273,-1.2521,8,35.961,146049.854633053,2000.879
394,441,76,14.706,-5.664,-1.8267,8,35.907,146049.373091912,2000.88
395,442,77,14.933,-7.9221,-1.822,8,35.852,146048.873560518,2000.883
396,443,78,14.364,-6.132,-1.7107,8,35.797,146048.371244748,2000.884
397,444,79,12.98,3.6097,-1.4505,8,35.742,146047.875887455,2000.885
398,445,80,11.844,8.3336,-1.7953,8,35.687,146047.397166272,2000.887
399,446,81,12.232,8.7972,-2.0916,8,35.632,146046.931796805,2000.889
400,447,82,12.911,6.8448,-1.353,8,35.577,146046.46189764,2000.893
401,448,83,12.273,4.0075,-2.1283,8,35.522,146045.983995254,2000.895
402,449,84,13.312,-0.11526,-2.3709,8,35.467,146045.513615624,2000.899
403,450,85,14.136,-8.3111,-1.4184,8,35.412,146045.030940981,2000.902
404,451,86,14.686,-8.7908,-2.6413,8,35.357,146044.538352585,2000.907
405,452,87,13.201,-0.89039,-1.895,8,35.302,146044.039066182,2000.909
406,453,88,12.565,0.22111,-2.3329,8,35.247,146043.557716021,2000.91
407,454,89,13.099,-2.796,-2.9097,8,35.192,146043.083904136,2000.912
408,455,90,14.649,-7.4278,-1.9825,8,35.137,146042.603768745,2000.913
409,456,91,14.403,-9.2486,-1.7487,8,35.082,146042.104935055,2000.915
410,457,92,14.055,-10.326,-1.423,8,35.027,146041.609103301,2000.918
411,458,93,14.163,-6.1203,-2.1369,8,34.972,146041.117496003,2000.92
412,459,94,14.552,-6.3367000000000004,-2.329,8,34.917,146040.624580471,2000.921
413,460,95,14.051,-2.6863,-2.5545,8,34.862,146040.126932098,2000.924
414,461,96,15.66,-4.3346,-1.7981,8,34.807,146039.635373267,2000.927
415,462,97,16.188,-3.6838,-2.7867,8,34.752,146039.124065548,2000.929
416,463,98,16.621,-7.7963,-2.727,8,34.697,146038.606155067,2000.931
417,464,99,14.573,-0.40045,-2.3823,8,34.642,146038.082784443,2000.942
418,465,100,14.013,-0.0904,-2.4555,8,34.587,146037.58487975,2000.943
419,466,101,13.129,-4.358,-2.9437,8,34.532,146037.093780709,2000.944
420,467,102,13.82,-12.849,-1.9313,8,34.478,146036.613288513,2000.945
421,468,103,14.739,-12.348,-2.3993,8,34.423,146036.124519467,2000.952
422,469,104,12.775,-3.6399,-2.6506,8,34.368,146035.624584534,2000.955
423,470,105,12.476,-0.76315,-3.1126,8,34.313,146035.148293377,2000.958
424,471,106,13.64,2.3666,-1.8666,8,34.258,146034.675529889,2000.963
425,472,107,14.696,3.5776,-2.6105,8,34.203,146034.18892677,2000.966
426,473,108,17.274,-3.7072,-2.6353,8,34.148,146033.689518413,2000.97
427,474,109,15.581,-5.2618,-2.5781,8,34.298,146033.1578359,2000.975
428,475,110,13.145,4.0924,-3.2468,8,33.519,146032.64751116,2000.979
429,476,111,13.389,5.1454,-2.138,8,32.426,146032.16682864,2000.982
430,477,112,15.938,-2.717,-2.755,8,32.53,146031.683234254,2000.985
431,478,113,20.613,-16.486,-2.9781,8,32.708,146031.168457974,2000.987
432,479,114,19.67,-19.533,-3.1693,8,32.887,146030.592792815,2000.989
433,480,115,15.207,-11.809,-3.3865,8,32.996,146030.02980247,2000.992
434,481,116,16.026,-14.258,-3.356,8,33.038,146029.524111786,2000.995
435,482,117,14.993,-12.623,-3.2931,8,33.1,146029.008234027,2000.996
436,483,118,14.356,-11.845,-3.2671,8,33.134,146028.50518127,2001.002
437,484,119,15.119,-11.921,-3.4325,8,33.146,146028.009922136,2001.004
438,485,120,14.565,-4.0231,-3.846,8,33.147,146027.505317471,2001.005
439,486,121,15.324,-2.1671,-3.5823,8,33.142,146027.007510915,2001.007
440,487,122,15.821,-2.7712,-4.0994,8,33.18,146026.500373964,2001.008
441,488,123,14.882,-1.7884,-4.0219,8,33.225,146025.987059887,2001.009
442,489,124,13.349,0.51361,-4.1465,8,33.273,146025.485371611,2001.011
443,490,125,13.732,1.7363,-4.346,8,33.283,146025.002255718,2001.013
444,491,126,14.332,3.6902,-3.9501,8,33.301,146024.514546867,2001.014
445,492,127,14.73,5.6484,-3.4533,8,33.316,146024.019579829,2001.016
446,493,128,14.618,1.5973,-4.0583,8,33.35,146023.519755631,2001.023
447,494,129,14.946,-3.8519,-4.6768,8,33.373,146023.02130174,2001.024
448,495,130,15.505,-4.3784,-5.0397,8,33.39,146022.518827258,2001.028
449,496,131,15.221,-1.0147,-5.1372,8,33.379,146022.009447076,2001.029
450,497,132,14.494,1.6237,-5.7987,8,33.348,146021.503583813,2001.03
451,498,133,14.761,3.7706,-5.4491,8,33.336,146021.006643964,2001.032
452,499,134,15.42,3.2558,-6.0302,8,33.32,146020.506440138,2001.034
453,500,135,15.954,-0.56864,-4.883,8,33.334,146019.998114466,2001.038
454,501,136,13.933,10.007,-2.6019,8,33.237,146019.483138528,2001.04
455,502,137,14.474,13.654,-3.235,8,33.188,146018.993006977,2001.041
456,503,138,13.454,11.374,-4.1049,8,33.292,146018.496311109,2001.042
457,504,139,13.853,10.328,-2.7139,8,33.296,146018.011939433,2001.043
458,505,140,14.036,10.103,-3.2921,8,33.355,146017.522773324,2001.047
459,506,141,14.149,8.6188,-4.0726,8,33.33,146017.031396911,2001.048
460,507,142,15.23,1.163,-3.706,8,33.142,146016.538652097,2001.054
461,508,143,16.266,-5.1229,-4.1776,8,33.195,146016.032677882,2001.065
462,509,144,15.872,-3.03,-4.4499,8,33.222,146015.513787839,2001.066
463,510,145,15.182,-7.7641,-4.2433,8,33.195,146014.999837326,2001.067
464,511,146,13.284,-1.5514,-4.1882,8,33.041,146014.494455949,2001.073
465,512,147,13.616,3.1827,-2.8004,8,33.005,146014.012116889,2001.075
466,513,148,14.574,-1.7957,-2.6716,8,33.009,146013.525802866,2001.079
467,514,149,15.3,-6.6102,-2.3393,8,33.012,146013.02788698,2001.081
468,515,150,13.893,-3.2231,-4.0479,8,33.019,146012.521047558,2001.083
469,516,151,15.832,-8.3214,-4.0488,8,32.993,146012.031399153,2001.093
470,517,152,16.077,-9.5732,-4.1619,8,32.991,146011.517948371,2001.094
471,518,153,16.541,-6.8413,-3.9879,8,33.015,146011.001432204,2001.095
472,519,154,16.773,-4.9503,-4.0919,8,33.067,146010.479074677,2001.096
473,520,155,19.865,-9.5747,-4.2893,8,33.089,146009.95377882099,2001.097
474,521,156,18.912,-7.2757,-4.1641,8,33.165,146009.388184939,2001.098
475,522,157,15.481,3.9037,-4.6957,8,33.172,146008.835238618,2001.101
476,523,158,16.43,3.9329,-4.4744,8,33.061,146008.326156896,2001.103
477,524,159,20.712,-5.3803,-4.4551,8,33.008,146007.805201166,2001.104
478,525,160,24.375,-12.089,-3.4455,8,32.985,146007.228194804,2001.105
479,526,161,27.174,-18.135,-3.3153,8,33.011,146006.599941894,2001.111
480,527,162,27.53,-18.366,-3.1637,8,33.059,146005.930417437,2001.112
481,528,163,24.011,-13.111,-2.9993,8,33.095,146005.255510133,2001.115
482,529,164,18.202,-0.85382,-3.9482,8,33.089,146004.632488856,2001.117
483,530,165,16.267,5.5563,-4.6789,8,33.075,146004.088833278,2001.119
484,531,166,15.411,9.9233,-4.5468,8,33.061,146003.569931172,2001.121
485,532,167,15.454,8.8411,-4.1343,8,33.03,146003.061717771,2001.122
486,533,168,18.002,3.1724,-4.4343,8,32.986,146002.552971257,2001.125
487,534,169,17.914,5.3545,-4.3206,8,33.029,146002.011912573,2001.13
488,535,170,18.211,4.0792,-5.9239,8,33.02,146001.471993694,2001.131
489,536,171,18.364,0.78125,-4.1205,8,32.976,146000.928221195,2001.133
490,537,172,18.176,0.86315,-4.1976,8,32.961,146000.382455864,2001.138
491,538,173,20.169,-3.3064,-3.6573,8,32.878,145999.839138565,2001.139
492,539,174,21.253,-7.3576,-4.0806,8,32.834,145999.269467699,2001.14
493,540,175,18.756,-5.0044,-4.1373,8,32.823,145998.685087064,2001.141
494,541,176,18.452,-3.4293,-4.8709,8,32.772,145998.13419217,2001.142
495,542,177,17.418,4.2225,-4.1364,8,32.74,145997.587278389,2001.145
496,543,178,17.265,8.3658,-4.3479,8,32.69,145997.053751867,2001.146
497,544,179,17.419,7.5892,-3.968,8,32.643,145996.522186177,2001.148
498,545,180,16.955,8.259,-4.7813,8,32.637,145995.988646869,2001.149
499,546,181,16.912,8.0835,-4.8296,8,32.669,145995.461038302,2001.15
500,547,182,17.135,9.021,-5.0706,8,32.669,145994.933976975,2001.151
501,548,183,16.822,8.417,-4.6749,8,32.699,145994.404073372,2001.156
502,549,184,16.73,8.0879,-4.8442,8,32.638,145993.878156113,2001.157
503,550,185,17.164,7.2279,-5.2065,8,31.8,145993.353406482,2001.158
504,551,186,17.881,6.8024,-5.0389,8,30.828,145992.82313252,2001.163
505,552,187,17.782,4.945,-4.213,8,31.242,145992.283641029,2001.166
506,553,188,16.993,6.0623,-4.2928,8,31.436,145991.74542904,2001.169
507,554,189,16.35,9.587,-4.3283,8,31.517,145991.217336737,2001.173
508,555,190,17.432,7.8934,-3.7696,8,31.532,145990.697390298,2001.175
509,556,191,19.046,5.2185,-4.1554,8,31.581,145990.163684404,2001.176
510,557,192,18.071,3.5059,-4.113,8,31.667,145989.608972928,2001.178
511,558,193,17.291,0.63354,-4.7438,8,31.685,145989.067019936,2001.181
512,559,194,17.536,-0.73829,-4.6498,8,31.716,145988.535121755,2001.183
513,560,195,17.834,2.1399,-4.6112,8,31.76,145988.000079851,2001.184
514,561,196,19.588,-1.2385,-4.9837,8,31.784,145987.461196277,2001.187
515,562,197,18.5,-1.49,-4.735,8,31.748,145986.899300627,2001.188
516,563,198,19.992,-3.8812,-4.7993,8,31.482,145986.351760136,2001.19
517,564,199,18.966,-1.3365,-4.6446,8,31.541,145985.784466494,2001.192
518,565,200,19.669,-2.8545,-4.9106,8,31.517,145985.230810056,2001.196
519,566,201,18.664,-0.29807,-4.8002,8,31.546,145984.667835176,2001.199
520,567,202,19.28,-2.8194,-4.0345,8,31.518,145984.118147903,2001.204
521,568,203,19.557,-3.4,-4.3463,8,31.483,145983.560343084,2001.207
522,569,204,18.561,0.18016,-4.5904,8,31.509,145982.998860306,2001.208
523,570,205,21.687,-5.7342,-4.9177,8,31.536,145982.450522157,2001.211
524,571,206,20,-3.6077,-4.3618,8,31.747,145981.860177989,2001.212
525,572,207,18.245,2.8741,-5.5665,8,31.856,145981.292777295,2001.214
526,573,208,21.056,-0.99569,-5.794,8,31.947,145980.748563305,2001.215
527,574,209,21.037,-2.9452,-3.913,8,32.062,145980.166876704,2001.217
528,575,210,17.991,5.8561,-5.2199,8,32.096,145979.585449408,2001.22
529,576,211,17.518,7.9256,-4.9622,8,32.046,145979.044534327,2001.226
530,577,212,18.699,6.7175,-4.7079,8,32.068,145978.509724266,2001.228
531,578,213,18.19,11.485,-4.5625,8,32.115,145977.959578323,2001.229
532,579,214,18.444,12.081,-4.4816,8,32.076,145977.416080013,2001.23
533,580,215,19.225,7.2031,-4.0104,8,32.073,145976.869271664,2001.231
534,581,216,19.071,6.564,-3.9737,8,32.01,145976.312195419,2001.232
535,582,217,19.563,3.8145,-4.2038,8,31.326,145975.757154654,2001.24
536,583,218,19.142,3.13,-4.0985,8,31.619,145975.195592383,2001.242
537,584,219,18.198,5.8634,-4.4177,8,31.912,145974.639613906,2001.243
538,585,220,18.343,7.2645,-4.3542,8,31.894,145974.096011711,2001.244
539,586,221,19.613,4.0529,-3.582,8,31.906,145973.550521439,2001.245
540,587,222,20.196,1.6719,-3.6135,8,32.03,145972.988293471,2001.246
541,588,223,20.371,1.6675,-4.1221,8,32.236,145972.41826073,2001.251
542,589,224,21.225,-0.034825,-3.6807,8,32.505,145971.845870259,2001.253
543,590,225,21.925,-1.5704,-3.5258,8,32.832,145971.26187428,2001.255
544,591,226,24.712,-5.0775,-3.2689,8,33.205,145970.66824159,2001.256
545,592,227,25.873,-8.6665,-2.8869,8,33.591,145970.035119476,2001.257
546,593,228,22.316,-3.9017,-3.1374,8,33.947,145969.385011239,2001.258
547,594,229,19.526,1.6339,-4.5026,8,34.208,145968.785946938,2001.262
548,595,230,19.636,3.6434,-3.3854,8,34.438,145968.224877323,2001.265
549,596,231,18.625,7.7428,-3.0344,8,34.728,145967.662343149,2001.266
550,597,232,19.111,7.832,-3.1304,8,34.951,145967.113167738,2001.268
551,598,233,20.797,1.9951,-3.0259,8,35.18,145966.557599221,2001.27
552,599,234,21.429,-6.1539,-3.1733,8,35.371,145965.979440573,2001.271
553,600,235,20.402,-2.6702,-3.4046,8,35.648,145965.392648029,2001.272
554,601,236,20.036,1.8957,-3.7055,8,36.121,145964.819839512,2001.274
555,602,237,20.493,4.0543,-4.1017,8,36.38,145964.251956762,2001.286
556,603,238,20.977,2.9911,-3.63,8,36.594,145963.677918887,2001.288
557,604,239,20.261,4.7154,-4.4036,8,37.122,145963.097310617,2001.289
558,605,240,19.544,9.8224,-3.7635,8,37.299,145962.526403417,2001.297
559,606,241,21.407,10.393,-3.6348,8,37.473,145961.965094622,2001.302
560,607,242,20.223,12.364,-2.3263,8,37.617,145961.378604354,2001.303
561,608,243,21.901,8.9581,-3.0776,8,37.699,145960.808208849,2001.306
562,609,244,21.797,9.35,-2.317,8,37.804,145960.214908936,2001.31
563,610,245,19.975,12.263,-2.5978,8,37.87,145959.623047319,2001.311
564,611,246,19.371,12.045,-3.092,8,37.929,145959.055982828,2001.313
565,612,247,19.307,9.1307,-3.1043,8,37.989,145958.496972787,2001.317
566,613,248,18.692,12.728,-3.5378,8,38.065,145957.938811415,2001.319
567,614,249,18.816,12.528,-3.2153,8,38.171,145957.388758228,2001.325
568,615,250,18.641,12.954,-3.56,8,38.203,145956.837077058,2001.326
569,616,251,18.341,10.685,-2.8138,8,38.226,145956.28769251,2001.327
570,617,252,18.474,9.2535,-3.226,8,38.332,145955.742229123,2001.33
571,618,253,18.097,8.5559,-3.4126,8,38.399,145955.195029864,2001.336
572,619,254,19.947,7.8598,-3.1559,8,38.489,145954.65274095,2001.339
573,620,255,22.426,3.9403,-2.764,8,38.598,145954.086051894,2001.342
574,621,256,24.698,1.0781,-1.9192,8,38.695,145953.48545392,2001.343
575,622,257,20.837,5.6075,-2.3386,8,38.775,145952.852535606,2001.345
576,623,258,18.921,7.8875,-2.8768,8,38.838,145952.273833865,2001.346
577,624,259,19.236,9.1204,-2.5364,8,38.928,145951.72077169,2001.351
578,625,260,18.505,11.962,-2.3143,8,39.004,145951.163551021,2001.354
579,626,261,19.275,7.3713,-2.5502,8,39.117,145950.615946798,2001.356
580,627,262,18.452,7.9504,-2.6221,8,39.216,145950.05820977,2001.366
581,628,263,19.884,5.334,-3.0971,8,39.306,145949.511298183,2001.369
582,629,264,21.035,3.3538,-2.6977,8,39.409,145948.945452923,2001.371
583,630,265,19.061,5.824,-2.5247,8,39.559,145948.364054429,2001.373
584,631,266,20.246,3.9359,-3.4935,8,39.696,145947.809146947,2001.381
585,632,267,23.596,1.1747,-2.9762,8,39.763,145947.238442468,2001.382
586,633,268,25.684,-4.2848,-2.4281,8,39.834,145946.621350962,2001.385
587,634,269,22.219,3.2777,-2.7861,8,39.899,145945.974030871,2001.388
588,635,270,17.802,12.581,-2.0635,8,39.947,145945.376318523,2001.391
589,636,271,15.664,20.338,-2.1779,8,39.986,145944.83785033601,2001.394
590,637,272,14.493,28.276,-1.7716,8,40.046,145944.326496868,2001.395
591,638,273,14.606,29.69,-1.9023,8,40.166,145943.829572414,2001.396
592,639,274,14.316,28.977,-2.249,8,40.25,145943.331268494,2001.397
593,640,275,15.447,25.881,-1.9393,8,40.361,145942.836499359,2001.4
594,641,276,14.731,23.754,-1.9804,8,40.21,145942.327842219,2001.401
595,642,277,15.526,23.264,-2.8242,8,40.059,145941.82800918,2001.403
596,643,278,17.112,18.026,-2.7628,8,39.908,145941.318371684,2001.404
597,644,279,19.335,10.562,-2.8377,8,39.756,145940.788764108,2001.405
598,645,280,20.266,6.8887,-3.136,8,39.605,145940.230232394,2001.406
599,646,281,18.685,7.6579,-2.4422,8,39.454,145939.659258942,2001.407
600,647,282,16.709,11,-2.4228,8,39.303,145939.109298396,2001.408
601,648,283,18.43,16.015,-2.9084,8,39.151,145938.584817422,2001.417
602,649,284,17.324,18.505,-2.0288,8,39,145938.038193663,2001.419
603,650,285,17.257,15.696,-2.216,8,38.849,145937.505875077,2001.421
604,651,286,15.622,17.597,-2.2068,8,38.698,145936.974414412,2001.423
605,652,287,14.596,21.149,-2.425,8,38.546,145936.46358393,2001.424
606,653,288,14.398,22.292,-2.242,8,38.395,145935.965402505,2001.425
607,654,289,15.057,17.904,-2.748,8,38.244,145935.469636021,2001.426
608,655,290,16.58,12.942,-2.4177,8,38.093,145934.965799333,2001.427
609,656,291,14.912,17.913,-2.1525,8,37.941,145934.442952001,2001.431
610,657,292,15.046,14.973,-2.4765,8,37.79,145933.940899077,2001.433
611,658,293,16.334,11.642,-2.4411,8,37.639,145933.437197929,2001.434
612,659,294,18.226,8.7958,-2.5138,8,37.488,145932.917455538,2001.436
613,660,295,20.021,5.2375,-3.2434,8,37.336,145932.373491003,2001.44
614,661,296,20.834,1.4774,-3.3105,8,37.185,145931.805811018,2001.441
615,662,297,22.877,3.0554,-2.5827,8,37.034,145931.227151088,2001.442
616,663,298,21.011,7.7566,-3.1509,8,36.883,145930.620233902,2001.443
617,664,299,17.818,7.051,-2.7764,8,36.731,145930.039163674,2001.446
618,665,300,16.932,13.356,-2.5069,8,36.58,145929.50048947,2001.447
619,666,301,15.058,27.767,-1.4367,8,36.429,145928.973176577,2001.448
620,667,302,14.582,27.169,-1.8671,8,36.278,145928.469327845,2001.449
621,668,303,14.553,32.708,-1.9462,8,36.126,145927.971317781,2001.45
622,669,304,13.882,32.867,-2.1921,8,35.975,145927.473661877,2001.451
623,670,305,13.826,29.146,-2.4224,8,35.824,145926.984149673,2001.452
624,671,306,14.575,23.583,-1.9239,8,35.673,145926.495312784,2001.453
625,672,307,15.25,16.303,-2.7146,8,35.521,145925.997388301,2001.456
626,673,308,14.617,13.664,-2.2496,8,35.37,145925.491170774,2001.457
627,674,309,13.91,14.478,-2.6525,8,35.219,145924.992733183,2001.459
628,675,310,12.96,13.575,-3.2926,8,35.068,145924.502883182,2001.463
629,676,311,12.321,16.943,-2.4244,8,34.916,145924.024404344,2001.464
630,677,312,11.351,17.388,-3.0038,8,34.765,145923.553466517,2001.466
631,678,313,12.619,16.176,-2.208,8,34.614,145923.093811864,2001.467
632,679,314,13.699,12.674,-2.5674,8,34.463,145922.619368029,2001.469
633,680,315,15.725,12.18,-2.2267,8,34.312,145922.132060311,2001.47
634,681,316,16.293,12.538,-2.617,8,34.16,145921.619948043,2001.471
635,682,317,13.987,14.856,-2.1346,8,34.009,145921.100722358,2001.474
636,683,318,15.093,14.529,-1.8688,8,33.858,145920.609942431,2001.475
637,684,319,15.59,13.349,-1.931,8,33.707,145920.10566281,2001.476
638,685,320,15.026,10.034,-2.2976,8,33.555,145919.595231,2001.478
639,686,321,15.908,7.3406,-2.5562,8,33.739,145919.091776707,2001.482
640,687,322,16.049,2.6576,-2.5125,8,33.743,145918.577380412,2001.483
641,688,323,14.55,-2.6922,-2.4341,8,33.695,145918.061219242,2001.486
642,689,324,14.2,-4.7967,-2.5231,8,33.68,145917.563600375,2001.488
643,690,325,13.705,9.0839,-1.7239,8,33.689,145917.070241156,2001.491
644,691,326,13.178,20.383,-2.3781,8,33.714,145916.582861505,2001.492
645,692,327,13.404,24.175,-2.2849,8,33.738,145916.101790562,2001.494
646,693,328,13.102,25.035,-2.1807,8,33.76,145915.618021439,2001.495
647,694,329,12.442,24.649,-1.9958,8,33.793,145915.137855459,2001.496
648,695,330,9.8584,23.267,-1.7056,8,33.781,145914.665496644,2001.498
649,696,331,7.5795,19.586,-1.2368,8,33.763,145914.222821922,2001.499
650,697,332,6.6972,23.421,-1.1582,8,33.782,145913.805191043,2001.5
651,698,333,7.0696,28.038,-1.4045,8,33.774,145913.396974816,2001.504
652,699,334,9.0845,23.387,-1.5066,8,33.75,145912.984803858,2001.505
653,700,335,13.251,12.554,-1.1066,8,33.697,145912.550752357,2001.506
654,701,336,13.766,11.953,-1.3624,8,33.768,145912.068811221,2001.509
655,702,337,12.892,8.5881,-1.9386,8,33.83,145911.580697727,2001.513
656,703,338,12.917,2.8039,-2.2525,8,33.86,145911.10302599,2001.514
657,704,339,13.29,6.5128,-2.025,8,33.886,145910.625057847,2001.515
658,705,340,15.87,1.9893,-2.3371,8,33.922,145910.14265134,2001.518
659,706,341,16.128,3.1242,-2.3458,8,33.955,145909.628730334,2001.52
660,707,342,14.373,7.7676,-2.1703,8,33.988,145909.111578815,2001.521
661,708,343,12.806,13.972,-2.4245,8,33.999,145908.616117758,2001.523
662,709,344,13.097,16.276,-2.0174,8,33.997,145908.13946483,2001.525
663,710,345,15.11,13.834,-2.1456,8,33.995,145907.659358641,2001.526
664,711,346,16.737,11.269,-2.0038,8,34.011,145907.154870011,2001.529
665,712,347,14.841,9.8575,-2.2686,8,34.025,145906.630035406,2001.53
666,713,348,12.678,12.078,-2.0514,8,33.993,145906.1288554,2001.531
667,714,349,10.568,20.189,-1.8962,8,33.945,145905.653715867,2001.535
668,715,350,9.3154,26.017,-1.998,8,33.92,145905.203026673,2001.536
669,716,351,9.9059,20.649,-1.971,8,33.896,145904.766415482,2001.538
670,717,352,12.476,9.7361,-1.8929,8,33.903,145904.323207861,2001.54
671,718,353,13.845,10.52,-2.1057,8,33.923,145903.850449534,2001.541
672,719,354,12.132,13.998,-2.552,8,33.949,145903.361384547,2001.542
673,720,355,12.595,9.1248,-2.3397,8,33.934,145902.892661473,2001.543
674,721,356,11.819,9.9248,-2.0332,8,33.925,145902.418501497,2001.544
675,722,357,8.5517,19.171,-1.8389,8,33.904,145901.953428437,2001.545
676,723,358,9.0781,20.253,-1.6924,8,33.883,145901.525243014,2001.547
677,724,359,10.712,14.434,-1.5978,8,33.876,145901.09126273,2001.548
678,725,360,9.7885,21.275,-1.6436,8,33.878,145900.638934562,2001.551
679,726,361,8.0967,28.382,-1.7381,8,33.877,145900.197044258,2001.555
680,727,362,8.5595,28.045,-1.6694,8,33.862,145899.773822482,2001.56
681,728,363,10.526,18.178,-1.7997,8,33.858,145899.345551682,2001.562
682,729,364,11.12,14.634,-1.7504,8,33.872,145898.895340001,2001.564
683,730,365,11.34,13.621,-2.2665,8,33.885,145898.43834432,2001.567
684,731,1,11.396,9.9804,-2.321,9,33.871,145897.978817457,2001.569
685,732,2,11.374,8.6963,-1.9635,9,33.855,145897.518644695,2001.57
686,733,3,10.793,12.705,-2.4222,9,33.864,145897.058725781,2001.572
687,734,4,11.523,16.45,-2.2711,9,33.854,145896.605473859,2001.573
688,735,5,10.407,22.488,-2.3353,9,33.861,145896.143833881,2001.575
689,736,6,10.034,22.176,-2.1623,9,33.859,145895.694972621,2001.577
690,737,7,9.6261,16.203,-2.1452,9,33.852,145895.250324892,2001.579
691,738,8,11.499,10.409,-2.0716,9,33.851,145894.810252161,2001.58
692,739,9,11.088,12.392,-2.1927,9,33.88,145894.34888979,2001.583
693,740,10,9.526,21.359,-1.9543,9,33.869,145893.892261618,2001.584
694,741,11,10.949,17.028,-1.9401,9,33.851,145893.453306436,2001.585
695,742,12,9.3959,17.541,-2.0817,9,33.858,145892.998271441,2001.586
696,743,13,10.558,12.368,-1.9134,9,33.856,145892.560765639,2001.588
697,744,14,10.388,9.1599,-2.1357,9,33.865,145892.110190608,2001.589
698,745,15,7.5039,8.3014,-2.3015,9,33.863,145891.661544821,2001.592
699,746,16,8.7764,2.156,-1.8619,9,33.839,145891.244727525,2001.593
700,747,17,8.5789,15.215,-1.6858,9,33.813,145890.814075767,2001.595
701,748,18,9.0756,15.052,-2.1266,9,33.828,145890.385592691,2001.597
702,749,19,8.6911,11.283,-2.555,9,33.837,145889.951640465,2001.598
703,750,20,9.9923,7.0846,-1.9756,9,33.797,145889.52192637,2001.599
704,751,21,12.235,5.6075,-2.1442,9,33.789,145889.077748144,2001.6
705,752,22,12.972,5.5768,-2.0689,9,33.805,145888.607820023,2001.602
706,753,23,11.65,7.2835,-2.6268,9,33.828,145888.12920018,2001.603
707,754,24,12.596,4.2079,-2.2284,9,33.801,145887.666089893,2001.604
708,755,25,14.009,-1.1141,-2.5716,9,33.795,145887.191918728,2001.605
709,756,26,13.688,0.57796,-2.7243,9,33.79,145886.700874221,2001.608
710,757,27,11.772,6.1442,-2.7298,9,34,145886.213700234,2001.609
711,758,28,12.631,1.084,-2.3394,9,34,145885.749174109,2001.613
712,759,29,11.275,0.33519,-2.6191,9,34,145885.274590179,2001.615
713,760,30,12.475,-2.5869,-2.9013,9,34,145884.815812724,2001.618
714,761,31,13.049,-0.91817,-2.7597,9,34,145884.343066933,2001.619
715,762,32,12.812,-1.9331,-3.0475,9,34,145883.863532546,2001.62
716,763,33,11.974,-5.4315,-2.9831,9,34,145883.386809583,2001.627
717,764,34,9.2273,4.3717,-2.4518,9,34,145882.919932337,2001.628
718,765,35,9.9515,11.506,-1.9248,9,34,145882.4843,2001.63
719,766,36,9.6196,13.553,-1.6842,9,34,145882.040580834,2001.634
720,767,37,11.446,9.6031,-1.6878,9,34,145881.600581216,2001.635
721,768,38,11.306,10.502,-2.6182,9,34,145881.139831821,2001.639
722,769,39,11.81,7.0949,-2.8488,9,34,145880.680697465,2001.641
723,770,40,13.339,12.928,-2.5985,9,34,145880.215729897,2001.643
724,771,41,13.083,20.093,-1.9781,9,34,145879.732739364,2001.644
725,772,42,13.897,16.214,-1.8827,9,34,145879.252800862,2001.65
726,773,43,11.612,12.336,-1.9185,9,34,145878.763109634,2001.656
727,774,44,9.649,8.457,-2.0755,9,34,145878.300440096,2001.658
728,775,45,11.377,4.5784,-2.3861,9,34,145877.860112048,2001.659
729,776,46,10.508,0.6999,-2.5702,9,34,145877.400159283,2001.66
730,777,47,11.744,-3.1787,-2.4296,9,34,145876.950152862,2001.661
731,778,48,15.836,-9.2622,-2.7699,9,34,145794.612185348,2001.662
732,779,49,19.268,-3.0797,-3.2178,9,34,145794.098693948,2001.663
733,780,50,17.939,2.4339,-3.1164,9,34,145793.541056927,2001.665
734,781,51,19.567,2.36,-3.0778,9,34,145793.000823829,2001.666
735,782,52,20.914,-1.833,-2.6541,9,34,145792.43921689,2001.671
736,783,53,21.519,-1.2955,-1.8053,9,34,145791.859475169,2001.677
737,784,54,19.363,6.8799,-2.8775,9,34,145791.271454253,2001.68
738,785,55,18.963,4.994,-2.8209,9,34,145790.712558178,2001.682
739,786,56,24.039,-0.60739,-2.1672,9,34,145790.158950292,2001.684
740,787,57,20.884,-1.8366,-3.0832,9,34,145789.535538889,2001.685
741,788,58,15.252,-6.8749,-2.844,9,34,145788.956205679,2001.686
742,789,59,14.749,-10.664,-2.7616,9,34,145788.449969232,2001.687
743,790,60,11.375,-6.7258,-2.9304,9,34,145787.949922145,2001.69
744,791,61,11.52,-8.1005,-2.4335,9,34,145787.489995909,2001.695
745,792,62,15.925,-11.024,-1.6764,9,34,145787.02839484,2001.697
746,793,63,15.675,-11.853,-0.91465,9,34,145786.513791665,2001.699
747,794,64,15.264,-9.4796,-0.21649,9,34,145786.002308016,2001.7
748,795,65,12.88,-3.5931,-1.7594,9,34,145785.495923369,2001.701
749,796,66,12.685,-4.766,-2.3583,9,34,145785.018398902,2001.702
750,797,67,10.737,0.99624,-2.0579,9,34,145784.543181511,2001.705
751,798,68,11.466,3.7121,-1.8497,9,34,145784.090572741,2001.709
752,799,69,13.146,5.9424,-1.6691,9,34,145783.629596054,2001.712
753,800,70,15.12,1.0906,-1.5153,9,34,145783.148911623,2001.713
754,801,71,15.292,-1.2099,-1.6418,9,34,145782.644304948,2001.715
755,802,72,14.52,-5.7898,-1.9322,9,34,145782.137574229,2001.717
756,803,73,14.112,-7.4819,-2.0148,9,34,145781.640327153,2001.718
757,804,74,11.754,2.684,-2.6552,9,34,145781.148040387,2001.719
758,805,75,10.817,6.1779,-1.5683,9,34,145780.683727441,2001.72
759,806,76,9.7011,3.171,-1.3511,9,34,145780.23020592,2001.721
760,807,77,10.006,1.8562,-2.6643,9,34,145779.789298796,2001.722
761,808,78,10.961,-0.12404,-2.6893,9,34,145779.344970512,2001.725
762,809,79,12.538,1.571,-2.0343,9,34,145778.88980248,2001.726
763,810,80,13.074,4.7285,-2.248,9,34,145778.41631919,2001.732
764,811,81,13.33,4.2196,-2.3581,9,34,145777.936491797,2001.733
765,812,82,13.882,0.33519,-1.1882,9,34,145777.453612927,2001.738
766,813,83,12.529,4.9816,-2.1894,9,34,145776.964106861,2001.74
767,814,84,12.116,5.4671,-1.2983,9,34,145776.490729653,2001.744
768,815,85,10.914,5.3954,-1.9461,9,34,145776.022198628,2001.748
769,816,86,10.413,4.6934,-2.2754,9,34,145775.567568615,2001.751
770,817,87,11.699,5.0371,-2.3947,9,34,145775.118643867,2001.752
771,818,88,12.581,2.6942,-2.1935,9,34,145774.654969649,2001.754
772,819,89,13.788,-3.7335,-2.2598,9,34,145774.180979816,2001.757
773,820,90,14.399,-2.0706,-2.4727,9,34,145773.69260702,2001.76
774,821,91,14.35,-10.68,-2.3745,9,34,145773.196835084,2001.763
775,822,92,13.07,-18.992,-2.0143,9,34,145772.701659504,2001.768
776,823,93,12.305,-17.56,-2.1212,9,34,145772.22187991,2001.772
777,824,94,12.499,-13.841,-1.4808,9,34,145771.751135771,2001.774
778,825,95,12.756,-7.0139,-2.1452,9,34,145771.278112001,2001.775
779,826,96,12.277,-6.0779,-1.7606,9,34,145770.802056083,2001.777
780,827,97,9.4385,6.7117000000000004,-1.1697,9,34,145770.331640367,2001.782
781,828,98,11.4,7.9153,-0.43859,9,34,145769.893664863,2001.784
782,829,99,13.554,0.95967,-1.9099,9,34,145769.433450868,2001.786
783,830,100,15.063,-0.01435,-2.4419,9,34,145768.947890863,2001.787
784,831,101,14.812,0.33665,-2.2904,9,34,145768.443987281,2001.788
785,832,102,13.422,0.14068,-3.1099,9,34,145767.943168816,2001.791
786,833,103,14.091,-2.6629,-2.587,9,34,145767.45919032,2001.792
787,834,104,15.168,-4.0845,-3.3032,9,34,145766.967158481,2001.795
788,835,105,16.627,-6.2066,-3.1971,9,34,145766.461960371,2001.796
789,836,106,16.544,-12.081,-2.1221,9,34,145765.938525697,2001.798
790,837,107,14.297,-11.264,-2.5779,9,34,145765.416140944,2001.8
791,838,108,14.599,-9.6069,-2.4913,9,34,145764.921610121,2001.802
792,839,109,15.2,-6.0047,-2.37,9,34,145764.423399185,2001.806
793,840,110,14.859,-5.0717,-2.4362,9,34,145763.917806161,2001.808
794,841,111,14.611,-1.9522,-2.9483,9,34,145763.416411233,2001.811
795,842,112,14.424,1.3341,-2.6631,9,34,145762.918053724,2001.812
796,843,113,15.322,-1.5675,-2.8138,9,34,145762.421977785,2001.813
797,844,114,15.237,-6.5634,-3.0184,9,34,145761.914876793,2001.814
798,845,115,16.775,-12.359,-2.9002,9,34,145761.408826854,2001.819
799,846,116,17.479,-15.379,-2.8763,9,34,145760.883516548,2001.823
800,847,117,14.769,-11.143,-3.1559,9,34,145760.349217392,2001.824
801,848,118,15.408,-9.446,-3.5712,9,34,145759.848926426,2001.825
802,849,119,16.431,-15.333,-3.3075,9,34,145759.340760553,2001.827
803,850,120,13.93,-11.981,-3.4019,9,34,145758.819803045,2001.829
804,851,121,14.18,-16.675,-3.4715,9,34,145758.329718392,2001.83
805,852,122,14.767,-22.376,-2.8358,9,34,145757.836608351,2001.832
806,853,123,15.728,-15.691,-2.0713,9,34,145757.336342,2001.834
807,854,124,14.27,-5.177,-3.0334,9,34,145756.824199401,2001.835
808,855,125,14.808,-1.879,-2.5401,9,34,145756.329996999,2001.837
809,856,126,14.542,0.81635,-2.7056,9,34,145755.829228097,2001.838
810,857,127,15.995,0.041225,-3.6525,9,34,145755.331713635,2001.84
811,858,128,18.187,-8.197,-2.6435,9,34,145754.816235929,2001.843
812,859,129,18.581,-10.138,-3.0935,9,34,145754.272786763,2001.845
813,860,130,14.25,-2.1628,-3.4115,9,34,145753.724197334,2001.846
814,861,131,14.959,-1.7342,-4.2003,9,34,145753.230237971,2001.85
815,862,132,16.154,-3.0563,-4.049,9,34,145752.727614986,2001.852
816,863,133,15.35,-1.4066,-2.6429,9,34,145752.210143894,2001.853
817,864,134,15.514,-1.5748,-3.4066,9,34,145751.70269677,2001.855
818,865,135,16.599,-3.5763,-3.2604,9,34,145751.193216379,2001.856
819,866,136,16.813,-5.7532,-3.3972,9,34,145750.670136724,2001.858
820,867,137,18.114,-11.242,-2.5718,9,34,145750.144344477,2001.864
821,868,138,19.403,-14.176,-3.1579,9,34,145749.601844121,2001.865
822,869,139,16.938,-9.0833,-2.8334,9,34,145749.042419207,2001.866
823,870,140,15.96,-1.2955,-3.508,9,34,145748.515037913,2001.869
824,871,141,16.118,0.96991,-3.2529,9,34,145747.999998582,2001.871
825,872,142,16.752,-3.343,-3.597,9,34,145747.482979536,2001.873
826,873,143,15.981,-2.1993,-3.8291,9,34,145746.957961674,2001.876
827,874,144,17.11,-2.0969,-3.9938,9,34,145746.442659594,2001.879
828,875,145,19.552,-6.9086,-3.529,9,34,145745.913086176,2001.883
829,876,146,23.239,-14.914,-3.8199,9,34,145745.351681089,2001.884
830,877,147,24.205,-18.48,-2.7415,9,34,145744.739666282,2001.887
831,878,148,22.486,-15.761,-3.4276,9,34,145744.11387425,2001.888
832,879,149,17.656,-6.9875,-3.521,9,34,145743.512448691,2001.889
833,880,150,18.492,-6.793,-5.7399,9,34,145742.975873145,2001.89
834,881,151,19.768,-5.566,-4.2584,9,34,145742.428448386,2001.893
835,882,152,17.571,1.4131,-3.5138,9,34,145741.864163763,2001.894
836,883,153,18.344,0.87631,-4.3805,9,34,145741.328682709,2001.896
837,884,154,22.454,-5.4885,-3.9561,9,34,145740.783190011,2001.9
838,885,155,24.458,-9.4855,-3.4113,9,34,145740.182211724,2001.901
839,886,156,21.154,-7.4044,-3.6867,9,34,145739.552775614,2001.907
840,887,157,16.765,7.0993,-3.7573,9,34,145738.969762141,2001.91
841,888,158,15.763,16.475,-3.8282,9,34,145738.444579719,2001.912
842,889,159,14.836,21.876,-4.1122,9,34,145737.932001617,2001.913
843,890,160,16.097,17.438,-3.51,9,34,145737.43089003,2001.915
844,891,161,18.325,9.0751,-3.1844,9,34,145736.914134884,2001.917
845,892,162,18.533,1.1118,-3.3128,9,34,145736.368890059,2001.922
846,893,163,17.83,-2.2915,-4.3967,9,34,145735.820929528,2001.924
847,894,164,15.709,3.3494,-4.0598,9,34,145735.282109006,2001.926
848,895,165,15.803,3.1797,-3.2224,9,34,145734.770204098,2001.927
849,896,166,16.627,0.83683,-2.8124,9,34,145734.257127182,2001.928
850,897,167,16.58,1.6529,-3.0805,9,34,145733.733693919,2001.933
851,898,168,16.137,1.043,-3.7158,9,34,145733.210855383,2001.936
852,899,169,19.757,-3.8739,-3.0313,9,34,145732.69359854,2001.942
853,900,170,22.88,-9.4109,-2.6798,9,34,145732.129461282,2001.943
854,901,171,18.831,-2.505,-2.4904,9,34,145731.522511999,2001.944
855,902,172,17.752,1.5183,-3.8253,9,34,145730.97064408,2001.95
856,903,173,18.273,1.922,-3.9625,9,34,145730.432831128,2001.955
857,904,174,19.301,0.0266,-3.6432,9,34,145729.888264028,2001.956
858,905,175,18.914,-0.50867,-4.1513,9,34,145729.330192834,2001.958
859,906,176,19.532,-4.6154,-4.0641,9,34,145728.777233125,2001.959
860,907,177,18.95,-4.2995,-3.9726,9,34,145728.216094951,2001.961
861,908,178,18.934,-2.4977,-4.3572,9,34,145727.662661223,2001.966
862,909,179,18.627,-2.4904,-4.2632,9,34,145727.109438255,2001.968
863,910,180,17.727,-0.42677,-3.7589,9,34,145726.560247686,2001.97
864,911,181,19.23,0.44049,-3.7459,9,34,145726.022757516,2001.972
865,912,182,20.024,0.91141,-3.9969,9,34,145725.465626777,2001.979
866,913,183,18.568,0.88363,-4.0649,9,34,145724.897916372,2001.983
867,914,184,18.057,4.8485,-4.3002,9,34,145724.349498447,2001.984
868,915,185,17.706,9.935,-4.0022,9,34,145723.807739124,2001.987
869,916,186,20.008,6.7892,-4.4593,9,34,145723.270519942,2001.989
870,917,187,19.636,7.2514,-3.6171,9,34,145722.703024236,2001.992
871,918,188,17.205,12.319,-4.0621,9,34,145722.140501607,2001.993
872,919,189,17.971,9.5636,-4.5215,9,34,145721.609715649,2001.996
873,920,190,18.377,6.3416,-4.6264,9,34,145721.069071368,2002
