"","Day_of_year","Discont_day_of_year","Air_temp_daily_ave_degree_C","Water_table_daily_ave_cm","GPP_gC_m2_day","Wetland_age_years","Sal","S1","S2"
"1",48,48,11.338,9.1186,-1.5199,7,38,146323.033224023,0.0695855276354142
"2",49,49,10.392,11.258,-1.4719,7,38,146322.573703965,0.0643373136601669
"3",50,50,7.7242,8.1929,-1.5599,7,38,146322.124996766,0.059595132417595
"4",51,51,6.8346,5.4799,-1.74,7,38,146321.705792734,0.0554825813425568
"5",52,52,8.3851,5.4609,-1.6602,7,38,146321.296106673,0.0517378279988016
"6",53,53,9.0685,6.3984,-1.7571,7,38,146320.869728656,0.0481074569553235
"7",54,54,7.4213,4.3991,-1.7243,7,38,146320.435839404,0.0446737937217207
"8",55,55,7.8106,4.0291,-1.7122,7,38,146320.019893996,0.0416129985234075
"9",56,56,8.6467,5.5019,-1.6788,7,38,146319.599757177,0.038733799124405
"10",57,57,8.7702,10.363,-1.6943,7,38,146319.170515179,0.0359972496071473
"11",58,58,8.6694,12.46,-1.5202,7,38,146318.739916273,0.0334460514437053
"12",59,59,8.7248,12.702,-1.4429,7,38,146318.310425128,0.0310814221327893
"13",60,60,11.224,16.795,-1.3032,7,38,146317.880325433,0.0288808128125127
"14",61,61,9.2153,17.692,-1.2693,7,38,146317.422118451,0.0267063069286227
"15",62,62,8.3087,15.719,-1.3428,7,38,146316.986603446,0.024792138877865
"16",63,63,8.6483,11.652,-1.4515,7,38,146316.561059405,0.0230545807930611
"17",64,64,10.189,8.5731,-1.704,7,38,146316.131799956,0.0214250343692804
"18",65,65,12.07,8.032,-1.8131,7,38,146315.685389153,0.019851906376886
"19",66,66,14.828,7.3051,-1.8353,7,38,146315.217374637,0.0183258039051874
"20",67,67,14.466,5.4916,-1.62,7,38,146314.71633708,0.0168205768709144
"21",68,68,12.526,4.6434,-1.8008,7,38,146314.219726516,0.0154507801943778
"22",69,69,12.779,4.7545,-1.8079,7,38,146313.74636344,0.014249699665607
"23",70,70,13.163,4.0686,-1.3852,7,38,146313.270013938,0.0131351686346925
"24",71,71,15.383,5.4024,-1.8784,7,38,146312.789105808,0.012098238249009
"25",72,72,14.509,9.2839,-1.6286,7,38,146312.281226277,0.0110911917635205
"26",73,73,10.978,9.6437,-1.3454,7,38,146311.784091433,0.0101869100470179
"27",74,74,10.267,9.8089,-1.5707,7,38,146311.328708519,0.00942412635777762
"28",75,75,10.168,12.371,-1.2723,7,38,146310.881416633,0.00873061745848296
"29",76,76,9.6412,11.128,-1.3404,7,38,146310.435243072,0.00808969037378062
"30",77,77,9.8975,10.123,-2.1496,7,38,146309.994986364,0.00750345019549804
"31",78,78,12.142,9.8104,-1.483,7,38,146309.551858124,0.00695624299711868
"32",79,79,13.168,11.096,-1.297,7,38,146309.083002236,0.00642037123110726
"33",80,80,16.268,13.114,-1.2288,7,38,146308.60203471,0.00591337700270975
"34",81,81,13.066,14.088,-1.4015,7,38,146308.083106871,0.00541068133910013
"35",82,82,10.897,8.1753,-1.8514,7,38,146307.603353429,0.00498445426457066
"36",83,83,10.735,7.8843,-2.3513,7,38,146307.14889772,0.00461191075599313
"37",84,84,9.8476,5.8002,-2.1561,7,38,146306.696292038,0.0042685702077702
"38",85,85,11.167,5.1977,-2.7401,7,38,146306.253724049,0.00395762989077376
"39",86,86,14.112,7.5845,-1.3427,7,38,146305.796172933,0.0036598689747641
"40",87,87,16.344,9.8118,-1.4358,7,38,146305.303864655,0.00336422858301321
"41",88,88,17.953,11.342,-1.3704,7,38,146304.783980208,0.00307770482203297
"42",89,89,18.368,12.762,-0.7297,7,38,146304.24354279,0.00280552950548416
"43",90,90,14.616,13.253,-1.0596,7,38,146303.697711507,0.00255501902445963
"44",91,91,13.775,13.043,-2.0023,7,38,146303.199270438,0.00234612615703305
"45",92,92,13.319,12.801,-1.6963,7,38,146302.71103267,0.00215812306918326
"46",93,93,12.933,10.135,-2.0053,7,38,146302.228264084,0.00198706501890423
"47",94,94,13.299,7.115,-2.1154,7,38,146301.750090582,0.00183101995859062
"48",95,95,14.262,6.1644,-1.8586,7,38,146301.267560898,0.00168595733883837
"49",96,96,15.555,6.8474,-2.0989,7,38,146300.773433239,0.00154927184186078
"50",97,97,15.567,6.1454,-1.6269,7,38,146300.263420265,0.00141975002007966
"51",98,98,13.902,-1.4465,-2.0863,7,38,146299.753258192,0.00130102236005801
"52",99,99,16.061,-8.1462,-1.8715,7,38,146299.263489463,0.00119644681519097
"53",100,100,15.048,-10.828,-0.54657,7,38,146298.747161519,0.00109521896413934
"54",101,101,12.714,-0.17996,-1.0165,7,38,146298.243420436,0.00100474872606369
"55",102,102,11.732,1.42,-1.7219,7,38,146297.767840105,0.000926258674258425
"56",103,103,12.732,-0.071737,-1.4448,7,38,146297.303762645,0.000855599315617565
"57",104,104,14.467,4.1132,-1.4944,7,38,146296.827969609,0.000788731397502611
"58",105,105,13.116,9.1932,-1.1189,7,38,146296.331347593,0.00072447181777195
"59",106,106,10.412,11.889,-1.3003,7,38,146295.850999776,0.000667325737874331
"60",107,107,11.227,9.5632,-1.4458,7,38,146295.402066891,0.000618031853160916
"61",108,108,11.501,10.012,-1.593,7,38,146294.943826249,0.000571460734600995
"62",109,109,11.925,10.458,-1.5796,7,38,146294.482425374,0.000528110667439738
"63",110,110,13.349,7.8404,-2.1061,7,38,146294.016103291,0.000487634360242862
"64",111,111,15.151,6.1819,-1.813,7,38,146293.5329766,0.000448953728116953
"65",112,112,16.26,6.3048,-2.0361,7,38,146293.027966083,0.000411776686178072
"66",113,113,16.234,7.191,-1.8883,7,38,146292.509139553,0.000376773107978477
"67",114,114,13.88,8.2353,-2.588,7,38,146291.990640019,0.000344764613233744
"68",115,115,13.385,9.553,-2.9281,7,38,146291.501137082,0.000317066483694775
"69",116,116,12.688,10.9,-3.2044,7,38,146291.017580096,0.000291893952003846
"70",117,117,14.62,11.07,-2.3936,7,38,146290.542307224,0.000269105330756916
"71",118,118,13.83,12.06,-2.3465,7,38,146290.043817808,0.000247100438671418
"72",119,119,13.53,12.765,-2.104,7,38,146289.554917922,0.000227272259239855
"73",120,120,12.703,11.526,-2.3265,7,38,146289.069624683,0.000209165743727086
"74",121,121,12.807,11.32,-2.315,7,38,146288.594174689,0.000192829899392557
"75",122,122,13.809,11.172,-2.6156,7,38,146288.117494837,0.000177732068481072
"76",123,123,12.984,5.3615,-2.8577,7,38,146287.628848118,0.000163477382755549
"77",124,124,14.611,-2.5551,-2.2789,7,38,146287.150069887,0.000150623044584309
"78",125,125,13.472,-4.8731,-2.4893,7,38,146286.651690614,0.000138309114287394
"79",126,126,13.449,-10.615,-1.9084,7,38,146286.167092561,0.000127305481078258
"80",127,127,15.333,-16.949,-1.5676,7,38,146285.68276996,0.000117182862245256
"81",128,128,14.63,-15.691,-1.6087,7,38,146285.175510704,0.000107437135647851
"82",129,129,14.811,-6.223,-1.244,7,38,146284.676899267,9.86498131009708e-05
"83",130,130,14.286,-4.1931,-1.301,7,38,146284.176071508,9.05463989516807e-05
"84",131,131,16.748,-2.4103,-2.3076,7,38,146283.681652973,8.32010246419685e-05
"85",132,132,17.795,2.2858,-1.287,7,38,146283.156662377,7.60468105911607e-05
"86",133,133,15.377,3.8434,-1.2371,7,38,146282.618269462,6.93458019482671e-05
"87",134,134,14.067,5.0733,-2.6657,7,38,146282.110465528,6.35725126153736e-05
"88",135,135,14.623,6.1468,-2.9173,7,38,146281.618703148,5.84422231252936e-05
"89",136,136,14.686,7.1486,-2.5773,7,38,146281.120177431,5.3663002432718e-05
"90",137,137,14.225,7.8565,-2.9011,7,38,146280.620881196,4.92680275770371e-05
"91",138,138,13.708,7.3344,-3.7197,7,38,146280.127203659,4.52770774258922e-05
"92",139,139,13.345,6.1132,-3.6214,7,38,146279.639773184,4.16544676517122e-05
"93",140,140,13.386,4.2353,-3.2621,7,38,146279.156694875,3.83505878612178e-05
"94",141,141,14.234,1.6803,-3.19,7,38,146278.673126426,3.5305763849499e-05
"95",142,142,14.024,1.2708,-4.1535,7,38,146278.179339713,3.24452096855015e-05
"96",143,143,14.399,1.2299,-3.3969,7,38,146277.688097799,2.98295742462643e-05
"97",144,144,14.221,1.6379,-3.2635,7,38,146277.192305028,2.74031836300116e-05
"98",145,145,15.111,1.4697,-2.3106,7,38,146276.698676183,2.5183602928075e-05
"99",146,146,14.929,1.6218,-3.2879,7,38,146276.194159713,2.31001486546366e-05
"100",147,147,17.35,2.2683,-3.0929,7,38,146275.6918836,2.11972969213359e-05
"101",148,148,20.394,3.5304,-2.9584,7,38,146275.159216852,1.93487376665793e-05
"102",149,149,17.806,5.3761,-2.4693,7,38,146274.586501551,1.75383866430899e-05
"103",150,150,13.777,5.6554,-3.5936,7,38,146274.047966926,1.59925602604473e-05
"104",151,151,13.51,6.5739,-3.705,7,38,146273.559706256,1.4710881935109e-05
"105",152,152,15.895,1.812,-3.28,7,38,146273.074653421,1.35394385981326e-05
"106",153,153,20.051,-0.53242,-2.9594,7,38,146272.560404464,1.23983456077864e-05
"107",154,154,18.443,-0.56752,-2.4679,7,38,146271.992305874,1.12473799279851e-05
"108",155,155,15.922,-2.0812,-2.0837,7,38,146271.445497172,1.02412602774065e-05
"109",156,156,15.094,-5.1685,-2.5717,7,38,146270.930910727,9.37758513354171e-06
"110",157,157,14.927,-4.4373,-2.6945,7,38,146270.426604064,8.6020844600474e-06
"111",158,158,15.665,-3.7119,-3.179,7,38,146269.924352771,7.8935297072286e-06
"112",159,159,16.564,-2.5039,-2.769,7,38,146269.412973008,7.23187198038527e-06
"113",160,160,16.364,-0.69037,-3.4823,7,38,146268.89031346,6.61270247490311e-06
"114",161,161,15.181,-0.23407,-2.6182,7,38,146268.370178601,6.04919878795767e-06
"115",162,162,16.864,0.86865,-2.2529,7,38,146267.864798908,5.54791336105013e-06
"116",163,163,18.428,5.1801,-2.559,7,38,146267.338336005,5.0695643893004e-06
"117",164,164,17.003,8.3815,-3.0161,7,38,146266.791723391,4.61623073976208e-06
"118",165,165,16.499,9.3365,-3.2057,7,38,146266.263491588,4.21691479110811e-06
"119",166,166,15.673,12.185,-3.2327,7,38,146265.741653654,3.856426922785e-06
"120",167,167,16.376,12.447,-3.973,7,38,146265.230174467,3.53310929486077e-06
"121",168,168,16.726,9.9405,-3.8814,7,38,146264.709888533,3.23194919728067e-06
"122",169,169,16.525,5.9947,-3.7288,7,38,146264.185177793,2.95418606592415e-06
"123",170,170,14.864,3.5962,-4.1104,7,38,146263.663011469,2.70148973402251e-06
"124",171,171,14.189,1.8997,-3.6084,7,38,146263.161534266,2.47930041781205e-06
"125",172,172,15.375,0.34215,-3.4158,7,38,146262.668294294,2.27863725567688e-06
"126",173,173,18.606,0.2544,-2.7635,7,38,146262.160515975,2.08894109367507e-06
"127",174,174,22.093,0.60979,-2.1867,7,38,146261.611575966,1.90137052906725e-06
"128",175,175,18.835,7.289,-1.681,7,38,146261.015599343,1.71646091816386e-06
"129",176,176,17.216,6.0576,-3.3622,7,38,146260.463654458,1.56151734990883e-06
"130",177,177,16.09,5.3176,-3.9187,7,38,146259.932704004,1.42576726861125e-06
"131",178,178,15.311,6.1965,-4.0065,7,38,146259.416014131,1.30505103874424e-06
"132",179,179,15.751,5.2298,-4.5087,7,38,146258.909028227,1.19657029556521e-06
"133",180,180,17.792,2.2463,-4.0717,7,38,146258.3965775,1.09606645137677e-06
"134",181,181,20.428,2.941,-3.4468,7,38,146257.85822444,9.99491037592307e-07
"135",182,182,17.087,6.9556,-2.1045,7,38,146257.285050892,9.05901562267088e-07
"136",183,183,16.813,2.6163,-4.1008,7,38,146256.755748445,8.27384503031664e-07
"137",184,184,17.36,1.3674,-4.2614,7,38,146256.229934002,7.56131449622962e-07
"138",185,185,16.941,2.3823,-3.8467,7,38,146255.697139925,6.90175821822116e-07
"139",186,186,17.504,-0.030787,-3.9128,7,38,146255.16969816,6.30560428718909e-07
"140",187,187,20.252,-2.7247,-3.634,7,38,146254.635055749,5.75372881705024e-07
"141",188,188,18.894,-1.0604,-2.749,7,38,146254.06425589,5.21713169256353e-07
"142",189,189,17.543,2.3575,-3.6857,7,38,146253.511535232,4.74554261956695e-07
"143",190,190,18.74,2.4291,-3.6952,7,38,146252.976391504,4.32982792326625e-07
"144",191,191,18.396,3.8902,-3.012,7,38,146252.425694994,3.93983556092259e-07
"145",192,192,17.903,5.319,-3.267,7,38,146251.879500759,3.58778646967078e-07
"146",193,193,18.187,10.469,-4.2795,7,38,146251.339713001,3.27084551150776e-07
"147",194,194,18.733,12.405,-5.141,7,38,146250.796241327,2.9799889712928e-07
"148",195,195,17.225,13.376,-4.0646,7,38,146250.245636795,2.71162155160306e-07
"149",196,196,16.799,11.905,-4.3353,7,38,146249.714571687,2.47583786854656e-07
"150",197,197,17.334,9.5471,-4.119,7,38,146249.188935328,2.26269256528698e-07
"151",198,198,17.018,5.817,-4.168,7,38,146248.65647481,2.06544285221204e-07
"152",199,199,17.234,1.012,-3.452,7,38,146248.128052657,1.88671390947189e-07
"153",200,200,17.796,-0.7986,-3.9813,7,38,146247.59687252,1.72262391963426e-07
"154",201,201,19.112,-6.0358,-3.8031,7,38,146247.058468279,1.57082781511797e-07
"155",202,202,18.404,-4.8936,-2.3355,7,38,146246.502873598,1.42812028046979e-07
"156",203,203,18.224,-4.9594,-3.1265,7,38,146245.956575228,1.30048507363578e-07
"157",204,204,17.47,-6.4044,-2.7155,7,38,146245.412622529,1.18474139362144e-07
"158",205,205,17.351,-7.5539,-3.1308,7,38,146244.878417387,1.0811333682456e-07
"159",206,206,17.367,-8.506,-3.011,7,38,146244.345739185,9.86848380486493e-08
"160",207,207,15.98,-6.4424,-2.9343,7,38,146243.812855888,9.0075376442177e-08
"161",208,208,15.44,-6.2991,-4.0819,7,38,146243.297544967,8.2468660110073e-08
"162",209,209,15.693,-6.6954,-3.9443,7,38,146242.788961902,7.55925866616938e-08
"163",210,210,15.33,-4.8863,-4.049,7,38,146242.27723463,6.92520103388148e-08
"164",211,211,15.841,-7.5378,-4.0206,7,38,146241.770014335,6.34929319508445e-08
"165",212,212,15.471,-7.2921,-4.3805,7,38,146241.256441353,5.8148610602283e-08
"166",213,213,15.141,-8.0263,-4.0675,7,38,146240.747473859,5.32967369590188e-08
"167",214,214,15.291,-10.594,-3.1004,7,38,146240.242588925,4.88843253845229e-08
"168",215,215,17.535,-13.685,-2.4839,7,38,146239.735851234,4.48228011729506e-08
"169",216,216,18.129,-12.093,-2.6686,7,38,146239.200810995,4.08970076236036e-08
"170",217,217,16.709,-8.5469,-2.6188,7,38,146238.658093677,3.72651796319479e-08
"171",218,218,17.604,-8.386,-2.1265,7,38,146238.133599613,3.40637781475902e-08
"172",219,219,15.246,-5.2022,-2.3303,7,38,146237.597671669,3.10755062087091e-08
"173",220,220,16.475,25.322,-4.142,7,38,146237.091490435,2.84963681344482e-08
"174",221,221,18.061,2.3302,-3.7797,7,38,146236.569956845,2.6061695913102e-08
"175",222,222,17.858,-3.7743,-3.0887,7,38,146236.028122469,2.37509607283581e-08
"176",223,223,18.825,-5.2339,-3.3196,7,38,146235.488917503,2.16550239879465e-08
"177",224,224,17.822,-3.1293,-2.6275,7,38,146234.937105254,1.97006939323646e-08
"178",225,225,15.832,0.97299,-3.6485,7,38,146234.398365678,1.79636349023169e-08
"179",226,226,16.065,-2.012,-3.4133,7,38,146233.884905388,1.64519225682228e-08
"180",227,227,17.252,-8.172,-2.0248,7,38,146233.368530106,1.50597986865566e-08
"181",228,228,17.34,8.1831,-2.2722,7,38,146232.837120324,1.37494770280658e-08
"182",229,229,17.702,17.961,-2.8903,7,38,146232.304583641,1.25507014742491e-08
"183",230,230,17.843,-14.312,-3.1087,7,38,146231.767393249,1.14471634925157e-08
"184",231,231,15.777,-12.896,-3.2776,7,38,146231.228382401,1.04373451714502e-08
"185",232,232,16.234,-13.569,-3.2602,7,38,146230.715608616,9.5601400954743e-09
"186",233,233,16.646,-11.191,-2.8614,7,38,146230.197111745,8.74795705608159e-09
"187",234,234,17.663,-11.829,-2.5839,7,38,146229.673416262,7.99754193557757e-09
"188",235,235,17.354,-10.551,-2.5022,7,38,146229.136728748,7.2949856523189e-09
"189",236,236,16.831,-11.957,-2.1364,7,38,146228.604012788,6.65874978268185e-09
"190",237,237,16.719,-12.281,-2.2116,7,38,146228.077970945,6.08506669622008e-09
"191",238,238,16.415,-10.877,-2.3369,7,38,146227.553350563,5.56218415219193e-09
"192",239,239,17.29,-12.3,-2.2564,7,38,146227.032574534,5.08763199233091e-09
"193",240,240,17.539,-9.1904,-2.3806,7,38,146226.500678615,4.64457448587641e-09
"194",241,241,18.426,-10.871,-1.7613,7,38,146225.965587528,4.23774266262501e-09
"195",242,242,18.236,-9.6964,-1.929,7,38,146225.419002907,3.85881019850944e-09
"196",243,243,16.793,-11.517,-1.8853,7,38,146224.874894985,3.51527889118619e-09
"197",244,244,16.482,-14.52,-2.1406,7,38,146224.349335887,3.21269049952373e-09
"198",245,245,16.748,-14.726,-2.352,7,38,146223.827714465,2.93815955316804e-09
"199",246,246,16.989,-12.52,-2.8058,7,38,146223.302726481,2.68551520808443e-09
"200",247,247,17.434,-12.724,-2.583,7,38,146222.774674947,2.45328727110773e-09
"201",248,248,16.643,-6.8168,-3.1609,7,38,146222.240933064,2.23892253871759e-09
"202",249,249,15.98,-4.7342,-2.9211,7,38,146221.717275916,2.04687735306178e-09
"203",250,250,16.905,-8.3144,-2.7835,7,38,146221.201965942,1.87402195081528e-09
"204",251,251,17.545,-9.891,-2.4596,7,38,146220.674983749,1.71228579372708e-09
"205",252,252,16.792,-7.472,-1.8714,7,38,146220.13981576,1.56228069594924e-09
"206",253,253,16.942,-5.4552,-1.8373,7,38,146219.614269564,1.42780575539607e-09
"207",254,254,16.292,-3.4165,-1.7105,7,38,146219.086816653,1.30447312930588e-09
"208",255,255,15.671,-1.1832,-1.9823,7,38,146218.567590682,1.19350007907811e-09
"209",256,256,15.959,-3.6797,-2.3074,7,38,146218.056138403,1.09344336146559e-09
"210",257,257,15.918,-9.2606,-2.2126,7,38,146217.541091409,1.00114959149455e-09
"211",258,258,15.244,-10.107,-2.4165,7,38,146217.026557288,9.16727689110141e-10
"212",259,259,15.915,-12.946,-2.727,7,38,146216.520401635,8.40646700471445e-10
"213",260,260,15.403,-13.979,-2.4614,7,38,146216.00590507,7.697642144167e-10
"214",261,261,15.124,-16.019,-3.1498,7,38,146215.497781822,7.05638979738902e-10
"215",262,262,16.388,-18.828,-2.7514,7,38,146214.993107622,6.47243010930106e-10
"216",263,263,19.92,-21.508,-2.5508,7,38,146214.472672597,5.92056835225367e-10
"217",264,264,17.585,-12.161,-1.9498,7,38,146213.906332913,5.37259794677002e-10
"218",265,265,15.437,-9.9012,-2.4057,7,38,146213.370650614,4.901491288199e-10
"219",266,266,15.815,-11.996,-2.1852,7,38,146212.862106014,4.49284367048562e-10
"220",267,267,16.159,-12.148,-2.3883,7,38,146212.348858864,4.11490442883721e-10
"221",268,268,15.38,-8.057,-1.8224,7,38,146211.831305147,3.7659388389272e-10
"222",269,269,15.731,-8.2018,-1.6488,7,38,146211.323467041,3.45238794081978e-10
"223",270,270,14.659,-7.5422,-2.3237,7,38,146210.811267654,3.16254753067447e-10
"224",271,271,15.444,-9.2328,-1.9328,7,38,146210.312304671,2.90370232217943e-10
"225",272,272,17.553,-12.386,-1.5814,7,38,146209.803673397,2.66157445798328e-10
"226",273,273,17.83,-13.655,-1.9621,7,38,146209.268402998,2.42836324860345e-10
"227",274,274,18.469,-15.618,-2.1033,7,38,146208.729561188,2.21420855981766e-10
"228",275,275,19.843,-18.015,-2.1607,7,38,146208.182415726,2.01601996581479e-10
"229",276,276,19.592,-14.227,-2.7342,7,38,146207.617106781,1.82975941324921e-10
"230",277,277,17.333,-5.7872,-2.4985,7,38,146207.055147559,1.66167984415401e-10
"231",278,278,16.371,-1.0721,-1.9413,7,38,146206.522701722,1.51682666197074e-10
"232",279,279,17.11,-6.4468,-2.1929,7,38,146206.002481344,1.38754846307348e-10
"233",280,280,20.537,-9.3045,-1.524,7,38,146205.472887618,1.26722096472146e-10
"234",281,281,19.429,-6.204,-1.45,7,38,146204.898243081,1.14826596270161e-10
"235",282,282,16.745,-1.7361,-1.6544,7,38.378,146204.338451696,1.043182517964e-10
"236",283,283,15.725,1.0178,-2.1281,7,38.515,146203.813502619,9.5348840278332e-11
"237",284,284,15.595,1.3791,-1.8595,7,38.675,146203.301378328,8.73450957724866e-11
"238",285,285,17.442,-2.909,-1.7873,7,38.852,146202.790872303,8.00356866914011e-11
"239",286,286,15.999,-3.4867,-1.9787,7,39.011,146202.257028609,7.30409768448316e-11
"240",287,287,15.707,-4.0483,-1.3642,7,39.141,146201.741481595,6.68700237675939e-11
"241",288,288,17.759,-3.845,-2.6041,7,39.248,146201.229581677,6.12592257517814e-11
"242",289,289,15.703,-4.6523,-2.6928,7,39.546,146200.691657266,5.58657658610199e-11
"243",290,290,14.231,-6.2552,-2.1509,7,39.969,146200.179807224,5.11787342903275e-11
"244",291,291,15.06,-9.3791,-2.9323,7,40.374,146199.686060153,4.70324085621227e-11
"245",292,292,16.226,-11.16,-2.757,7,40.728,146199.182175417,4.31460919841715e-11
"246",293,293,14.634,-11.219,-2.2017,7,41.081,146198.663780483,3.94812998159236e-11
"247",294,294,13.786,-10.463,-2.5615,7,41.158,146198.165123729,3.62517933568654e-11
"248",295,295,14.04,0.55248,-2.08,7,41.052,146197.676757746,3.3345869104021e-11
"249",296,296,14.379,2.7395,-2.0883,7,39.668,146197.185325566,3.06565948646452e-11
"250",297,297,14.887,3.2909,-1.9291,7,38.346,146196.689779586,2.8164119545414e-11
"251",298,298,15.835,0.9158,-2.0431,7,38.664,146196.188022775,2.58464400979165e-11
"252",299,299,16.318,1.6573,-2.2762,7,38.873,146195.67452666,2.36712039032526e-11
"253",300,300,16.034,1.862,-2.0298,7,39.032,146195.154974399,2.16562349437975e-11
"254",301,301,16.464,0.41124,-2.1576,7,39.157,146194.638989296,1.98250723285302e-11
"255",302,302,14.903,5.6236,-2.4349,7,39.247,146194.117596417,1.81316958817246e-11
"256",303,303,13.954,5.1497,-2.1132,7,39.287,146193.615643194,1.66390366244421e-11
"257",304,304,15.384,1.9045,-2.9376,7,39.326,146193.125250891,1.52998889199729e-11
"258",305,305,18.131,-2.9584,-2.3345,7,39.401,146192.617364024,1.40259042822326e-11
"259",306,306,17.334,-2.3002,-2.9462,7,39.451,146192.074622828,1.27802865304207e-11
"260",307,307,17.131,-1.1302,-3.2181,7,39.496,146191.54216484,1.16661679334777e-11
"261",308,308,15.192,0.73591,-3.0031,7,39.524,146191.012303638,1.06539866631672e-11
"262",309,309,14.626,1.3472,-2.6447,7,39.543,146190.506791396,9.77088095423301e-12
"263",310,310,14.821,5.8825,-2.644,7,39.546,146190.008232783,8.97179084597194e-12
"264",311,311,14.334,9.7361,-2.4478,7,39.538,146189.507286312,8.23464188648902e-12
"265",312,312,15.07,12.478,-2.0546,7,38.624,146189.012288149,7.56585815932698e-12
"266",313,313,13.039,17.606,-2.1588,7,37.605,146188.508280669,6.94053834104857e-12
"267",314,314,10.171,16.684,-2.5788,7,37.867,146188.028852988,6.39407385938237e-12
"268",315,315,12.838,12.155,-2.5204,7,38.037,146187.582650126,5.92453334735852e-12
"269",316,316,11.632,14.312,-2.9164,7,38.172,146187.10560724,5.46031641390983e-12
"270",317,317,11.178,12.205,-3.6006,7,38.29,146186.642694056,5.04477832561751e-12
"271",318,318,10.9,5.1965,-3.1171,7,38.379,146186.185021059,4.6650820903872e-12
"272",319,319,10.137,-0.70026,-4.0384,7,38.468,146185.730535627,4.31633751505097e-12
"273",320,320,10.798,-3.9134,-3.2301,7,38.581,146185.284716467,3.99963736819827e-12
"274",321,321,10.276,-1.9902,-2.9347,7,38.701,146184.831396576,3.70138326449076e-12
"275",322,322,9.7397,-0.47796,-2.6482,7,38.819,146184.38400763,3.42887568972242e-12
"276",323,323,10.402,-0.40922,-3.0075,7,38.873,146183.942653562,3.17973673593209e-12
"277",324,324,11.129,-0.17669,-2.3072,7,38.896,146183.493838204,2.94491001319184e-12
"278",325,325,14.059,-4.1152,-2.2172,7,38.921,146183.036728327,2.72352542483444e-12
"279",326,326,14.074,-0.00265,-1.9458,7,38.963,146182.545066829,2.50377908625529e-12
"280",327,327,14.325,-1.0191,-1.9643,7,39.002,146182.053223783,2.30169046644903e-12
"281",328,328,14.243,-3.1295,-2.0929,7,39.043,146181.558335374,2.1147967555271e-12
"282",329,329,12.082,4.1874,-2.431,7,39.068,146181.064443376,1.94341409794831e-12
"283",330,330,12.197,6.3709,-2.6114,7,39.093,146180.596293907,1.79389388820481e-12
"284",331,331,13.426,-0.53061,-2.4945,7,39.115,146180.126799421,1.65549244139558e-12
"285",332,332,15.391,-12.981,-2.3037,7,39.142,146179.642756409,1.52392914371861e-12
"286",333,333,13.838,-10.489,-2.7788,7,39.147,146179.134783389,1.39701423049805e-12
"287",334,334,12.775,1.7436,-2.3613,7,39.117,146178.645791573,1.28489086675488e-12
"288",335,335,11.266,6.953,-2.4154,7,38.776,146178.169494742,1.18436596780317e-12
"289",336,336,9.1765,14.466,-1.682,7,38.436,146177.710809711,1.09503305713654e-12
"290",337,337,10.57,11.681,-1.9343,7,38.095,146177.275729914,1.01656696358876e-12
"291",338,338,10.822,6.5128,-1.8702,7,37.755,146176.825007777,9.41182889438943e-13
"292",339,339,11.712,3.4913,-1.8962,7,37.414,146176.371414163,8.70957432065276e-13
"293",340,340,12.077,5.5402,-1.1604,7,37.073,146175.907573555,8.04547354859477e-13
"294",341,341,10.482,14.788,-1.4017,7,36.733,146175.439482704,7.42655491453611e-13
"295",342,342,10.212,17.294,-1.4382,7,36.853,146174.989760283,6.87702025472614e-13
"296",343,343,9.0978,16.461,-2.056,7,36.984,146174.543094992,6.37150670048857e-13
"297",344,344,9.6458,8.3087,-1.8176,7,37.095,146174.108886862,5.91583536729127e-13
"298",345,345,8.9924,7.0802,-1.9675,7,37.182,146173.668583725,5.4869892987565e-13
"299",346,346,11.726,-0.94889,-2.4985,7,37.235,146173.235540886,5.09559820047079e-13
"300",347,347,10.789,-0.28491,-2.7369,7,37.297,146172.771537891,4.70692921419338e-13
"301",348,348,12.555,-6.9963,-2.5148,7,37.342,146172.318321208,4.35600936165747e-13
"302",349,349,13.317,-9.7941,-2.3166,7,37.393,146171.844622086,4.01701601539185e-13
"303",350,350,13.931,-9.7824,-2.4066,7,37.448,146171.361882643,3.69861482847039e-13
"304",351,351,12.316,-1.5163,-1.9222,7,37.494,146170.871769042,3.40110551778607e-13
"305",352,352,11.883,3.3933,-2.829,7,37.558,146170.400880192,3.1379488621188e-13
"306",353,353,12.356,1.5491,-2.9883,7,37.601,146169.935052074,2.89768666486849e-13
"307",354,354,10.237,4.5867,-1.5863,7,37.65,146169.46369377,2.67326450650603e-13
"308",355,355,12.109,2.1984,-2.0139,7,37.687,146169.016746251,2.47663853373406e-13
"309",356,356,10.524,10.783,-1.7211,7,37.723,146168.54828171,2.28596904953531e-13
"310",357,357,10.812,11.62,-1.9667,7,37.744,146168.098082642,2.11664260075194e-13
"311",358,358,11.824,3.8993,-1.3299,7,37.669,146167.644603556,1.95874993816591e-13
"312",359,359,11.12,1.3092,-1.8325,7,37.456,146167.179462066,1.80898957053163e-13
"313",360,360,9.7064,5.9614,-1.7265,7,37.502,146166.722456163,1.67302802254473e-13
"314",361,361,11.081,2.9531,-2.0136,7,37.458,146166.281475511,1.55156699698744e-13
"315",362,362,10.796,7.0963,-1.8534,7,37.317,146165.824917314,1.43506390364149e-13
"316",363,363,8.3986,13.312,-2.3775,7,37.348,146165.371620989,1.32805600867517e-13
"317",364,364,9.6948,1.7041,-2.7116,7,37.372,146164.94510104,1.23470997523089e-13
"318",365,365,9.7562,2.9163,-2.0049,7,37.207,146164.504250253,1.1450962367715e-13
"319",366,1,6.1156,0.75038,-2.2466,8,37.075,146164.062712126,1.06186078680304e-13
"320",367,2,5.5357,3.4098,-2.0552,8,37.113,146163.660608716,9.9137549497316e-14
"321",368,3,6.6619,12.69,-2.4307,8,37.142,146163.26454215,9.26528066110755e-14
"322",369,4,7.4765,4.6174,-1.7556,8,37.165,146162.85669088,8.64172921096956e-14
"323",370,5,10.808,-6.8691,-2.2986,8,37.156,146162.440158466,8.04813133734133e-14
"324",371,6,10.203,-4.69,-1.526,8,37.166,146161.986725267,7.44783317539376e-14
"325",372,7,12.216,-2.9393,-1.1933,8,37.191,146161.540162104,6.90048142934018e-14
"326",373,8,13.034,-9.0672,-2.1056,8,37.223,146161.070445873,6.36785467166306e-14
"327",374,9,13.625,-9.1286,-1.597,8,37.246,146160.591078713,5.86654085600056e-14
"328",375,10,10.296,-3.5317,-2.282,8,37.283,146160.104650668,5.39809198040628e-14
"329",376,11,11.386,-11.049,-2.5351,8,37.305,146159.657036442,5.00047230127991e-14
"330",377,12,12.768,-13.651,-2.1646,8,37.341,146159.196969032,4.6221989876499e-14
"331",378,13,11.669,-8.7001,-2.4742,8,37.385,146158.720755776,4.26063700957365e-14
"332",379,14,11.882,-10.503,-2.1772,8,37.4,146158.257414728,3.93610466688839e-14
"333",380,15,11.773,-9.2105,-1.8966,8,37.412,146157.791598723,3.63473767283964e-14
"334",381,16,13.961,-7.0592,-1.4896,8,37.421,146157.327050459,3.35717990760459e-14
"335",382,17,13.582,1.2975,-1.3331,8,37.429,146156.836575069,3.08694116957399e-14
"336",383,18,13.362,8.2356,-1.4575,8,37.444,146156.350663418,2.84069989020259e-14
"337",384,19,14.282,6.6079,-1.8212,8,37.475,146155.867386871,2.61529374934387e-14
"338",385,20,13.003,5.138,-2.194,8,37.421,146155.373022217,2.40315362512117e-14
"339",386,21,10.885,14.912,-1.8374,8,37.185,146154.894023607,2.21410476470592e-14
"340",387,22,9.6515,21.751,-2.2217,8,37.092,146154.439710892,2.04864697625751e-14
"341",388,23,9.525,19.254,-3.1232,8,37.088,146153.999344756,1.90011721664658e-14
"342",389,24,11.016,9.6396,-2.9222,8,37.139,146153.560391206,1.76278499366257e-14
"343",390,25,11.35,5.9307,-2.6705,8,37.174,146153.104578909,1.63063185150554e-14
"344",391,26,12.062,3.4415,-3.3027,8,37.203,146152.64492699,1.50738666191856e-14
"345",392,27,12.808,-3.1207,-3.3488,8,37.227,146152.177012264,1.39146921715652e-14
"346",393,28,13.641,-9.0979,-2.9352,8,37.269,146151.700325982,1.28251941237263e-14
"347",394,29,12.596,-9.4109,-3.5697,8,37.305,146151.213706106,1.18006974289909e-14
"348",395,30,12.812,-11.321,-3.4954,8,37.325,146150.73952452,1.08814342024442e-14
"349",396,31,13.425,-10.405,-3.2581,8,37.355,146150.262790947,1.00293532423734e-14
"350",397,32,13.401,-10.34,-2.8635,8,37.373,146149.778761105,9.23233171050683e-15
"351",398,33,12.381,-10.321,-2.1919,8,37.342,146149.295018445,8.49907106863944e-15
"352",399,34,11.926,-0.5701,-2.0211,8,37.258,146148.823367349,7.8404308425712e-15
"353",400,35,8.9289,5.6967,-1.8432,8,37.077,146148.357039263,7.23948900718944e-15
"354",401,36,6.5254,16.133,-2.0573,8,36.88,146147.924698273,6.72390207335658e-15
"355",402,37,7.1465,21.051,-2.4077,8,36.912,146147.518289254,6.27293752804491e-15
"356",403,38,7.615,19.304,-2.5976,8,36.947,146147.105290139,5.8455987382575e-15
"357",404,39,8.5285,7.4429,-2.3341,8,36.976,146146.687269076,5.44267298303968e-15
"358",405,40,8.7445,1.9205,-2.474,8,36.999,146146.259329023,5.05888311682779e-15
"359",406,41,7.6642,4.0353,-2.4463,8,36.976,146145.829018931,4.70023878583631e-15
"360",407,42,7.8484,8.1683,-3.2075,8,36.982,146145.410467972,4.37586183322207e-15
"361",408,43,8.4315,1.4789,-2.687,8,37.001,146144.989928659,4.07247871868779e-15
"362",409,44,12.948,-14.427,-2.0638,8,37.011,146144.563049917,3.7859992813388e-15
"363",410,45,12.804,-8.4018,-2.0564,8,37.022,146144.084704712,3.48856019134486e-15
"364",411,46,9.139,7.8188,-2.0904,8,37.003,146143.608066097,3.21543786339535e-15
"365",412,47,8.9291,12.075,-1.9567,8,36.945,146143.173402981,2.9852448004883e-15
"366",413,48,8.2538,13.123,-1.9833,8,36.839,146062.076850722,5.53346300551729e-16
"367",414,49,7.3181,21.037,-1.8248,8,36.814,146061.65191414,5.14592670156265e-16
"368",415,50,7.5507,19.609,-1.3969,8,36.804,146061.237083675,4.79385349859187e-16
"369",416,51,9.9492,6.0258,-1.5878,8,36.798,146060.81975745,4.46395331091484e-16
"370",417,52,9.1496,2.896,-1.7748,8,36.748,146060.376057534,4.13793020746234e-16
"371",418,53,8.594,12.885,-1.9351,8,36.745,146059.941280028,3.84161829620367e-16
"372",419,54,8.52,12.854,-2.308,8,36.753,146059.512625376,3.57028579854203e-16
"373",420,55,10.436,1.3999,-2.9098,8,36.784,146059.084781501,3.31858038379285e-16
"374",421,56,11.694,-7.3342,-2.7852,8,36.809,146058.635585338,3.07329561996258e-16
"375",422,57,12.888,-11.906,-2.0652,8,36.812,146058.171958157,2.83906076096463e-16
"376",423,58,12.698,-8.8946,-1.4139,8,36.784,146057.694327994,2.61633796701219e-16
"377",424,59,11.37,-5.5631,-1.841,8,36.786,146057.218946225,2.41202549092534e-16
"378",425,60,10.687,-5.487,-2.5099,8,36.786,146056.759067324,2.22963280548882e-16
"379",426,61,13.086,-12.952,-2.5108,8,36.731,146056.307018166,2.06381910443738e-16
"380",427,62,12.778,-7.4321,-1.9442,8,36.676,146055.827036906,1.90114010710711e-16
"381",428,63,11.423,-2.5503,-1.6232,8,36.621,146055.350709458,1.75239149064975e-16
"382",429,64,12.586,-9.4782,-1.7342,8,36.566,146054.890218992,1.61970799396283e-16
"383",430,65,13.216,-9.31,-1.0926,8,36.511,146054.416159119,1.49356471685402e-16
"384",431,66,10.744,0.64378,-1.3587,8,36.456,146053.934629718,1.37546703712546e-16
"385",432,67,9.9525,3.911,-1.6138,8,36.401,146053.481930939,1.27303338203125e-16
"386",433,68,9.3662,0.67741,-1.6251,8,36.346,146053.0381942,1.18005033689691e-16
"387",434,69,10.308,-2.1745,-1.7052,8,36.291,146052.601012939,1.09509497677399e-16
"388",435,70,10.547,-1.6202,-1.8396,8,36.236,146052.153266963,1.01440730138721e-16
"389",436,71,11.25,-6.7067,-1.9862,8,36.181,146051.702810946,9.39225726323785e-17
"390",437,72,11.283,-0.57156,-2.0253,8,36.126,146051.244314928,8.68410564979519e-17
"391",438,73,11.644,1.0562,-1.9801,8,36.071,146050.785438992,8.02882020858501e-17
"392",439,74,12.049,-1.9595,-1.4082,8,36.016,146050.322391975,7.41763702734136e-17
"393",440,75,13.217,-5.1273,-1.2521,8,35.961,146049.854633053,6.84740327254011e-17
"394",441,76,14.706,-5.664,-1.8267,8,35.907,146049.373091912,6.30595912615565e-17
"395",442,77,14.933,-7.9221,-1.822,8,35.852,146048.873560518,5.78925752924739e-17
"396",443,78,14.364,-6.132,-1.7107,8,35.797,146048.371244748,5.31232761438871e-17
"397",444,79,12.98,3.6097,-1.4505,8,35.742,146047.875887455,4.88057349029636e-17
"398",445,80,11.844,8.3336,-1.7953,8,35.687,146047.397166272,4.49684596505652e-17
"399",446,81,12.232,8.7972,-2.0916,8,35.632,146046.931796805,4.15286320150682e-17
"400",447,82,12.911,6.8448,-1.353,8,35.577,146046.46189764,3.83219243507336e-17
"401",448,83,12.273,4.0075,-2.1283,8,35.522,146045.983995254,3.53139240517441e-17
"402",449,84,13.312,-0.11526,-2.3709,8,35.467,146045.513615624,3.25843898795571e-17
"403",450,85,14.136,-8.3111,-1.4184,8,35.412,146045.030940981,3.00019598830092e-17
"404",451,86,14.686,-8.7908,-2.6413,8,35.357,146044.538352585,2.75768099003883e-17
"405",452,87,13.201,-0.89039,-1.895,8,35.302,146044.039066182,2.53182788496905e-17
"406",453,88,12.565,0.22111,-2.3329,8,35.247,146043.557716021,2.33170584055566e-17
"407",454,89,13.099,-2.796,-2.9097,8,35.192,146043.083904136,2.15020402188135e-17
"408",455,90,14.649,-7.4278,-1.9825,8,35.137,146042.603768745,1.98066279176459e-17
"409",456,91,14.403,-9.2486,-1.7487,8,35.082,146042.104935055,1.81858993925112e-17
"410",457,92,14.055,-10.326,-1.423,8,35.027,146041.609103301,1.67064837888609e-17
"411",458,93,14.163,-6.1203,-2.1369,8,34.972,146041.117496003,1.53586580009028e-17
"412",459,94,14.552,-6.3367,-2.329,8,34.917,146040.624580471,1.41163701698772e-17
"413",460,95,14.051,-2.6863,-2.5545,8,34.862,146040.126932098,1.29639256161099e-17
"414",461,96,15.66,-4.3346,-1.7981,8,34.807,146039.635373267,1.19181374302313e-17
"415",462,97,16.188,-3.6838,-2.7867,8,34.752,146039.124065548,1.0919243645265e-17
"416",463,98,16.621,-7.7963,-2.727,8,34.697,146038.606155067,9.99260170078964e-18
"417",464,99,14.573,-0.40045,-2.3823,8,34.642,146038.082784443,9.13592160569604e-18
"418",465,100,14.013,-0.0904,-2.4555,8,34.587,146037.58487975,8.38970225095532e-18
"419",466,101,13.129,-4.358,-2.9437,8,34.532,146037.093780709,7.71352683778783e-18
"420",467,102,13.82,-12.849,-1.9313,8,34.478,146036.613288513,7.10488472873258e-18
"421",468,103,14.739,-12.348,-2.3993,8,34.423,146036.124519467,6.53489733269173e-18
"422",469,104,12.775,-3.6399,-2.6506,8,34.368,146035.624584534,5.9990164444974e-18
"423",470,105,12.476,-0.76315,-3.1126,8,34.313,146035.148293377,5.52967656708368e-18
"424",471,106,13.64,2.3666,-1.8666,8,34.258,146034.675529889,5.10016632992047e-18
"425",472,107,14.696,3.5776,-2.6105,8,34.203,146034.18892677,4.69276677749598e-18
"426",473,108,17.274,-3.7072,-2.6353,8,34.148,146033.689518413,4.30833938934018e-18
"427",474,109,15.581,-5.2618,-2.5781,8,34.298,146033.1578359,3.93328699041061e-18
"428",475,110,13.145,4.0924,-3.2468,8,33.519,146032.64751116,3.60424173005565e-18
"429",476,111,13.389,5.1454,-2.138,8,32.426,146032.16682864,3.31973666671045e-18
"430",477,112,15.938,-2.717,-2.755,8,32.53,146031.683234254,3.05614873734959e-18
"431",478,113,20.613,-16.486,-2.9781,8,32.708,146031.168457974,2.79831751508828e-18
"432",479,114,19.67,-19.533,-3.1693,8,32.887,146030.592792815,2.53518078969164e-18
"433",480,115,15.207,-11.809,-3.3865,8,32.996,146030.02980247,2.3018839725231e-18
"434",481,116,16.026,-14.258,-3.356,8,33.038,146029.524111786,2.11101365642454e-18
"435",482,117,14.993,-12.623,-3.2931,8,33.1,146029.008234027,1.93254863228669e-18
"436",483,118,14.356,-11.845,-3.2671,8,33.134,146028.50518127,1.77311467783466e-18
"437",484,119,15.119,-11.921,-3.4325,8,33.146,146028.009922136,1.62903403690461e-18
"438",485,120,14.565,-4.0231,-3.846,8,33.147,146027.505317471,1.49423742948966e-18
"439",486,121,15.324,-2.1671,-3.5823,8,33.142,146027.007510915,1.37221180516821e-18
"440",487,122,15.821,-2.7712,-4.0994,8,33.18,146026.500373964,1.25811327678557e-18
"441",488,123,14.882,-1.7884,-4.0219,8,33.225,146025.987059887,1.1522654538022e-18
"442",489,124,13.349,0.51361,-4.1465,8,33.273,146025.485371611,1.05745458061855e-18
"443",490,125,13.732,1.7363,-4.346,8,33.283,146025.002255718,9.73573009004933e-19
"444",491,126,14.332,3.6902,-3.9501,8,33.301,146024.514546867,8.95632752694886e-19
"445",492,127,14.73,5.6484,-3.4533,8,33.316,146024.019579829,8.22896615349783e-19
"446",493,128,14.618,1.5973,-4.0583,8,33.35,146023.519755631,7.55431102664798e-19
"447",494,129,14.946,-3.8519,-4.6768,8,33.373,146023.02130174,6.93661585414544e-19
"448",495,130,15.505,-4.3784,-5.0397,8,33.39,146022.518827258,6.36498796348183e-19
"449",496,131,15.221,-1.0147,-5.1372,8,33.379,146022.009447076,5.83347109830506e-19
"450",497,132,14.494,1.6237,-5.7987,8,33.348,146021.503583813,5.3496039631986e-19
"451",498,133,14.761,3.7706,-5.4491,8,33.336,146021.006643964,4.91347117247215e-19
"452",499,134,15.42,3.2558,-6.0302,8,33.32,146020.506440138,4.51034118950714e-19
"453",500,135,15.954,-0.56864,-4.883,8,33.334,146019.998114466,4.13445583969999e-19
"454",501,136,13.933,10.007,-2.6019,8,33.237,146019.483138528,3.78552187389589e-19
"455",502,137,14.474,13.654,-3.235,8,33.188,146018.993006977,3.48100736759305e-19
"456",503,138,13.454,11.374,-4.1049,8,33.292,146018.496311109,3.19734930301421e-19
"457",504,139,13.853,10.328,-2.7139,8,33.296,146018.011939433,2.94308264090623e-19
"458",505,140,14.036,10.103,-3.2921,8,33.355,146017.522773324,2.70678813661619e-19
"459",506,141,14.149,8.6188,-4.0726,8,33.33,146017.031396911,2.488512228481e-19
"460",507,142,15.23,1.163,-3.706,8,33.142,146016.538652097,2.28729573811424e-19
"461",508,143,16.266,-5.1229,-4.1776,8,33.195,146016.032677882,2.09753164864296e-19
"462",509,144,15.872,-3.03,-4.4499,8,33.222,146015.513787839,1.91920131068581e-19
"463",510,145,15.182,-7.7641,-4.2433,8,33.195,146014.999837326,1.75754025717512e-19
"464",511,146,13.284,-1.5514,-4.1882,8,33.041,146014.494455949,1.61189281255389e-19
"465",512,147,13.616,3.1827,-2.8004,8,33.005,146014.012116889,1.48423040051402e-19
"466",513,148,14.574,-1.7957,-2.6716,8,33.009,146013.525802866,1.36573874907235e-19
"467",514,149,15.3,-6.6102,-2.3393,8,33.012,146013.02788698,1.25418295915714e-19
"468",515,150,13.893,-3.2231,-4.0479,8,33.019,146012.521047558,1.1499577183672e-19
"469",516,151,15.832,-8.3214,-4.0488,8,32.993,146012.031399153,1.05754140811206e-19
"470",517,152,16.077,-9.5732,-4.1619,8,32.991,146011.517948371,9.68545032940363e-20
"471",518,153,16.541,-6.8413,-3.9879,8,33.015,146011.001432204,8.86565801828661e-20
"472",519,154,16.773,-4.9503,-4.0919,8,33.067,146010.479074677,8.10701876829172e-20
"473",520,155,19.865,-9.5747,-4.2893,8,33.089,146009.953778821,7.4095094774534e-20
"474",521,156,18.912,-7.2757,-4.1641,8,33.165,146009.388184939,6.7245973051179e-20
"475",522,157,15.481,3.9037,-4.6957,8,33.172,146008.835238618,6.11649188748982e-20
"476",523,158,16.43,3.9329,-4.4744,8,33.061,146008.326156896,5.60601592707329e-20
"477",524,159,20.712,-5.3803,-4.4551,8,33.008,146007.805201166,5.12755548038049e-20
"478",525,160,24.375,-12.089,-3.4455,8,32.985,146007.228194804,4.64430021476972e-20
"479",526,161,27.174,-18.135,-3.3153,8,33.011,146006.599941894,4.16890636309672e-20
"480",527,162,27.53,-18.366,-3.1637,8,33.059,146005.930417437,3.71499122113859e-20
"481",528,163,24.011,-13.111,-2.9993,8,33.095,146005.255510133,3.30734282033895e-20
"482",529,164,18.202,-0.85382,-3.9482,8,33.089,146004.632488856,2.97153736985946e-20
"483",530,165,16.267,5.5563,-4.6789,8,33.075,146004.088833278,2.7072044372633e-20
"484",531,166,15.411,9.9233,-4.5468,8,33.061,146003.569931172,2.47703482688147e-20
"485",532,167,15.454,8.8411,-4.1343,8,33.03,146003.061717771,2.27064627568384e-20
"486",533,168,18.002,3.1724,-4.4343,8,32.986,146002.552971257,2.08126155697286e-20
"487",534,169,17.914,5.3545,-4.3206,8,33.029,146002.011912573,1.8969814320138e-20
"488",535,170,18.211,4.0792,-5.9239,8,33.02,146001.471993694,1.72936136369683e-20
"489",536,171,18.364,0.78125,-4.1205,8,32.976,146000.928221195,1.57549397410823e-20
"490",537,172,18.176,0.86315,-4.1976,8,32.961,146000.382455864,1.43481811454665e-20
"491",538,173,20.169,-3.3064,-3.6573,8,32.878,145999.839138565,1.30726099206487e-20
"492",539,174,21.253,-7.3576,-4.0806,8,32.834,145999.269467699,1.18557638432432e-20
"493",540,175,18.756,-5.0044,-4.1373,8,32.823,145998.685087064,1.07245386484208e-20
"494",541,176,18.452,-3.4293,-4.8709,8,32.772,145998.13419217,9.75821004148455e-21
"495",542,177,17.418,4.2225,-4.1364,8,32.74,145997.587278389,8.88511974248945e-21
"496",543,178,17.265,8.3658,-4.3479,8,32.69,145997.053751867,8.1090406087883e-21
"497",544,179,17.419,7.5892,-3.968,8,32.643,145996.522186177,7.40327551499676e-21
"498",545,180,16.955,8.259,-4.7813,8,32.637,145995.988646869,6.75661436182132e-21
"499",546,181,16.912,8.0835,-4.8296,8,32.669,145995.461038302,6.17280613563767e-21
"500",547,182,17.135,9.021,-5.0706,8,32.669,145994.933976975,5.63997903847029e-21
"501",548,183,16.822,8.417,-4.6749,8,32.699,145994.404073372,5.15059680722298e-21
"502",549,184,16.73,8.0879,-4.8442,8,32.638,145993.878156113,4.706941903721e-21
"503",550,185,17.164,7.2279,-5.2065,8,31.8,145993.353406482,4.30237561080144e-21
"504",551,186,17.881,6.8024,-5.0389,8,30.828,145992.82313252,3.92880423502772e-21
"505",552,187,17.782,4.945,-4.213,8,31.242,145992.283641029,3.58191577994987e-21
"506",553,188,16.993,6.0623,-4.2928,8,31.436,145991.74542904,3.26638339112923e-21
"507",554,189,16.35,9.587,-4.3283,8,31.517,145991.217336737,2.98389885395369e-21
"508",555,190,17.432,7.8934,-3.7696,8,31.532,145990.697390298,2.72970855438906e-21
"509",556,191,19.046,5.2185,-4.1554,8,31.581,145990.163684404,2.49120166067291e-21
"510",557,192,18.071,3.5059,-4.113,8,31.667,145989.608972928,2.26522394296713e-21
"511",558,193,17.291,0.63354,-4.7438,8,31.685,145989.067019936,2.06433335736589e-21
"512",559,194,17.536,-0.73829,-4.6498,8,31.716,145988.535121755,1.8845562504476e-21
"513",560,195,17.834,2.1399,-4.6112,8,31.76,145988.000079851,1.71949402397625e-21
"514",561,196,19.588,-1.2385,-4.9837,8,31.784,145987.461196277,1.56783961312772e-21
"515",562,197,18.5,-1.49,-4.735,8,31.748,145986.899300627,1.42383294171728e-21
"516",563,198,19.992,-3.8812,-4.7993,8,31.482,145986.351760136,1.29629741558775e-21
"517",564,199,18.966,-1.3365,-4.6446,8,31.541,145985.784466494,1.17612195495265e-21
"518",565,200,19.669,-2.8545,-4.9106,8,31.517,145985.230810056,1.06963246059295e-21
"519",566,201,18.664,-0.29807,-4.8002,8,31.546,145984.667835176,9.71203144207674e-22
"520",567,202,19.28,-2.8194,-4.0345,8,31.518,145984.118147903,8.83879518991947e-22
"521",568,203,19.557,-3.4,-4.3463,8,31.483,145983.560343084,8.03268558635224e-22
"522",569,204,18.561,0.18016,-4.5904,8,31.509,145982.998860306,7.29540628051206e-22
"523",570,205,21.687,-5.7342,-4.9177,8,31.536,145982.450522157,6.64101818969149e-22
"524",571,206,20,-3.6077,-4.3618,8,31.747,145981.860177989,6.00108510808022e-22
"525",572,207,18.245,2.8741,-5.5665,8,31.856,145981.292777295,5.44464218969742e-22
"526",573,208,21.056,-0.99569,-5.794,8,31.947,145980.748563305,4.95983061098802e-22
"527",574,209,21.037,-2.9452,-3.913,8,32.062,145980.166876704,4.48870220375786e-22
"528",575,210,17.991,5.8561,-5.2199,8,32.096,145979.585449408,4.06251018418996e-22
"529",576,211,17.518,7.9256,-4.9622,8,32.046,145979.044534327,3.70289732349271e-22
"530",577,212,18.699,6.7175,-4.7079,8,32.068,145978.509724266,3.37870859940745e-22
"531",578,213,18.19,11.485,-4.5625,8,32.115,145977.959578323,3.07467315937786e-22
"532",579,214,18.444,12.081,-4.4816,8,32.076,145977.416080013,2.80124199119829e-22
"533",580,215,19.225,7.2031,-4.0104,8,32.073,145976.869271664,2.55065467208668e-22
"534",581,216,19.071,6.564,-3.9737,8,32.01,145976.312195419,2.31832642460636e-22
"535",582,217,19.563,3.8145,-4.2038,8,31.326,145975.757154654,2.10790887646681e-22
"536",583,218,19.142,3.13,-4.0985,8,31.619,145975.195592383,1.91440794664848e-22
"537",584,219,18.198,5.8634,-4.4177,8,31.912,145974.639613906,1.74036619936977e-22
"538",585,220,18.343,7.2645,-4.3542,8,31.894,145974.096011711,1.5855664047499e-22
"539",586,221,19.613,4.0529,-3.582,8,31.906,145973.550521439,1.44406012439609e-22
"540",587,222,20.196,1.6719,-3.6135,8,32.03,145972.988293471,1.31134636010445e-22
"541",588,223,20.371,1.6675,-4.1221,8,32.236,145972.41826073,1.18920594721402e-22
"542",589,224,21.225,-0.034825,-3.6807,8,32.505,145971.845870259,1.07799720433353e-22
"543",590,225,21.925,-1.5704,-3.5258,8,32.832,145971.26187428,9.75204905308913e-23
"544",591,226,24.712,-5.0775,-3.2689,8,33.205,145970.66824159,8.80725372474291e-23
"545",592,227,25.873,-8.6665,-2.8869,8,33.591,145970.035119476,7.89895349129919e-23
"546",593,228,22.316,-3.9017,-3.1374,8,33.947,145969.385011239,7.06312244120644e-23
"547",594,229,19.526,1.6339,-4.5026,8,34.208,145968.785946938,6.37275873625249e-23
"548",595,230,19.636,3.6434,-3.3854,8,34.438,145968.224877323,5.78825272155962e-23
"549",596,231,18.625,7.7428,-3.0344,8,34.728,145967.662343149,5.25601227487843e-23
"550",597,232,19.111,7.832,-3.1304,8,34.951,145967.113167738,4.78385580194232e-23
"551",598,233,20.797,1.9951,-3.0259,8,35.18,145966.557599221,4.34925914525276e-23
"552",599,234,21.429,-6.1539,-3.1733,8,35.371,145965.979440573,3.93855990041504e-23
"553",600,235,20.402,-2.6702,-3.4046,8,35.648,145965.392648029,3.56125337642407e-23
"554",601,236,20.036,1.8957,-3.7055,8,36.121,145964.819839512,3.22798605832568e-23
"555",602,237,20.493,4.0543,-4.1017,8,36.38,145964.251956762,2.92842796983289e-23
"556",603,238,20.977,2.9911,-3.63,8,36.594,145963.677918887,2.65381051694608e-23
"557",604,239,20.261,4.7154,-4.4036,8,37.122,145963.097310617,2.40218144402579e-23
"558",605,240,19.544,9.8224,-3.7635,8,37.299,145962.526403417,2.17810600139816e-23
"559",606,241,21.407,10.393,-3.6348,8,37.473,145961.965094622,1.97824852804493e-23
"560",607,242,20.223,12.364,-2.3263,8,37.617,145961.378604354,1.78883078489795e-23
"561",608,243,21.901,8.9581,-3.0776,8,37.699,145960.808208849,1.62211381662161e-23
"562",609,244,21.797,9.35,-2.317,8,37.804,145960.214908936,1.46504600625615e-23
"563",610,245,19.975,12.263,-2.5978,8,37.87,145959.623047319,1.32352071893192e-23
"564",611,246,19.371,12.045,-3.092,8,37.929,145959.055982828,1.2008693155642e-23
"565",612,247,19.307,9.1307,-3.1043,8,37.989,145958.496972787,1.09111858199477e-23
"566",613,248,18.692,12.728,-3.5378,8,38.065,145957.938811415,9.91545206220591e-24
"567",614,249,18.816,12.528,-3.2153,8,38.171,145957.388758228,9.02334774741966e-24
"568",615,250,18.641,12.954,-3.56,8,38.203,145956.837077058,8.20917500047603e-24
"569",616,251,18.341,10.685,-2.8138,8,38.226,145956.28769251,7.47145770525093e-24
"570",617,252,18.474,9.2535,-3.226,8,38.332,145955.742229123,6.80468705809876e-24
"571",618,253,18.097,8.5559,-3.4126,8,38.399,145955.195029864,6.19554495668716e-24
"572",619,254,19.947,7.8598,-3.1559,8,38.489,145954.65274095,5.64576315795436e-24
"573",620,255,22.426,3.9403,-2.764,8,38.598,145954.086051894,5.12290313273884e-24
"574",621,256,24.698,1.0781,-1.9192,8,38.695,145953.48545392,4.6209355618127e-24
"575",622,257,20.837,5.6075,-2.3386,8,38.775,145952.852535606,4.14452242631955e-24
"576",623,258,18.921,7.8875,-2.8768,8,38.838,145952.273833865,3.75279916206271e-24
"577",624,259,19.236,9.1204,-2.5364,8,38.928,145951.72077169,3.41336290481695e-24
"578",625,260,18.505,11.962,-2.3143,8,39.004,145951.163551021,3.10237538019387e-24
"579",626,261,19.275,7.3713,-2.5502,8,39.117,145950.615946798,2.82445729754822e-24
"580",627,262,18.452,7.9504,-2.6221,8,39.216,145950.05820977,2.56689280894497e-24
"581",628,263,19.884,5.334,-3.0971,8,39.306,145949.511298183,2.33722679432523e-24
"582",629,264,21.035,3.3538,-2.6977,8,39.409,145948.945452923,2.1210865134539e-24
"583",630,265,19.061,5.824,-2.5247,8,39.559,145948.364054429,1.91970336845508e-24
"584",631,266,20.246,3.9359,-3.4935,8,39.696,145947.809146947,1.7455061373166e-24
"585",632,267,23.596,1.1747,-2.9762,8,39.763,145947.238442468,1.58274126890833e-24
"586",633,268,25.684,-4.2848,-2.4281,8,39.834,145946.621350962,1.42352430447446e-24
"587",634,269,22.219,3.2777,-2.7861,8,39.899,145945.974030871,1.27352025910578e-24
"588",635,270,17.802,12.581,-2.0635,8,39.947,145945.376318523,1.14931627002984e-24
"589",636,271,15.664,20.338,-2.1779,8,39.986,145944.837850336,1.04802538100509e-24
"590",637,272,14.493,28.276,-1.7716,8,40.046,145944.326496868,9.60179021200638e-25
"591",638,273,14.606,29.69,-1.9023,8,40.166,145943.829572414,8.81901155414756e-25
"592",639,274,14.316,28.977,-2.249,8,40.25,145943.331268494,8.09811123499433e-25
"593",640,275,15.447,25.881,-1.9393,8,40.361,145942.836499359,7.44069823345332e-25
"594",641,276,14.731,23.754,-1.9804,8,40.21,145942.327842219,6.82020478203019e-25
"595",642,277,15.526,23.264,-2.8242,8,40.059,145941.82800918,6.26103422975533e-25
"596",643,278,17.112,18.026,-2.7628,8,39.908,145941.318371684,5.73793840019616e-25
"597",644,279,19.335,10.562,-2.8377,8,39.756,145940.788764108,5.24032401280476e-25
"598",645,280,20.266,6.8887,-3.136,8,39.605,145940.230232394,4.76179350456056e-25
"599",646,281,18.685,7.6579,-2.4422,8,39.454,145939.659258942,4.31756263813861e-25
"600",647,282,16.709,11,-2.4228,8,39.303,145939.109298396,3.92916962223542e-25
"601",648,283,18.43,16.015,-2.9084,8,39.151,145938.584817422,3.59161994187726e-25
"602",649,284,17.324,18.505,-2.0288,8,39,145938.038193663,3.27043299832658e-25
"603",650,285,17.257,15.696,-2.216,8,38.849,145937.505875077,2.98540032837021e-25
"604",651,286,15.622,17.597,-2.2068,8,38.698,145936.974414412,2.72561651976831e-25
"605",652,287,14.596,21.149,-2.425,8,38.546,145936.46358393,2.49737972060577e-25
"606",653,288,14.398,22.292,-2.242,8,38.395,145935.965402505,2.2932827714009e-25
"607",654,289,15.057,17.904,-2.748,8,38.244,145935.469636021,2.10674737245249e-25
"608",655,290,16.58,12.942,-2.4177,8,38.093,145934.965799333,1.93267794448633e-25
"609",656,291,14.912,17.913,-2.1525,8,37.941,145934.442952001,1.76714609562856e-25
"610",657,292,15.046,14.973,-2.4765,8,37.79,145933.940899077,1.62163786910551e-25
"611",658,293,16.334,11.642,-2.4411,8,37.639,145933.437197929,1.48768544991354e-25
"612",659,294,18.226,8.7958,-2.5138,8,37.488,145932.917455538,1.3610012161389e-25
"613",660,295,20.021,5.2375,-3.2434,8,37.336,145932.373491003,1.23986595086624e-25
"614",661,296,20.834,1.4774,-3.3105,8,37.185,145931.805811018,1.12484558576724e-25
"615",662,297,22.877,3.0554,-2.5827,8,37.034,145931.227151088,1.01853706772258e-25
"616",663,298,21.011,7.7566,-3.1509,8,36.883,145930.620233902,9.1771652289234e-26
"617",664,299,17.818,7.051,-2.7764,8,36.731,145930.039163674,8.30633024430325e-26
"618",665,300,16.932,13.356,-2.5069,8,36.58,145929.50048947,7.57400871074473e-26
"619",666,301,15.058,27.767,-1.4367,8,36.429,145928.973176577,6.91992560866449e-26
"620",667,302,14.582,27.169,-1.8671,8,36.278,145928.469327845,6.34815507298184e-26
"621",668,303,14.553,32.708,-1.9462,8,36.126,145927.971317781,5.82952854926111e-26
"622",669,304,13.882,32.867,-2.1921,8,35.975,145927.473661877,5.35360107540098e-26
"623",670,305,13.826,29.146,-2.4224,8,35.824,145926.984149673,4.92347231368681e-26
"624",671,306,14.575,23.583,-1.9239,8,35.673,145926.495312784,4.52843140080015e-26
"625",672,307,15.25,16.303,-2.7146,8,35.521,145925.997388301,4.15853286114051e-26
"626",673,308,14.617,13.664,-2.2496,8,35.37,145925.491170774,3.81335917232986e-26
"627",674,309,13.91,14.478,-2.6525,8,35.219,145924.992733183,3.50155873370162e-26
"628",675,310,12.96,13.575,-3.2926,8,35.068,145924.502883182,3.22004164770849e-26
"629",676,311,12.321,16.943,-2.4244,8,34.916,145924.024404344,2.96699273156713e-26
"630",677,312,11.351,17.388,-3.0038,8,34.765,145923.553466517,2.73739729652103e-26
"631",678,313,12.619,16.176,-2.208,8,34.614,145923.093811864,2.53049635635817e-26
"632",679,314,13.699,12.674,-2.5674,8,34.463,145922.619368029,2.33326361736521e-26
"633",680,315,15.725,12.18,-2.2267,8,34.312,145922.132060311,2.14661968431552e-26
"634",681,316,16.293,12.538,-2.617,8,34.16,145921.619948043,1.96642876165332e-26
"635",682,317,13.987,14.856,-2.1346,8,34.009,145921.100722358,1.79913843820827e-26
"636",683,318,15.093,14.529,-1.8688,8,33.858,145920.609942431,1.65422538240632e-26
"637",684,319,15.59,13.349,-1.931,8,33.707,145920.10566281,1.51742867351818e-26
"638",685,320,15.026,10.034,-2.2976,8,33.555,145919.595231,1.39045879749662e-26
"639",686,321,15.908,7.3406,-2.5562,8,33.739,145919.091776707,1.27565700170092e-26
"640",687,322,16.049,2.6576,-2.5125,8,33.743,145918.577380412,1.1681126425174e-26
"641",688,323,14.55,-2.6922,-2.4341,8,33.695,145918.061219242,1.06930689490098e-26
"642",689,324,14.2,-4.7967,-2.5231,8,33.68,145917.563600375,9.82014042096341e-27
"643",690,325,13.705,9.0839,-1.7239,8,33.689,145917.070241156,9.02513469496693e-27
"644",691,326,13.178,20.383,-2.3781,8,33.714,145916.582861505,8.3030865226018e-27
"645",692,327,13.404,24.175,-2.2849,8,33.738,145916.101790562,7.64715241543491e-27
"646",693,328,13.102,25.035,-2.1807,8,33.76,145915.618021439,7.0397479335565e-27
"647",694,329,12.442,24.649,-1.9958,8,33.793,145915.137855459,6.48463147217606e-27
"648",695,330,9.8584,23.267,-1.7056,8,33.781,145914.665496644,5.98135996368022e-27
"649",696,331,7.5795,19.586,-1.2368,8,33.763,145914.222821922,5.54548819832459e-27
"650",697,332,6.6972,23.421,-1.1582,8,33.782,145913.805191043,5.16358757771903e-27
"651",698,333,7.0696,28.038,-1.4045,8,33.774,145913.396974816,4.81577038277673e-27
"652",699,334,9.0845,23.387,-1.5066,8,33.75,145912.984803858,4.48833224732624e-27
"653",700,335,13.251,12.554,-1.1066,8,33.697,145912.550752357,4.16744557997336e-27
"654",701,336,13.766,11.953,-1.3624,8,33.768,145912.068811221,3.83764416291363e-27
"655",702,337,12.892,8.5881,-1.9386,8,33.83,145911.580697727,3.53016792218762e-27
"656",703,338,12.917,2.8039,-2.2525,8,33.86,145911.10302599,3.25320145784551e-27
"657",704,339,13.29,6.5128,-2.025,8,33.886,145910.625057847,2.99781122760304e-27
"658",705,340,15.87,1.9893,-2.3371,8,33.922,145910.14265134,2.76034942432536e-27
"659",706,341,16.128,3.1242,-2.3458,8,33.955,145909.628730334,2.52784648878973e-27
"660",707,342,14.373,7.7676,-2.1703,8,33.988,145909.111578815,2.31362822954617e-27
"661",708,343,12.806,13.972,-2.4245,8,33.999,145908.616117758,2.12555005303978e-27
"662",709,344,13.097,16.276,-2.0174,8,33.997,145908.13946483,1.95913091988077e-27
"663",710,345,15.11,13.834,-2.1456,8,33.995,145907.659358641,1.80466302525764e-27
"664",711,346,16.737,11.269,-2.0038,8,34.011,145907.154870011,1.65536563465267e-27
"665",712,347,14.841,9.8575,-2.2686,8,34.025,145906.630035406,1.51306196560746e-27
"666",713,348,12.678,12.078,-2.0514,8,33.993,145906.1288554,1.38868520264522e-27
"667",714,349,10.568,20.189,-1.8962,8,33.945,145905.653715867,1.28029367516166e-27
"668",715,350,9.3154,26.017,-1.998,8,33.92,145905.203026673,1.18535745228721e-27
"669",716,351,9.9059,20.649,-1.971,8,33.896,145904.766415482,1.10012700301339e-27
"670",717,352,12.476,9.7361,-1.8929,8,33.903,145904.323207861,1.0198651651181e-27
"671",718,353,13.845,10.52,-2.1057,8,33.923,145903.850449534,9.4064850142535e-28
"672",719,354,12.132,13.998,-2.552,8,33.949,145903.361384547,8.6514007841113e-28
"673",720,355,12.595,9.1248,-2.3397,8,33.934,145902.892661473,7.98498251256976e-28
"674",721,356,11.819,9.9248,-2.0332,8,33.925,145902.418501497,7.36297490132934e-28
"675",722,357,8.5517,19.171,-1.8389,8,33.904,145901.953428437,6.80009139229031e-28
"676",723,358,9.0781,20.253,-1.6924,8,33.883,145901.525243014,6.32030687010762e-28
"677",724,359,10.712,14.434,-1.5978,8,33.876,145901.09126273,5.86851742886411e-28
"678",725,360,9.7885,21.275,-1.6436,8,33.878,145900.638934562,5.43181960378662e-28
"679",726,361,8.0967,28.382,-1.7381,8,33.877,145900.197044258,5.03667410957848e-28
"680",727,362,8.5595,28.045,-1.6694,8,33.862,145899.773822482,4.68530752115803e-28
"681",728,363,10.526,18.178,-1.7997,8,33.858,145899.345551682,4.3546688078846e-28
"682",729,364,11.12,14.634,-1.7504,8,33.872,145898.895340001,4.03209369659895e-28
"683",730,365,11.34,13.621,-2.2665,8,33.885,145898.43834432,3.72904623322598e-28
"684",731,1,11.396,9.9804,-2.321,9,33.871,145897.978817457,3.44726888450265e-28
"685",732,2,11.374,8.6963,-1.9635,9,33.855,145897.518644695,3.18642806948818e-28
"686",733,3,10.793,12.705,-2.4222,9,33.864,145897.058725781,2.94545310013016e-28
"687",734,4,11.523,16.45,-2.2711,9,33.854,145896.605473859,2.7258366609269e-28
"688",735,5,10.407,22.488,-2.3353,9,33.861,145896.143833881,2.51894541897671e-28
"689",736,6,10.034,22.176,-2.1623,9,33.859,145895.694972621,2.33289599373502e-28
"690",737,7,9.6261,16.203,-2.1452,9,33.852,145895.250324892,2.16215830658199e-28
"691",738,8,11.499,10.409,-2.0716,9,33.851,145894.810252161,2.00549690521445e-28
"692",739,9,11.088,12.392,-2.1927,9,33.88,145894.34888979,1.85336833603454e-28
"693",740,10,9.526,21.359,-1.9543,9,33.869,145893.892261618,1.71418000752011e-28
"694",741,11,10.949,17.028,-1.9401,9,33.851,145893.453306436,1.59028346324512e-28
"695",742,12,9.3959,17.541,-2.0817,9,33.858,145892.998271441,1.47125731072239e-28
"696",743,13,10.558,12.368,-1.9134,9,33.856,145892.560765639,1.36525939748833e-28
"697",744,14,10.388,9.1599,-2.1357,9,33.865,145892.110190608,1.26404758633797e-28
"698",745,15,7.5039,8.3014,-2.3015,9,33.863,145891.661544821,1.17072844312243e-28
"699",746,16,8.7764,2.156,-1.8619,9,33.839,145891.244727525,1.09025629757065e-28
"700",747,17,8.5789,15.215,-1.6858,9,33.813,145890.814075767,1.012902534099e-28
"701",748,18,9.0756,15.052,-2.1266,9,33.828,145890.385592691,9.41388306437084e-29
"702",749,19,8.6911,11.283,-2.555,9,33.837,145889.951640465,8.74099960980766e-29
"703",750,20,9.9923,7.0846,-1.9756,9,33.797,145889.52192637,8.1221356270661e-29
"704",751,21,12.235,5.6075,-2.1442,9,33.789,145889.077748144,7.5283097035561e-29
"705",752,22,12.972,5.5768,-2.0689,9,33.805,145888.607820023,6.94695559170586e-29
"706",753,23,11.65,7.2835,-2.6268,9,33.828,145888.12920018,6.40086715456619e-29
"707",754,24,12.596,4.2079,-2.2284,9,33.801,145887.666089893,5.91353867889053e-29
"708",755,25,14.009,-1.1141,-2.5716,9,33.795,145887.191918728,5.45287957980115e-29
"709",756,26,13.688,0.57796,-2.7243,9,33.79,145886.700874221,5.01344197906422e-29
"710",757,27,11.772,6.1442,-2.7298,9,34,145886.213700234,4.61250913744773e-29
"711",758,28,12.631,1.084,-2.3394,9,34,145885.749174109,4.26029481969948e-29
"712",759,29,11.275,0.33519,-2.6191,9,34,145885.274590179,3.92814141554093e-29
"713",760,30,12.475,-2.5869,-2.9013,9,34,145884.815812724,3.63178939022704e-29
"714",761,31,13.049,-0.91817,-2.7597,9,34,145884.343066933,3.34970181756991e-29
"715",762,32,12.812,-1.9331,-3.0475,9,34,145883.863532546,3.08589900068505e-29
"716",763,33,11.974,-5.4315,-2.9831,9,34,145883.386809583,2.84425477123278e-29
"717",764,34,9.2273,4.3717,-2.4518,9,34,145882.919932337,2.6259986468306e-29
"718",765,35,9.9515,11.506,-1.9248,9,34,145882.4843,2.43759268441641e-29
"719",766,36,9.6196,13.553,-1.6842,9,34,145882.040580834,2.25955397714726e-29
"720",767,37,11.446,9.6031,-1.6878,9,34,145881.600581216,2.09586189696115e-29
"721",768,38,11.306,10.502,-2.6182,9,34,145881.139831821,1.93708346940896e-29
"722",769,39,11.81,7.0949,-2.8488,9,34,145880.680697465,1.7908330715987e-29
"723",770,40,13.339,12.928,-2.5985,9,34,145880.215729897,1.65395765546574e-29
"724",771,41,13.083,20.093,-1.9781,9,34,145879.732739364,1.52279054762153e-29
"725",772,42,13.897,16.214,-1.8827,9,34,145879.252800862,1.40276638339854e-29
"726",773,43,11.612,12.336,-1.9185,9,34,145878.763109634,1.29002232732526e-29
"727",774,44,9.649,8.457,-2.0755,9,34,145878.300440096,1.19189743940583e-29
"728",775,45,11.377,4.5784,-2.3861,9,34,145877.860112048,1.10548853774312e-29
"729",776,46,10.508,0.6999,-2.5702,9,34,145877.400159283,1.02187939408032e-29
"730",777,47,11.744,-3.1787,-2.4296,9,34,145876.950152862,9.46216331416864e-30
"731",778,48,15.836,-9.2622,-2.7699,9,34,145794.612185348,1.74649261710628e-30
"732",779,49,19.268,-3.0797,-3.2178,9,34,145794.098693948,1.59950434327655e-30
"733",780,50,17.939,2.4339,-3.1164,9,34,145793.541056927,1.45366781434854e-30
"734",781,51,19.567,2.36,-3.0778,9,34,145793.000823829,1.32514486247771e-30
"735",782,52,20.914,-1.833,-2.6541,9,34,145792.43921689,1.20348857912419e-30
"736",783,53,21.519,-1.2955,-1.8053,9,34,145791.859475169,1.08953989178077e-30
"737",784,54,19.363,6.8799,-2.8775,9,34,145791.271454253,9.84950508069213e-31
"738",785,55,18.963,4.994,-2.8209,9,34,145790.712558178,8.94949772890507e-31
"739",786,56,24.039,-0.60739,-2.1672,9,34,145790.158950292,8.1392403883969e-31
"740",787,57,20.884,-1.8366,-3.0832,9,34,145789.535538889,7.31231972857438e-31
"741",788,58,15.252,-6.8749,-2.844,9,34,145788.956205679,6.62044813164911e-31
"742",789,59,14.749,-10.664,-2.7616,9,34,145788.449969232,6.07090027855364e-31
"743",790,60,11.375,-6.7258,-2.9304,9,34,145787.949922145,5.57295012525903e-31
"744",791,61,11.52,-8.1005,-2.4335,9,34,145787.489995909,5.1514831569211e-31
"745",792,62,15.925,-11.024,-1.6764,9,34,145787.02839484,4.76051365753534e-31
"746",793,63,15.675,-11.853,-0.91465,9,34,145786.513791665,4.35901723506011e-31
"747",794,64,15.264,-9.4796,-0.21649,9,34,145786.002308016,3.99354580720139e-31
"748",795,65,12.88,-3.5931,-1.7594,9,34,145785.495923369,3.66195667768248e-31
"749",796,66,12.685,-4.766,-2.3583,9,34,145785.018398902,3.37473349564545e-31
"750",797,67,10.737,0.99624,-2.0579,9,34,145784.543181511,3.11127977015339e-31
"751",798,68,11.466,3.7121,-1.8497,9,34,145784.090572741,2.87961648447135e-31
"752",799,69,13.146,5.9424,-1.6691,9,34,145783.629596054,2.66135615232206e-31
"753",800,70,15.12,1.0906,-1.5153,9,34,145783.148911623,2.45127382061146e-31
"754",801,71,15.292,-1.2099,-1.6418,9,34,145782.644304948,2.24843506814671e-31
"755",802,72,14.52,-5.7898,-1.9322,9,34,145782.137574229,2.06162079297e-31
"756",803,73,14.112,-7.4819,-2.0148,9,34,145781.640327153,1.89344060185871e-31
"757",804,74,11.754,2.684,-2.6552,9,34,145781.148040387,1.74047571742308e-31
"758",805,75,10.817,6.1779,-1.5683,9,34,145780.683727441,1.60762988028209e-31
"759",806,76,9.7011,3.171,-1.3511,9,34,145780.23020592,1.4876927771475e-31
"760",807,77,10.006,1.8562,-2.6643,9,34,145779.789298796,1.37970109950258e-31
"761",808,78,10.961,-0.12404,-2.6893,9,34,145779.344970512,1.27879436019095e-31
"762",809,79,12.538,1.571,-2.0343,9,34,145778.88980248,1.18305383476608e-31
"763",810,80,13.074,4.7285,-2.248,9,34,145778.41631919,1.09102400606002e-31
"764",811,81,13.33,4.2196,-2.3581,9,34,145777.936491797,1.0050496762287e-31
"765",812,82,13.882,0.33519,-1.1882,9,34,145777.453612927,9.25361437889678e-32
"766",813,83,12.529,4.9816,-2.1894,9,34,145776.964106861,8.51014364992074e-32
"767",814,84,12.116,5.4671,-1.2983,9,34,145776.490729653,7.84828292034741e-32
"768",815,85,10.914,5.3954,-1.9461,9,34,145776.022198628,7.24396309539883e-32
"769",816,86,10.413,4.6934,-2.2754,9,34,145775.567568615,6.70224555428111e-32
"770",817,87,11.699,5.0371,-2.3947,9,34,145775.118643867,6.20714458608065e-32
"771",818,88,12.581,2.6942,-2.1935,9,34,145774.654969649,5.73400226613419e-32
"772",819,89,13.788,-3.7335,-2.2598,9,34,145774.180979816,5.28749058266286e-32
"773",820,90,14.399,-2.0706,-2.4727,9,34,145773.69260702,4.86362789015695e-32
"774",821,91,14.35,-10.68,-2.3745,9,34,145773.196835084,4.46801143784368e-32
"775",822,92,13.07,-18.992,-2.0143,9,34,145772.701659504,4.10499946264119e-32
"776",823,93,12.305,-17.56,-2.1212,9,34,145772.22187991,3.78155046753513e-32
"777",824,94,12.499,-13.841,-1.4808,9,34,145771.751135771,3.48903514768466e-32
"778",825,95,12.756,-7.0139,-2.1452,9,34,145771.278112001,3.21787840188041e-32
"779",826,96,12.277,-6.0779,-1.7606,9,34,145770.802056083,2.96623931514405e-32
"780",827,97,9.4385,6.7117,-1.1697,9,34,145770.331640367,2.73694633027182e-32
"781",828,98,11.4,7.9153,-0.43859,9,34,145769.893664863,2.53955340469589e-32
"782",829,99,13.554,0.95967,-1.9099,9,34,145769.433450868,2.34737701881087e-32
"783",830,100,15.063,-0.01435,-2.4419,9,34,145768.947890863,2.16025546063141e-32
"784",831,101,14.812,0.33665,-2.2904,9,34,145768.443987281,1.98173952911167e-32
"785",832,102,13.422,0.14068,-3.1099,9,34,145767.943168816,1.81894875415998e-32
"786",833,103,14.091,-2.6629,-2.587,9,34,145767.45919032,1.67440932891499e-32
"787",834,104,15.168,-4.0845,-3.3032,9,34,145766.967158481,1.53920709920184e-32
"788",835,105,16.627,-6.2066,-3.1971,9,34,145766.461960371,1.41169526417898e-32
"789",836,106,16.544,-12.081,-2.1221,9,34,145765.938525697,1.2906515555917e-32
"790",837,107,14.297,-11.264,-2.5779,9,34,145765.416140944,1.18020200787878e-32
"791",838,108,14.599,-9.6069,-2.4913,9,34,145764.921610121,1.08443540362417e-32
"792",839,109,15.2,-6.0047,-2.37,9,34,145764.423399185,9.95804202934872e-33
"793",840,110,14.859,-5.0717,-2.4362,9,34,145763.917806161,9.13246641214765e-33
"794",841,111,14.611,-1.9522,-2.9483,9,34,145763.416411233,8.3814379923265e-33
"795",842,112,14.424,1.3341,-2.6631,9,34,145762.918053724,7.69622509808309e-33
"796",843,113,15.322,-1.5675,-2.8138,9,34,145762.421977785,7.06982684228305e-33
"797",844,114,15.237,-6.5634,-3.0184,9,34,145761.914876793,6.48200313567397e-33
"798",845,115,16.775,-12.359,-2.9002,9,34,145761.408826854,5.94413849725667e-33
"799",846,116,17.479,-15.379,-2.8763,9,34,145760.883516548,5.43269447694645e-33
"800",847,117,14.769,-11.143,-3.1559,9,34,145760.349217392,4.95749458888988e-33
"801",848,118,15.408,-9.446,-3.5712,9,34,145759.848926426,4.55067529470379e-33
"802",849,119,16.431,-15.333,-3.3075,9,34,145759.340760553,4.17153626116773e-33
"803",850,120,13.93,-11.981,-3.4019,9,34,145758.819803045,3.81549695601178e-33
"804",851,121,14.18,-16.675,-3.4715,9,34,145758.329718392,3.50859321589091e-33
"805",852,122,14.767,-22.376,-2.8358,9,34,145757.836608351,3.22468481716029e-33
"806",853,123,15.728,-15.691,-2.0713,9,34,145757.336342,2.96007502293553e-33
"807",854,124,14.27,-5.177,-3.0334,9,34,145756.824199401,2.71158366361561e-33
"808",855,125,14.808,-1.879,-2.5401,9,34,145756.329996999,2.49169591974648e-33
"809",856,126,14.542,0.81635,-2.7056,9,34,145755.829228097,2.28703403482837e-33
"810",857,127,15.995,0.041225,-3.6525,9,34,145755.331713635,2.10036760698595e-33
"811",858,128,18.187,-8.197,-2.6435,9,34,145754.816235929,1.92293230482215e-33
"812",859,129,18.581,-10.138,-3.0935,9,34,145754.272786763,1.7519375451814e-33
"813",860,130,14.25,-2.1628,-3.4115,9,34,145753.724197334,1.59471830167536e-33
"814",861,131,14.959,-1.7342,-4.2003,9,34,145753.230237971,1.46546109814232e-33
"815",862,132,16.154,-3.0563,-4.049,9,34,145752.727614986,1.34465909934365e-33
"816",863,133,15.35,-1.4066,-2.6429,9,34,145752.210143894,1.23063834428074e-33
"817",864,134,15.514,-1.5748,-3.4066,9,34,145751.70269677,1.12824853314474e-33
"818",865,135,16.599,-3.5763,-3.2604,9,34,145751.193216379,1.03401256556385e-33
"819",866,136,16.813,-5.7532,-3.3972,9,34,145750.670136724,9.45410953294062e-34
"820",867,137,18.114,-11.242,-2.5718,9,34,145750.144344477,8.63993645660034e-34
"821",868,138,19.403,-14.176,-3.1579,9,34,145749.601844121,7.87294073742155e-34
"822",869,139,16.938,-9.0833,-2.8334,9,34,145749.042419207,7.15288060861377e-34
"823",870,140,15.96,-1.2955,-3.508,9,34,145748.515037913,6.53507885161103e-34
"824",871,141,16.118,0.96991,-3.2529,9,34,145747.999998582,5.98346245507325e-34
"825",872,142,16.752,-3.343,-3.597,9,34,145747.482979536,5.47652303132546e-34
"826",873,143,15.981,-2.1993,-3.8291,9,34,145746.957961674,5.00556753975338e-34
"827",874,144,17.11,-2.0969,-3.9938,9,34,145746.442659594,4.58284568529903e-34
"828",875,145,19.552,-6.9086,-3.529,9,34,145745.913086176,4.18542363387321e-34
"829",876,146,23.239,-14.914,-3.8199,9,34,145745.351681089,3.80130909999816e-34
"830",877,147,24.205,-18.48,-2.7415,9,34,145744.739666282,3.42196128057321e-34
"831",878,148,22.486,-15.761,-3.4276,9,34,145744.11387425,3.0730112318767e-34
"832",879,149,17.656,-6.9875,-3.521,9,34,145743.512448691,2.77149444830151e-34
"833",880,150,18.492,-6.793,-5.7399,9,34,145742.975873145,2.52806800346461e-34
"834",881,151,19.768,-5.566,-4.2584,9,34,145742.428448386,2.30166593978931e-34
"835",882,152,17.571,1.4131,-3.5138,9,34,145741.864163763,2.08938047698629e-34
"836",883,153,18.344,0.87631,-4.3805,9,34,145741.328682709,1.90622890597698e-34
"837",884,154,22.454,-5.4885,-3.9561,9,34,145740.783190011,1.73610066749502e-34
"838",885,155,24.458,-9.4855,-3.4113,9,34,145740.182211724,1.56588137938375e-34
"839",886,156,21.154,-7.4044,-3.6867,9,34,145739.552775614,1.40530019682586e-34
"840",887,157,16.765,7.0993,-3.7573,9,34,145738.969762141,1.27151425573332e-34
"841",888,158,15.763,16.475,-3.8282,9,34,145738.444579719,1.16213660759356e-34
"842",889,159,14.836,21.876,-4.1122,9,34,145737.932001617,1.06449729505358e-34
"843",890,160,16.097,17.438,-3.51,9,34,145737.43089003,9.77003854393607e-35
"844",891,161,18.325,9.0751,-3.1844,9,34,145736.914134884,8.94269680300077e-35
"845",892,162,18.533,1.1118,-3.3128,9,34,145736.368890059,8.14492545850342e-35
"846",893,163,17.83,-2.2915,-4.3967,9,34,145735.820929528,7.41481037110858e-35
"847",894,164,15.709,3.3494,-4.0598,9,34,145735.282109006,6.76090638522271e-35
"848",895,165,15.803,3.1797,-3.2224,9,34,145734.770204098,6.19359879149061e-35
"849",896,166,16.627,0.83683,-2.8124,9,34,145734.257127182,5.67273912115135e-35
"850",897,167,16.58,1.6529,-3.0805,9,34,145733.733693919,5.1863385512156e-35
"851",898,168,16.137,1.043,-3.7158,9,34,145733.210855383,4.74213406715542e-35
"852",899,169,19.757,-3.8739,-3.0313,9,34,145732.69359854,4.34018439871562e-35
"853",900,170,22.88,-9.4109,-2.6798,9,34,145732.129461282,3.93998503593773e-35
"854",901,171,18.831,-2.505,-2.4904,9,34,145731.522511999,3.54995677080132e-35
"855",902,172,17.752,1.5183,-3.8253,9,34,145730.97064408,3.22953460302932e-35
"856",903,173,18.273,1.922,-3.9625,9,34,145730.432831128,2.94524231041605e-35
"857",904,174,19.301,0.0266,-3.6432,9,34,145729.888264028,2.68281627421324e-35
"858",905,175,18.914,-0.50867,-4.1513,9,34,145729.330192834,2.43802149070814e-35
"859",906,176,19.532,-4.6154,-4.0641,9,34,145728.777233125,2.21754098784617e-35
"860",907,177,18.95,-4.2995,-3.9726,9,34,145728.216094951,2.01412123438294e-35
"861",908,178,18.934,-2.4977,-4.3572,9,34,145727.662661223,1.83182424422463e-35
"862",909,179,18.627,-2.4904,-4.2632,9,34,145727.109438255,1.66608812803675e-35
"863",910,180,17.727,-0.42677,-3.7589,9,34,145726.560247686,1.51641368279399e-35
"864",911,181,19.23,0.44049,-3.7459,9,34,145726.022757516,1.38300320768226e-35
"865",912,182,20.024,0.91141,-3.9969,9,34,145725.465626777,1.25701682428344e-35
"866",913,183,18.568,0.88363,-4.0649,9,34,145724.897916372,1.14039737712169e-35
"867",914,184,18.057,4.8485,-4.3002,9,34,145724.349498447,1.03808868578394e-35
"868",915,185,17.706,9.935,-4.0022,9,34,145723.807739124,9.46056108260158e-36
"869",916,186,20.008,6.7892,-4.4593,9,34,145723.270519942,8.6286504886138e-36
"870",917,187,19.636,7.2514,-3.6171,9,34,145722.703024236,7.82842312007009e-36
"871",918,188,17.205,12.319,-4.0621,9,34,145722.140501607,7.10858526594252e-36
"872",919,189,17.971,9.5636,-4.5215,9,34,145721.609715649,6.4907612365001e-36
"873",920,190,18.377,6.3416,-4.6264,9,34,145721.069071368,5.91646708364895e-36
