Day_of_year,Discont_day_of_year,CO2_gC_m2_day,GPP_gC_m2_day,Reco_gC_m2_day,CH4_gC_m2_day,Air_temp_daily_ave_degree_C,Water_table_daily_ave_cm,PAR_daily_ave_umol_m2_day,FPAR,Salinity_daily_ave_ppt,Season,Wetland_age_years,Year
48,48,-0.73815,-1.5199,0.78177,0.40669,11.338,9.1186,355.03,0,38,1,7,2018
49,49,-0.68889,-1.4719,0.78305,-0.41631,10.392,11.258,369.14,0,38,1,7,2018
50,50,-0.79113,-1.5599,0.76873,0.027241,7.7242,8.1929,367.67,0,38,1,7,2018
51,51,-1.0106,-1.74,0.72943,1.1246,6.8346,5.4799,344.37,0,38,1,7,2018
52,52,-0.94375,-1.6602,0.71642,0.73038,8.3851,5.4609,364.32,0,38,1,7,2018
53,53,-1.0168,-1.7571,0.74029,0.35577,9.0685,6.3984,334.83,0,38,1,7,2018
54,54,-0.97443,-1.7243,0.7499,0.5162,7.4213,4.3991,386.33,0,38,1,7,2018
55,55,-0.98793,-1.7122,0.72424,0.75526,7.8106,4.0291,351.85,0,38,1,7,2018
56,56,-0.94746,-1.6788,0.73137,-0.065893,8.6467,5.5019,384.53,0,38,1,7,2018
57,57,-0.95051,-1.6943,0.74375,-0.4335,8.7702,10.363,360.3,0,38,1,7,2018
58,58,-0.77482,-1.5202,0.74535,-0.0091018,8.6694,12.46,401.21,0,38,1,7,2018
59,59,-0.69899,-1.4429,0.7439,0.43899,8.7248,12.702,255.55,0,38,1,7,2018
60,60,-0.5578,-1.3032,0.74545,-0.54832,11.224,16.795,262.51,0,38,1,7,2018
61,61,-0.48783,-1.2693,0.78151,-1.2508,9.2153,17.692,226.98,0,38,1,7,2018
62,62,-0.5906,-1.3428,0.75222,-0.91977,8.3087,15.719,232.94,0,38,1,7,2018
63,63,-0.71266,-1.4515,0.73885,-0.78706,8.6483,11.652,374.21,0,38,1,7,2018
64,64,-0.96044,-1.704,0.74361,-0.16105,10.189,8.5731,438.1,0,38,1,7,2018
65,65,-1.0471,-1.8131,0.76602,-0.18349,12.07,8.032,426.66,0,38,1,7,2018
66,66,-1.0418,-1.8353,0.79352,-0.3467,14.828,7.3051,403.87,0,38,1,7,2018
67,67,-0.78757,-1.62,0.83242,0.18758,14.466,5.4916,429.24,0,38,1,7,2018
68,68,-0.97466,-1.8008,0.82618,-0.73665,12.526,4.6434,357.96,0,38,1,7,2018
69,69,-1.0076,-1.8079,0.80027,-1.3472,12.779,4.7545,146.69,0,38,1,7,2018
70,70,-0.58158,-1.3852,0.80365,-1.2555,13.163,4.0686,441.54,0,38,1,7,2018
71,71,-1.0693,-1.8784,0.80915,-1.0632,15.383,5.4024,302.22,0,38,1,7,2018
72,72,-0.78884,-1.6286,0.83978,-0.68453,14.509,9.2839,115.3,0,38,1,7,2018
73,73,-0.51917,-1.3454,0.82623,-1.072,10.978,9.6437,232.07,0,38,1,7,2018
74,74,-0.79244,-1.5707,0.77829,-0.18419,10.267,9.8089,258.39,0,38,1,7,2018
75,75,-0.50417,-1.2723,0.76808,-2.1495,10.168,12.371,316.13,0,38,1,7,2018
76,76,-0.5745,-1.3404,0.76592,-1.4068,9.6412,11.128,424.34,0,38,1,7,2018
77,77,-1.3914,-2.1496,0.75822,-2.6215,9.8975,10.123,310.84,0,38,1,7,2018
78,78,-0.7203,-1.483,0.76268,-4.5394,12.142,9.8104,430.1,0,38,1,7,2018
79,79,-0.50184,-1.297,0.79519,-0.75398,13.168,11.096,106.67,0,38,1,7,2018
80,80,-0.41957,-1.2288,0.80928,-0.13048,16.268,13.114,254.93,0,38,1,7,2018
81,81,-0.5494,-1.4015,0.8521,-1.023,13.066,14.088,435.12,0,38,1,7,2018
82,82,-1.0459,-1.8514,0.80549,-7.4145,10.897,8.1753,507.83,0,38,1,7,2018
83,83,-1.574,-2.3513,0.77735,-3.8811,10.735,7.8843,434.23,0,38,1,7,2018
84,84,-1.3819,-2.1561,0.77427,-1.9398,9.8476,5.8002,489.17,0,38,1,7,2018
85,85,-1.9787,-2.7401,0.76143,0.33277,11.167,5.1977,513.68,0,38,1,7,2018
86,86,-0.56195,-1.3427,0.78075,-1.451,14.112,7.5845,509.38,0,38,1,7,2018
87,87,-0.61349,-1.4358,0.82233,-0.47953,16.344,9.8118,411.07,0,38,1,7,2018
88,88,-0.51896,-1.3704,0.85141,-1.7925,17.953,11.342,440.58,0,38,1,7,2018
89,89,0.14266,-0.7297,0.87235,3.9498,18.368,12.762,470.1,0,38,2,7,2018
90,90,-0.18168,-1.0596,0.87788,7.4115,14.616,13.253,499.62,0,38,2,7,2018
91,91,-1.1747,-2.0023,0.82757,-4.459,13.775,13.043,529.14,0,38,2,7,2018
92,92,-0.87859,-1.6963,0.81769,-3.6848,13.319,12.801,558.66,0,38,2,7,2018
93,93,-1.1943,-2.0053,0.81107,-2.7023,12.933,10.135,588.18,0,38,2,7,2018
94,94,-1.3097,-2.1154,0.80571,-1.3993,13.299,7.115,428.38,0,38,2,7,2018
95,95,-1.047,-1.8586,0.81166,0.5849,14.262,6.1644,272.2,0,38,2,7,2018
96,96,-1.274,-2.0989,0.82489,0.58061,15.555,6.8474,119.74,0,38,2,7,2018
97,97,-0.78421,-1.6269,0.84273,-1.4043,15.567,6.1454,555.74,0,38,2,7,2018
98,98,-1.2451,-2.0863,0.84126,-2.9732,13.902,-1.4465,533.11,0,38,2,7,2018
99,99,-1.0526,-1.8715,0.81893,-4.9754,16.061,-8.1462,507.66,0,38,2,7,2018
100,100,0.30178,-0.54657,0.84835,4.529,15.048,-10.828,307.31,0,38,2,7,2018
101,101,-0.18273,-1.0165,0.83377,-2.3235,12.714,-0.17996,428.25,0,38,2,7,2018
102,102,-0.91942,-1.7219,0.80244,-2.3485,11.732,1.42,568.71,0,38,2,7,2018
103,103,-0.65565,-1.4448,0.78913,-2.5971,12.732,-0.071737,568.2,0,38,2,7,2018
104,104,-0.69162,-1.4944,0.80277,-2.3082,14.467,4.1132,569.14,0,38,2,7,2018
105,105,-0.29193,-1.1189,0.827,-2.2574,13.116,9.1932,534.67,0,38,2,7,2018
106,106,-0.49205,-1.3003,0.80824,-2.29,10.412,11.889,400.88,0,38,2,7,2018
107,107,-0.67628,-1.4458,0.76949,-0.92509,11.227,9.5632,588.23,0,38,2,7,2018
108,108,-0.81144,-1.593,0.78156,-1.4051,11.501,10.012,407.4,0,38,2,7,2018
109,109,-0.79375,-1.5796,0.7858,-0.4155,11.925,10.458,588.23,0,38,2,7,2018
110,110,-1.3143,-2.1061,0.79183,-1.9731,13.349,7.8404,594.59,0,38,2,7,2018
111,111,-1.0016,-1.813,0.81145,-3.8427,15.151,6.1819,588.92,0,38,2,7,2018
112,112,-1.2001,-2.0361,0.83605,-2.5605,16.26,6.3048,581.95,0,38,2,7,2018
113,113,-1.0378,-1.8883,0.85056,-2.4112,16.234,7.191,593.91,0,38,2,7,2018
114,114,-1.7383,-2.588,0.84971,-6.1326,13.88,8.2353,584.19,0,38,2,7,2018
115,115,-2.109,-2.9281,0.81905,-4.4437,13.385,9.553,583.41,0,38,2,7,2018
116,116,-2.3919,-3.2044,0.8125,-4.6257,12.688,10.9,567.42,0,38,2,7,2018
117,117,-1.5906,-2.3936,0.80301,-4.6473,14.62,11.07,523.05,0,38,2,7,2018
118,118,-1.517,-2.3465,0.82954,-3.0273,13.83,12.06,353.23,0,38,2,7,2018
119,119,-1.2856,-2.104,0.81837,-1.9256,13.53,12.765,534.23,0,38,2,7,2018
120,120,-1.5119,-2.3265,0.81454,-1.7275,12.703,11.526,518.67,0,38,2,7,2018
121,121,-1.5127,-2.315,0.80237,-2.6484,12.807,11.32,594.16,0,38,2,7,2018
122,122,-1.8111,-2.6156,0.80446,-5.0673,13.809,11.172,608.01,0,38,2,7,2018
123,123,-2.0397,-2.8577,0.81795,-4.1277,12.984,5.3615,456.33,0,38,2,7,2018
124,124,-1.4719,-2.2789,0.80702,-1.7296,14.611,-2.5551,613.34,0,38,2,7,2018
125,125,-1.6604,-2.4893,0.82892,-2.0665,13.472,-4.8731,436.64,0,38,2,7,2018
126,126,-1.095,-1.9084,0.81346,-0.59719,13.449,-10.615,497,0,38,2,7,2018
127,127,-0.75388,-1.5676,0.81367,-0.1293,15.333,-16.949,624.26,0,38,2,7,2018
128,128,-0.7699,-1.6087,0.83878,-0.55777,14.63,-15.691,617.98,0,38,2,7,2018
129,129,-0.41447,-1.244,0.82955,-0.75657,14.811,-6.223,499.49,0,38,2,7,2018
130,130,-0.46927,-1.301,0.83169,-3.0941,14.286,-4.1931,608.52,0,38,2,7,2018
131,131,-1.4829,-2.3076,0.82476,-2.8424,16.748,-2.4103,630.88,0,38,2,7,2018
132,132,-0.42835,-1.287,0.85861,0.38354,17.795,2.2858,636.3,0,38,2,7,2018
133,133,-0.36767,-1.2371,0.86941,-1.6433,15.377,3.8434,605.51,0,38,2,7,2018
134,134,-1.8262,-2.6657,0.83942,-1.2478,14.067,5.0733,557.27,0,38,2,7,2018
135,135,-2.0952,-2.9173,0.82202,-2.7856,14.623,6.1468,527.18,0,38,2,7,2018
136,136,-1.7478,-2.5773,0.82951,-1.515,14.686,7.1486,507.92,0,38,2,7,2018
137,137,-2.0708,-2.9011,0.83028,-0.49526,14.225,7.8565,525.8,0,38,2,7,2018
138,138,-2.8958,-3.7197,0.82395,-4.464,13.708,7.3344,461.57,0,38,2,7,2018
139,139,-2.8045,-3.6214,0.81687,-4.1066,13.345,6.1132,491.58,0,38,2,7,2018
140,140,-2.45,-3.2621,0.81204,-6.2641,13.386,4.2353,391.66,0,38,2,7,2018
141,141,-2.3775,-3.19,0.8125,-5.4614,14.234,1.6803,635.69,0,38,2,7,2018
142,142,-3.3293,-4.1535,0.82418,-5.124,14.024,1.2708,450.31,0,38,2,7,2018
143,143,-2.5754,-3.3969,0.82153,-4.0081,14.399,1.2299,412.3,0,38,2,7,2018
144,144,-2.437,-3.2635,0.82644,-0.42015,14.221,1.6379,232.85,0,38,2,7,2018
145,145,-1.4864,-2.3106,0.82417,-0.80338,15.111,1.4697,328.64,0,38,2,7,2018
146,146,-2.4517,-3.2879,0.83614,0.090262,14.929,1.6218,393.9,0,38,2,7,2018
147,147,-2.2592,-3.0929,0.8337,0.60486,17.35,2.2683,653.92,0,38,2,7,2018
148,148,-2.0931,-2.9584,0.86537,3.1007,20.394,3.5304,657.79,0,38,2,7,2018
149,149,-1.5665,-2.4693,0.90272,2.8059,17.806,5.3761,650.91,0,38,2,7,2018
150,150,-2.7232,-3.5936,0.87038,-2.6084,13.777,5.6554,609.64,0,38,2,7,2018
151,151,-2.8876,-3.705,0.81738,-5.2263,13.51,6.5739,563.04,0,38,2,7,2018
152,152,-2.4657,-3.28,0.81429,-11.253,15.895,1.812,661.32,0,38,2,7,2018
153,153,-2.1132,-2.9594,0.84616,-1.0385,20.051,-0.53242,670.26,0,38,2,7,2018
154,154,-1.5702,-2.4679,0.89773,-3.2585,18.443,-0.56752,657.79,0,38,2,7,2018
155,155,-1.2047,-2.0837,0.87898,-1.5287,15.922,-2.0812,669.66,0,38,2,7,2018
156,156,-1.7252,-2.5717,0.8465,-9.3976,15.094,-5.1685,669.66,0,38,2,7,2018
157,157,-1.859,-2.6945,0.83553,-5.1883,14.927,-4.4373,450.48,0,38,2,7,2018
158,158,-2.3451,-3.179,0.83389,-4.0471,15.665,-3.7119,615.83,0,38,2,7,2018
159,159,-1.9254,-2.769,0.84356,-3.48,16.564,-2.5039,644.21,0,38,2,7,2018
160,160,-2.6271,-3.4823,0.85527,-1.6537,16.364,-0.69037,547.82,0,38,2,7,2018
161,161,-1.7655,-2.6182,0.85265,-6.5816,15.181,-0.23407,665.96,0,38,2,7,2018
162,162,-1.4163,-2.2529,0.83665,-2.5969,16.864,0.86865,669.06,0,38,2,7,2018
163,163,-1.6996,-2.559,0.85943,-2.4789,18.428,5.1801,670.43,0,38,2,7,2018
164,164,-2.1375,-3.0161,0.87857,-6.0252,17.003,8.3815,672.41,0,38,2,7,2018
165,165,-2.3452,-3.2057,0.86054,-1.4653,16.499,9.3365,664.24,0,38,2,7,2018
166,166,-2.3783,-3.2327,0.85444,-2.513,15.673,12.185,647.99,0,38,2,7,2018
167,167,-3.1296,-3.973,0.84336,-4.2053,16.376,12.447,664.24,0,38,2,7,2018
168,168,-3.029,-3.8814,0.85241,-0.9044,16.726,9.9405,614.46,0,38,2,7,2018
169,169,-2.8711,-3.7288,0.85767,1.5092,16.525,5.9947,650.14,0,38,2,7,2018
170,170,-3.2561,-4.1104,0.85426,-2.9819,14.864,3.5962,644.42,0,38,2,7,2018
171,171,-2.7759,-3.6084,0.83248,-1.2569,14.189,1.8997,680.03,0,38,2,7,2018
172,172,-2.5923,-3.4158,0.82354,-1.2609,15.375,0.34215,734.23,0,38,2,7,2018
173,173,-1.9238,-2.7635,0.83964,0.34224,18.606,0.2544,786.35,0,38,2,7,2018
174,174,-1.3057,-2.1867,0.88108,-1.6595,22.093,0.60979,784.78,0,38,2,7,2018
175,175,-0.75715,-1.681,0.92387,1.7146,18.835,7.289,768.64,0,38,2,7,2018
176,176,-2.4789,-3.3622,0.88328,1.6069,17.216,6.0576,721.05,0,38,3,7,2018
177,177,-3.0553,-3.9187,0.86346,-2.4431,16.09,5.3176,791.66,0,38,3,7,2018
178,178,-3.1578,-4.0065,0.84873,-0.91053,15.311,6.1965,736.7,0,38,3,7,2018
179,179,-3.6695,-4.5087,0.83912,-0.69757,15.751,5.2298,782.05,0,38,3,7,2018
180,180,-3.2273,-4.0717,0.84437,1.8194,17.792,2.2463,777.22,0,38,3,7,2018
181,181,-2.5754,-3.4468,0.87142,-0.10172,20.428,2.941,771.31,0,38,3,7,2018
182,182,-1.2016,-2.1045,0.90296,-2.322,17.087,6.9556,730.15,0,38,3,7,2018
183,183,-3.2387,-4.1008,0.86206,-1.0286,16.813,2.6163,593.97,0,38,3,7,2018
184,184,-3.4026,-4.2614,0.85878,4.5369,17.36,1.3674,754.02,0,38,3,7,2018
185,185,-2.9812,-3.8467,0.86553,-0.27607,16.941,2.3823,745.37,0,38,3,7,2018
186,186,-3.0531,-3.9128,0.8597,2.0838,17.504,-0.030787,749.54,0,38,3,7,2018
187,187,-2.7661,-3.634,0.86796,-2.3057,20.252,-2.7247,636.79,0,38,3,7,2018
188,188,-1.8469,-2.749,0.9021,-2.6713,18.894,-1.0604,793.79,0,38,3,7,2018
189,189,-2.8011,-3.6857,0.88464,-1.5701,17.543,2.3575,776.71,0,38,3,7,2018
190,190,-2.8273,-3.6952,0.86787,1.546,18.74,2.4291,773.3,0,38,3,7,2018
191,191,-2.1287,-3.012,0.88329,2.1168,18.396,3.8902,774.32,0,38,3,7,2018
192,192,-2.3887,-3.267,0.87822,1.575,17.903,5.319,763.51,0,38,3,7,2018
193,193,-3.4072,-4.2795,0.87239,-0.92657,18.187,10.469,698.7,0,38,3,7,2018
194,194,-4.2645,-5.141,0.87651,-0.38595,18.733,12.405,651.18,0,38,3,7,2018
195,195,-3.1817,-4.0646,0.88288,2.0533,17.225,13.376,696.57,0,38,3,7,2018
196,196,-3.4717,-4.3353,0.86366,2.435,16.799,11.905,684.02,0,38,3,7,2018
197,197,-3.2605,-4.119,0.85844,-0.16648,17.334,9.5471,725.35,0,38,3,7,2018
198,198,-3.3029,-4.168,0.86508,1.6893,17.018,5.817,681.73,0,38,3,7,2018
199,199,-2.5915,-3.452,0.86042,-3.6158,17.234,1.012,695.18,0,38,3,7,2018
200,200,-3.1175,-3.9813,0.86384,-1.9896,17.796,-0.7986,716.39,0,38,3,7,2018
201,201,-2.932,-3.8031,0.87112,-4.3947,19.112,-6.0358,683.49,0,38,3,7,2018
202,202,-1.4494,-2.3355,0.88609,3.0085,18.404,-4.8936,727.46,0,38,3,7,2018
203,203,-2.2475,-3.1265,0.879,-1.9101,18.224,-4.9594,683.26,0,38,3,7,2018
204,204,-1.8388,-2.7155,0.87672,1.9116,17.47,-6.4044,686.96,0,38,3,7,2018
205,205,-2.2641,-3.1308,0.86668,3.5697,17.351,-7.5539,683.21,0,38,3,7,2018
206,206,-2.1455,-3.011,0.86548,2.959,17.367,-8.506,731.31,0,38,4,7,2018
207,207,-2.0688,-2.9343,0.86551,3.0899,15.98,-6.4424,687.82,0,38,4,7,2018
208,208,-3.2344,-4.0819,0.84751,5.4135,15.44,-6.2991,650.24,0,38,4,7,2018
209,209,-3.104,-3.9443,0.84026,7.9154,15.693,-6.6954,631.46,0,38,4,7,2018
210,210,-3.2054,-4.049,0.84362,0.38546,15.33,-4.8863,638.81,0,38,4,7,2018
211,211,-3.1815,-4.0206,0.83903,5.0483,15.841,-7.5378,684.73,0,38,4,7,2018
212,212,-3.5344,-4.3805,0.8461,2.6429,15.471,-7.2921,657.91,0,38,4,7,2018
213,213,-3.2223,-4.0675,0.84525,6.0386,15.141,-8.0263,671.89,0,38,4,7,2018
214,214,-2.2549,-3.1004,0.84543,2.0304,15.291,-10.594,688.5,0,38,4,7,2018
215,215,-1.6312,-2.4839,0.85269,0.84094,17.535,-13.685,648.54,0,38,4,7,2018
216,216,-1.7819,-2.6686,0.88668,-0.49444,18.129,-12.093,718.71,0,38,4,7,2018
217,217,-1.7206,-2.6188,0.89812,1.5166,16.709,-8.5469,703.07,0,38,4,7,2018
218,218,-1.2413,-2.1265,0.88523,1.2865,17.604,-8.386,668.69,0,38,4,7,2018
219,219,-1.4294,-2.3303,0.90088,-0.20061,15.246,-5.2022,530.28,0,38,4,7,2018
220,220,-3.2668,-4.142,0.87523,2.4212,16.475,25.322,600.12,0,38,4,7,2018
221,221,-2.8839,-3.7797,0.89583,3.7389,18.061,2.3302,628.72,0,38,4,7,2018
222,222,-2.1689,-3.0887,0.91979,-0.52115,17.858,-3.7743,672.95,0,38,4,7,2018
223,223,-2.3956,-3.3196,0.92399,0.16144,18.825,-5.2339,650.89,0,38,4,7,2018
224,224,-1.6878,-2.6275,0.93971,2.0148,17.822,-3.1293,647.38,0,38,4,7,2018
225,225,-2.7166,-3.6485,0.93191,1.3525,15.832,0.97299,607.92,0,38,4,7,2018
226,226,-2.5018,-3.4133,0.91149,3.6601,16.065,-2.012,438.85,0,38,4,7,2018
227,227,-1.1049,-2.0248,0.91993,4.5296,17.252,-8.172,525.87,0,38,4,7,2018
228,228,-1.3329,-2.2722,0.93934,3.9577,17.34,8.1831,656.2,0,38,4,7,2018
229,229,-1.9455,-2.8903,0.94487,3.4402,17.702,17.961,653.28,0,38,4,7,2018
230,230,-2.1548,-3.1087,0.95392,1.727,17.843,-14.312,645.13,0,38,4,7,2018
231,231,-2.3181,-3.2776,0.95952,-0.24223,15.777,-12.896,598.53,0,38,4,7,2018
232,232,-2.3213,-3.2602,0.93896,2.0806,16.234,-13.569,557.23,0,38,4,7,2018
233,233,-1.9114,-2.8614,0.94995,2.8503,16.646,-11.191,354.44,0,38,4,7,2018
234,234,-1.6235,-2.5839,0.96043,3.3364,17.663,-11.829,478.97,0,38,4,7,2018
235,235,-1.5248,-2.5022,0.97734,2.5315,17.354,-10.551,444.94,0,38,4,7,2018
236,236,-1.1582,-2.1364,0.97819,4.0425,16.831,-11.957,442.47,0,38,4,7,2018
237,237,-1.2357,-2.2116,0.97594,2.8109,16.719,-12.281,549.41,0,38,4,7,2018
238,238,-1.3578,-2.3369,0.97901,1.8942,16.415,-10.877,577.67,0,38,4,7,2018
239,239,-1.2757,-2.2564,0.98075,3.3948,17.29,-12.3,609.12,0,38,4,7,2018
240,240,-1.3845,-2.3806,0.99603,3.6451,17.539,-9.1904,447.89,0,38,4,7,2018
241,241,-0.75731,-1.7613,1.004,1.7381,18.426,-10.871,642.25,0,38,4,7,2018
242,242,-0.90981,-1.929,1.0192,-0.47494,18.236,-9.6964,470.75,0,38,4,7,2018
243,243,-0.86352,-1.8853,1.0218,4.9785,16.793,-11.517,597.2,0,38,4,7,2018
244,244,-1.1321,-2.1406,1.0084,1.7173,16.482,-14.52,586.03,0,38,4,7,2018
245,245,-1.3425,-2.352,1.0095,0.41853,16.748,-14.726,592.86,0,38,4,7,2018
246,246,-1.7888,-2.8058,1.017,5.2301,16.989,-12.52,515,0,38,4,7,2018
247,247,-1.558,-2.583,1.025,1.8393,17.434,-12.724,532.11,0,38,4,7,2018
248,248,-2.1257,-3.1609,1.0352,-3.9449,16.643,-6.8168,556.2,0,38,4,7,2018
249,249,-1.8907,-2.9211,1.0304,4.6377,15.98,-4.7342,520.19,0,38,4,7,2018
250,250,-1.7566,-2.7835,1.0269,3.759,16.905,-8.3144,563.86,0,38,4,7,2018
251,251,-1.4165,-2.4596,1.0431,2.8132,17.545,-9.891,611.54,0,38,4,7,2018
252,252,-0.81629,-1.8714,1.0551,-1.854,16.792,-7.472,588.3,0,38,4,7,2018
253,253,-0.7869,-1.8373,1.0504,4.6097,16.942,-5.4552,596.81,0,38,4,7,2018
254,254,-0.65331,-1.7105,1.0572,4.7302,16.292,-3.4165,595.87,0,38,4,7,2018
255,255,-0.9282,-1.9823,1.0541,3.8988,15.671,-1.1832,550.8,0,38,4,7,2018
256,256,-1.2559,-2.3074,1.0515,3.1799,15.959,-3.6797,558.14,0,38,4,7,2018
257,257,-1.1527,-2.2126,1.0598,3.3817,15.918,-9.2606,535.88,0,38,4,7,2018
258,258,-1.3528,-2.4165,1.0637,1.3519,15.244,-10.107,570.25,0,38,4,7,2018
259,259,-1.6668,-2.727,1.0602,5.2271,15.915,-12.946,577.23,0,38,4,7,2018
260,260,-1.3882,-2.4614,1.0732,1.6672,15.403,-13.979,547.51,0,38,4,7,2018
261,261,-2.0781,-3.1498,1.0717,8.7873,15.124,-16.019,565.99,0,38,4,7,2018
262,262,-1.6788,-2.7514,1.0726,1.8783,16.388,-18.828,547.39,0,38,4,7,2018
263,263,-1.4578,-2.5508,1.093,0.059752,19.92,-21.508,547.82,0,38,4,7,2018
264,264,-0.81242,-1.9498,1.1374,2.3558,17.585,-12.161,541.35,0,38,4,7,2018
265,265,-1.2902,-2.4057,1.1155,-1.3504,15.437,-9.9012,483.68,0,38,4,7,2018
266,266,-1.0897,-2.1852,1.0956,-1.0334,15.815,-11.996,543.71,0,38,5,7,2018
267,267,-1.2838,-2.3883,1.1045,0.33406,16.159,-12.148,533.33,0,38,5,7,2018
268,268,-0.70947,-1.8224,1.1129,0.15932,15.38,-8.057,462.8,0,38,5,7,2018
269,269,-0.54024,-1.6488,1.1086,1.4443,15.731,-8.2018,427.25,0,38,5,7,2018
270,270,-1.2065,-2.3237,1.1173,-0.042244,14.659,-7.5422,414.57,0,38,5,7,2018
271,271,-0.82295,-1.9328,1.1099,-0.61231,15.444,-9.2328,364.27,0,38,5,7,2018
272,272,-0.45699,-1.5814,1.1244,2.3048,17.553,-12.386,527.51,0,38,5,7,2018
273,273,-0.80787,-1.9621,1.1542,-1.0859,17.83,-13.655,434.79,0,38,5,7,2018
274,274,-0.94171,-2.1033,1.1616,1.643,18.469,-15.618,343.2,0,38,5,7,2018
275,275,-0.95221,-2.1607,1.2085,1.9468,19.843,-18.015,397.89,0,38,5,7,2018
276,276,-1.406,-2.7342,1.3283,0.93297,19.592,-14.227,420.51,0,38,5,7,2018
277,277,-1.1262,-2.4985,1.3723,0.89618,17.333,-5.7872,389.42,0,38,5,7,2018
278,278,-0.62315,-1.9413,1.3182,1.9186,16.371,-1.0721,475.18,0,38,5,7,2018
279,279,-0.90689,-2.1929,1.286,0.63494,17.11,-6.4468,453.1,0,38,5,7,2018
280,280,-0.19277,-1.524,1.3312,2.2238,20.537,-9.3045,437.12,0,38,5,7,2018
281,281,0.22569,-1.45,1.6757,-0.8373,19.429,-6.204,460.12,0,38,5,7,2018
282,282,0.00038473,-1.6544,1.6548,4.7228,16.745,-1.7361,444.74,0,38.378,5,7,2018
283,283,-0.68879,-2.1281,1.4393,-1.1727,15.725,1.0178,445.69,0,38.515,5,7,2018
284,284,-0.4666,-1.8595,1.3929,4.0477,15.595,1.3791,416.28,0,38.675,5,7,2018
285,285,-0.36315,-1.7873,1.4241,0.59418,17.442,-2.909,429.51,0,38.852,5,7,2018
286,286,-0.36481,-1.9787,1.6138,-1.9018,15.999,-3.4867,434.85,0,39.011,5,7,2018
287,287,0.1617,-1.3642,1.5259,4.0252,15.707,-4.0483,399.33,0,39.141,5,7,2018
288,288,-1.0537,-2.6041,1.5503,1.4317,17.759,-3.845,423.87,0,39.248,5,7,2018
289,289,-0.96164,-2.6928,1.7312,0.20961,15.703,-4.6523,420.62,0,39.546,5,7,2018
290,290,-0.52714,-2.1509,1.6238,6.8584,14.231,-6.2552,385.26,0,39.969,5,7,2018
291,291,-1.3697,-2.9323,1.5627,-1.767,15.06,-9.3791,372.05,0,40.374,5,7,2018
292,292,-1.104,-2.757,1.653,-0.5578,16.226,-11.16,393.71,0,40.728,5,7,2018
293,293,-0.43493,-2.2017,1.7668,-0.24671,14.634,-11.219,353.21,0,41.081,5,7,2018
294,294,-0.85939,-2.5615,1.7021,-0.47405,13.786,-10.463,307.43,0,41.158,5,7,2018
295,295,-0.38436,-2.08,1.6957,0.51308,14.04,0.55248,307.22,0,41.052,5,7,2018
296,296,-0.34144,-2.0883,1.7469,-3.3606,14.379,2.7395,344.25,0,39.668,5,7,2018
297,297,-0.124,-1.9291,1.8051,1.1313,14.887,3.2909,393.91,0,38.346,5,7,2018
298,298,-0.16848,-2.0431,1.8746,0.027849,15.835,0.9158,345.12,0,38.664,5,7,2018
299,299,-0.3209,-2.2762,1.9553,-1.7001,16.318,1.6573,365.38,0,38.873,5,7,2018
300,300,-0.013804,-2.0298,2.016,1.0263,16.034,1.862,372.26,0,39.032,5,7,2018
301,301,-0.12023,-2.1576,2.0373,3.854,16.464,0.41124,373.94,0,39.157,5,7,2018
302,302,-0.34445,-2.4349,2.0904,0.62535,14.903,5.6236,299.86,0,39.247,5,7,2018
303,303,-0.049729,-2.1132,2.0635,1.576,13.954,5.1497,364.71,0,39.287,5,7,2018
304,304,-0.86866,-2.9376,2.0689,-0.25348,15.384,1.9045,350.08,0,39.326,5,7,2018
305,305,-0.16988,-2.3345,2.1647,5.8419,18.131,-2.9584,339.25,0,39.401,5,7,2018
306,306,-0.65057,-2.9462,2.2957,2.6345,17.334,-2.3002,352.77,0,39.451,5,7,2018
307,307,-0.92137,-3.2181,2.2967,-2.7693,17.131,-1.1302,338.3,0,39.496,5,7,2018
308,308,-0.67674,-3.0031,2.3264,6.4951,15.192,0.73591,340.5,0,39.524,5,7,2018
309,309,-0.34218,-2.6447,2.3025,4.8588,14.626,1.3472,347.06,0,39.543,5,7,2018
310,310,-0.31841,-2.644,2.3256,-3.8942,14.821,5.8825,344.03,0,39.546,5,7,2018
311,311,-0.076656,-2.4478,2.3711,-0.79189,14.334,9.7361,335.93,0,39.538,5,7,2018
312,312,0.34347,-2.0546,2.3981,4.8437,15.07,12.478,305.67,0,38.624,5,7,2018
313,313,0.29344,-2.1588,2.4523,1.0768,13.039,17.606,233.39,0,37.605,5,7,2018
314,314,-0.12569,-2.5788,2.4531,8.3401,10.171,16.684,183.68,0,37.867,5,7,2018
315,315,-0.072217,-2.5204,2.4482,5.5186,12.838,12.155,282.64,0,38.037,5,7,2018
316,316,-0.38354,-2.9164,2.5329,1.6506,11.632,14.312,258.42,0,38.172,5,7,2018
317,317,-1.0408,-3.6006,2.5598,-0.0059053,11.178,12.205,167.66,0,38.29,5,7,2018
318,318,-0.52166,-3.1171,2.5955,5.1782,10.9,5.1965,246.84,0,38.379,5,7,2018
319,319,-1.4441,-4.0384,2.5943,1.57,10.137,-0.70026,200.55,0,38.468,5,7,2018
320,320,-0.67362,-3.2301,2.5565,1.8225,10.798,-3.9134,231.88,0,38.581,5,7,2018
321,321,-0.40591,-2.9347,2.5288,11.993,10.276,-1.9902,230.21,0,38.701,5,7,2018
322,322,-0.15942,-2.6482,2.4887,4.7288,9.7397,-0.47796,183.43,0,38.819,5,7,2018
323,323,-0.55874,-3.0075,2.4487,0.78953,10.402,-0.40922,201.66,0,38.873,5,7,2018
324,324,0.11391,-2.3072,2.4211,14.338,11.129,-0.17669,235.61,0,38.896,5,7,2018
325,325,0.17828,-2.2172,2.3955,7.9792,14.059,-4.1152,67.556,0,38.921,5,7,2018
326,326,0.44683,-1.9458,2.3927,5.1964,14.074,-0.00265,272.47,0,38.963,5,7,2018
327,327,0.39347,-1.9643,2.3578,0.48706,14.325,-1.0191,61.596,0,39.002,5,7,2018
328,328,0.23322,-2.0929,2.3261,-0.38991,14.243,-3.1295,276.81,0,39.043,5,7,2018
329,329,-0.14176,-2.431,2.2893,-0.69248,12.082,4.1874,236.3,0,39.068,5,7,2018
330,330,-0.37871,-2.6114,2.2327,-2.1847,12.197,6.3709,215.96,0,39.093,5,7,2018
331,331,-0.29491,-2.4945,2.1996,-1.6658,13.426,-0.53061,108.96,0,39.115,5,7,2018
332,332,-0.12594,-2.3037,2.1778,0.16276,15.391,-12.981,190.32,0,39.142,5,7,2018
333,333,-0.6169,-2.7788,2.1619,-3.809,13.838,-10.489,123.55,0,39.147,5,7,2018
334,334,-0.24862,-2.3613,2.1127,-1.9418,12.775,1.7436,276.71,0,39.117,5,7,2018
335,335,-0.34927,-2.4154,2.0661,-0.38094,11.266,6.953,196.9,0,38.776,5,7,2018
336,336,0.33501,-1.682,2.017,4.4466,9.1765,14.466,261.84,0,38.436,1,7,2018
337,337,0.024332,-1.9343,1.9587,3.3364,10.57,11.681,238.6,0,38.095,1,7,2018
338,338,0.070277,-1.8702,1.9405,1.6988,10.822,6.5128,66.426,0,37.755,1,7,2018
339,339,0.012114,-1.8962,1.9083,-0.48589,11.712,3.4913,135.08,0,37.414,1,7,2018
340,340,0.72275,-1.1604,1.8831,1.5905,12.077,5.5402,261.29,0,37.073,1,7,2018
341,341,0.4497,-1.4017,1.8514,2.6072,10.482,14.788,264.26,0,36.733,1,7,2018
342,342,0.36593,-1.4382,1.8041,4.8943,10.212,17.294,258.77,0,36.853,1,7,2018
343,343,-0.12144,-2.056,1.9346,-0.76573,9.0978,16.461,167.46,0,36.984,1,7,2018
344,344,0.13743,-1.8176,1.955,2.6462,9.6458,8.3087,175.49,0,37.095,1,7,2018
345,345,-0.011348,-1.9675,1.9562,4.3546,8.9924,7.0802,200.45,0,37.182,1,7,2018
346,346,-0.52184,-2.4985,1.9767,2.0143,11.726,-0.94889,243,0,37.235,1,7,2018
347,347,-0.74944,-2.7369,1.9874,-1.0482,10.789,-0.28491,259.49,0,37.297,1,7,2018
348,348,-0.53657,-2.5148,1.9783,1.8693,12.555,-6.9963,105.81,0,37.342,1,7,2018
349,349,-0.3277,-2.3166,1.9889,-4.4352,13.317,-9.7941,161.54,0,37.393,1,7,2018
350,350,-0.41352,-2.4066,1.9931,1.4002,13.931,-9.7824,53.757,0,37.448,1,7,2018
351,351,0.075106,-1.9222,1.9973,0.37286,12.316,-1.5163,225.99,0,37.494,1,7,2018
352,352,-0.84966,-2.829,1.9794,1.717,11.883,3.3933,262.81,0,37.558,1,7,2018
353,353,-1.0159,-2.9883,1.9723,4.8801,12.356,1.5491,121.49,0,37.601,1,7,2018
354,354,0.38898,-1.5863,1.9753,6.5977,10.237,4.5867,171.76,0,37.65,1,7,2018
355,355,-0.069993,-2.0139,1.9439,-2.7041,12.109,2.1984,141.45,0,37.687,1,7,2018
356,356,0.24635,-1.7211,1.9674,3.1617,10.524,10.783,216.28,0,37.723,1,7,2018
357,357,-0.028011,-1.9667,1.9387,3.2413,10.812,11.62,201.47,0,37.744,1,7,2018
358,358,0.60978,-1.3299,1.9396,12.032,11.824,3.8993,82.611,0,37.669,1,7,2018
359,359,0.12349,-1.8325,1.9559,4.3057,11.12,1.3092,262.65,0,37.456,1,7,2018
360,360,0.21065,-1.7265,1.9371,2.1051,9.7064,5.9614,244.28,0,37.502,1,7,2018
361,361,-0.10911,-2.0136,1.9045,2.4163,11.081,2.9531,265.86,0,37.458,1,7,2018
362,362,0.077764,-1.8534,1.9312,2.032,10.796,7.0963,264.41,0,37.317,1,7,2018
363,363,-0.46118,-2.3775,1.9163,1.127,8.3986,13.312,256.51,0,37.348,1,7,2018
364,364,-0.85509,-2.7116,1.8565,0.76206,9.6948,1.7041,255.28,0,37.372,1,7,2018
365,365,-0.1199,-2.0049,1.885,2.3854,9.7562,2.9163,294.53,0,37.207,1,7,2018
366,1,-0.36684,-2.2466,1.8797,1.8179,6.1156,0.75038,283.75,0,37.075,1,8,2019
367,2,-0.29029,-2.0552,1.7649,4.2289,5.5357,3.4098,253.85,0,37.113,1,8,2019
368,3,-0.6863,-2.4307,1.7444,1.3894,6.6619,12.69,238.78,0,37.142,1,8,2019
369,4,0.014605,-1.7556,1.7702,2.3203,7.4765,4.6174,257.14,0,37.165,1,8,2019
370,5,-0.50861,-2.2986,1.79,3.0288,10.808,-6.8691,106.29,0,37.156,1,8,2019
371,6,0.36316,-1.526,1.8892,1.2851,10.203,-4.69,36.283,0,37.166,1,8,2019
372,7,0.67424,-1.1933,1.8676,-0.86127,12.216,-2.9393,191.23,0,37.191,1,8,2019
373,8,-0.17731,-2.1056,1.9283,-3.303,13.034,-9.0672,55.974,0,37.223,1,8,2019
374,9,0.36072,-1.597,1.9577,0.64689,13.625,-9.1286,184.81,0,37.246,1,8,2019
375,10,-0.30996,-2.282,1.972,0.22584,10.296,-3.5317,273.37,0,37.283,1,8,2019
376,11,-0.68584,-2.5351,1.8493,0.045639,11.386,-11.049,101.24,0,37.305,1,8,2019
377,12,-0.26872,-2.1646,1.8959,-0.67393,12.768,-13.651,236.08,0,37.341,1,8,2019
378,13,-0.53674,-2.4742,1.9374,-1.2624,11.669,-8.7001,202.78,0,37.385,1,8,2019
379,14,-0.28467,-2.1772,1.8925,-1.3791,11.882,-10.503,126.48,0,37.4,1,8,2019
380,15,0.0021027,-1.8966,1.8987,-0.88716,11.773,-9.2105,47.86,0,37.412,1,8,2019
381,16,0.40385,-1.4896,1.8935,-1.5028,13.961,-7.0592,64.563,0,37.421,1,8,2019
382,17,0.65137,-1.3331,1.9845,-2.3126,13.582,1.2975,116.34,0,37.429,1,8,2019
383,18,0.50685,-1.4575,1.9644,-0.27738,13.362,8.2356,204.15,0,37.444,1,8,2019
384,19,0.14953,-1.8212,1.9708,3.944,14.282,6.6079,235.61,0,37.475,1,8,2019
385,20,-0.099603,-2.194,2.0944,-1.1957,13.003,5.138,140.37,0,37.421,1,8,2019
386,21,0.29687,-1.8374,2.1343,-3.2389,10.885,14.912,300.17,0,37.185,1,8,2019
387,22,0.0961,-2.2217,2.3178,-0.46125,9.6515,21.751,291.67,0,37.092,1,8,2019
388,23,-0.56408,-3.1232,2.5592,0.93059,9.525,19.254,300.25,0,37.088,1,8,2019
389,24,-0.37523,-2.9222,2.5469,-1.4617,11.016,9.6396,308.19,0,37.139,1,8,2019
390,25,-0.059748,-2.6705,2.6107,8.4071,11.35,5.9307,303.23,0,37.174,1,8,2019
391,26,-0.72085,-3.3027,2.5818,-0.07157,12.062,3.4415,234.56,0,37.203,1,8,2019
392,27,-0.79982,-3.3488,2.549,7.7565,12.808,-3.1207,274.77,0,37.227,1,8,2019
393,28,-0.41889,-2.9352,2.5163,1.3659,13.641,-9.0979,211.07,0,37.269,1,8,2019
394,29,-1.0861,-3.5697,2.4836,-0.93101,12.596,-9.4109,195.02,0,37.305,1,8,2019
395,30,-1.0492,-3.4954,2.4462,0.050435,12.812,-11.321,271.63,0,37.325,1,8,2019
396,31,-0.84612,-3.2581,2.412,-1.5433,13.425,-10.405,256.26,0,37.355,1,8,2019
397,32,-0.48468,-2.8635,2.3788,-0.44038,13.401,-10.34,97.482,0,37.373,1,8,2019
398,33,0.15207,-2.1919,2.3439,3.1856,12.381,-10.321,197.95,0,37.342,1,8,2019
399,34,0.28514,-2.0211,2.3062,-0.047354,11.926,-0.5701,153.04,0,37.258,1,8,2019
400,35,0.42712,-1.8432,2.2703,5.9779,8.9289,5.6967,182.45,0,37.077,1,8,2019
401,36,0.16893,-2.0573,2.2262,0.44935,6.5254,16.133,349.6,0,36.88,1,8,2019
402,37,-0.2239,-2.4077,2.1838,0.59964,7.1465,21.051,345.46,0,36.912,1,8,2019
403,38,-0.44699,-2.5976,2.1506,7.1966,7.615,19.304,303.89,0,36.947,1,8,2019
404,39,-0.21667,-2.3341,2.1175,2.3042,8.5285,7.4429,112.4,0,36.976,1,8,2019
405,40,-0.38826,-2.474,2.0857,3.8751,8.7445,1.9205,250.46,0,36.999,1,8,2019
406,41,-0.39477,-2.4463,2.0515,1.2956,7.6642,4.0353,359.88,0,36.976,1,8,2019
407,42,-1.1944,-3.2075,2.0131,-0.31449,7.8484,8.1683,291.3,0,36.982,1,8,2019
408,43,-0.70827,-2.687,1.9787,0.28943,8.4315,1.4789,102.5,0,37.001,1,8,2019
409,44,-0.11791,-2.0638,1.9459,7.5356,12.948,-14.427,120.05,0,37.011,1,8,2019
410,45,-0.13141,-2.0564,1.925,-0.62027,12.804,-8.4018,168.33,0,37.022,1,8,2019
411,46,-0.20113,-2.0904,1.8893,-0.058153,9.139,7.8188,227.15,0,37.003,1,8,2019
412,47,-0.11305,-1.9567,1.8436,-0.11081,8.9291,12.075,314.48,0,36.945,1,8,2019
413,48,-0.17506,-1.9833,1.8082,-6.2059,8.2538,13.123,382.29,0,36.839,1,8,2019
414,49,-0.054051,-1.8248,1.7708,-1.4322,7.3181,21.037,402.84,0,36.814,1,8,2019
415,50,0.33539,-1.3969,1.7323,1.6587,7.5507,19.609,395.65,0,36.804,1,8,2019
416,51,0.11093,-1.5878,1.6987,1.5927,9.9492,6.0258,377.4,0,36.798,1,8,2019
417,52,-0.10284,-1.7748,1.672,-5.3119,9.1496,2.896,374.79,0,36.748,1,8,2019
418,53,-0.30077,-1.9351,1.6344,1.4742,8.594,12.885,412.26,0,36.745,1,8,2019
419,54,-0.71058,-2.308,1.5975,-0.15348,8.52,12.854,313.46,0,36.753,1,8,2019
420,55,-1.3474,-2.9098,1.5625,-0.53222,10.436,1.3999,317.34,0,36.784,1,8,2019
421,56,-1.2511,-2.7852,1.5342,1.6169,11.694,-7.3342,115.55,0,36.809,1,8,2019
422,57,-0.56166,-2.0652,1.5035,1.0419,12.888,-11.906,90.912,0,36.812,1,8,2019
423,58,0.058228,-1.4139,1.4721,-2.3639,12.698,-8.8946,184.6,0,36.784,1,8,2019
424,59,-0.40443,-1.841,1.4366,-0.21886,11.37,-5.5631,369.04,0,36.786,1,8,2019
425,60,-1.1121,-2.5099,1.3978,-0.10131,10.687,-5.487,187.42,0,36.786,1,8,2019
426,61,-1.15,-2.5108,1.3608,0.001138,13.086,-12.952,250.68,0,36.731,1,8,2019
427,62,-0.6106,-1.9442,1.3336,2.7914,12.778,-7.4321,216.94,0,36.676,1,8,2019
428,63,-0.32556,-1.6232,1.2977,-2.0685,11.423,-2.5503,204.27,0,36.621,1,8,2019
429,64,-0.47172,-1.7342,1.2625,-0.34757,12.586,-9.4782,125.8,0,36.566,1,8,2019
430,65,0.16855,-1.0926,1.2611,4.1039,13.216,-9.31,232.3,0,36.511,1,8,2019
431,66,-0.098262,-1.3587,1.2604,0.23879,10.744,0.64378,200.89,0,36.456,1,8,2019
432,67,-0.36325,-1.6138,1.2505,-0.27398,9.9525,3.911,433.07,0,36.401,1,8,2019
433,68,-0.37959,-1.6251,1.2455,-3.4014,9.3662,0.67741,251.19,0,36.346,1,8,2019
434,69,-0.46392,-1.7052,1.2412,5.7566,10.308,-2.1745,325.5,0,36.291,1,8,2019
435,70,-0.59796,-1.8396,1.2416,1.5859,10.547,-1.6202,502.4,0,36.236,1,8,2019
436,71,-0.74666,-1.9862,1.2396,2.3003,11.25,-6.7067,497.61,0,36.181,1,8,2019
437,72,-0.78575,-2.0253,1.2395,-3.4219,11.283,-0.57156,528.31,0,36.126,1,8,2019
438,73,-0.74322,-1.9801,1.2368,0.83824,11.644,1.0562,526.39,0,36.071,1,8,2019
439,74,-0.17321,-1.4082,1.235,-0.34842,12.049,-1.9595,510.22,0,36.016,1,8,2019
440,75,-0.018367,-1.2521,1.2338,6.2233,13.217,-5.1273,527.67,0,35.961,1,8,2019
441,76,-0.59247,-1.8267,1.2342,4.6417,14.706,-5.664,442.29,0,35.907,1,8,2019
442,77,-0.58685,-1.822,1.2351,2.9865,14.933,-7.9221,518.22,0,35.852,1,8,2019
443,78,-0.4776,-1.7107,1.2331,2.1588,14.364,-6.132,331.69,0,35.797,1,8,2019
444,79,-0.22115,-1.4505,1.2294,1.8875,12.98,3.6097,463.17,0,35.742,1,8,2019
445,80,-0.57173,-1.7953,1.2236,-0.025136,11.844,8.3336,530.42,0,35.687,1,8,2019
446,81,-0.87314,-2.0916,1.2185,1.8106,12.232,8.7972,177.42,0,35.632,1,8,2019
447,82,-0.13612,-1.353,1.2169,2.802,12.911,6.8448,526.7,0,35.577,1,8,2019
448,83,-0.91252,-2.1283,1.2157,-0.057139,12.273,4.0075,429.99,0,35.522,1,8,2019
449,84,-1.1592,-2.3709,1.2117,7.7733,13.312,-0.11526,157.59,0,35.467,1,8,2019
450,85,-0.20705,-1.4184,1.2114,0.091666,14.136,-8.3111,452.45,0,35.412,1,8,2019
451,86,-1.4309,-2.6413,1.2104,2.0315,14.686,-8.7908,237.61,0,35.357,1,8,2019
452,87,-0.68631,-1.895,1.2087,1.4483,13.201,-0.89039,433.22,0,35.302,1,8,2019
453,88,-1.1295,-2.3329,1.2034,0.26588,12.565,0.22111,582.66,0,35.247,1,8,2019
454,89,-1.7099,-2.9097,1.1998,-1.0727,13.099,-2.796,580.84,0,35.192,2,8,2019
455,90,-0.77824,-1.9825,1.2043,1.1022,14.649,-7.4278,545.18,0,35.137,2,8,2019
456,91,-0.52522,-1.7487,1.2235,3.8057,14.403,-9.2486,207.29,0,35.082,2,8,2019
457,92,-0.19791,-1.423,1.2251,2.5257,14.055,-10.326,419.37,0,35.027,2,8,2019
458,93,-0.90511,-2.1369,1.2318,1.7196,14.163,-6.1203,269.96,0,34.972,2,8,2019
459,94,-1.0746,-2.329,1.2544,1.9227,14.552,-6.3367,335.6,0,34.917,2,8,2019
460,95,-1.2728,-2.5545,1.2817,0.65587,14.051,-2.6863,248.77,0,34.862,2,8,2019
461,96,-0.50909,-1.7981,1.289,0.96597,15.66,-4.3346,501.04,0,34.807,2,8,2019
462,97,-1.4494,-2.7867,1.3373,-0.53288,16.188,-3.6838,582.21,0,34.752,2,8,2019
463,98,-1.378,-2.727,1.349,-1.4945,16.621,-7.7963,430.42,0,34.697,2,8,2019
464,99,-1.026,-2.3823,1.3563,-0.61304,14.573,-0.40045,611.57,0,34.642,2,8,2019
465,100,-1.1417,-2.4555,1.3137,-0.64241,14.013,-0.0904,619.94,0,34.587,2,8,2019
466,101,-1.6452,-2.9437,1.2985,-1.0332,13.129,-4.358,431.66,0,34.532,2,8,2019
467,102,-0.6582,-1.9313,1.2731,3.1475,13.82,-12.849,635.75,0,34.478,2,8,2019
468,103,-1.1127,-2.3993,1.2865,-0.14037,14.739,-12.348,627.14,0,34.423,2,8,2019
469,104,-1.3453,-2.6506,1.3053,1.6442,12.775,-3.6399,571.78,0,34.368,2,8,2019
470,105,-1.8622,-3.1126,1.2504,-0.85366,12.476,-0.76315,334.19,0,34.313,2,8,2019
471,106,-0.62973,-1.8666,1.2369,-0.00061294,13.64,2.3666,627.07,0,34.258,2,8,2019
472,107,-1.3442,-2.6105,1.2662,-0.15158,14.696,3.5776,657.05,0,34.203,2,8,2019
473,108,-1.3394,-2.6353,1.2959,0.16094,17.274,-3.7072,644.85,0,34.148,2,8,2019
474,109,-1.1842,-2.5781,1.3939,2.8557,15.581,-5.2618,611.35,0,34.298,2,8,2019
475,110,-1.7741,-3.2468,1.4727,3.2607,13.145,4.0924,548.76,0,33.519,2,8,2019
476,111,-0.65849,-2.138,1.4795,-1.3127,13.389,5.1454,669.96,0,32.426,2,8,2019
477,112,-1.2544,-2.755,1.5006,-0.6944,15.938,-2.717,669.72,0,32.53,2,8,2019
478,113,-1.38,-2.9781,1.5982,1.1553,20.613,-16.486,668.43,0,32.708,2,8,2019
479,114,-1.3808,-3.1693,1.7885,3.6621,19.67,-19.533,675.06,0,32.887,2,8,2019
480,115,-1.6894,-3.3865,1.6972,0.45509,15.207,-11.809,683.31,0,32.996,2,8,2019
481,116,-1.8572,-3.356,1.4988,0.19604,16.026,-14.258,666.18,0,33.038,2,8,2019
482,117,-1.7718,-3.2931,1.5213,1.0078,14.993,-12.623,544.15,0,33.1,2,8,2019
483,118,-1.7471,-3.2671,1.52,2.3312,14.356,-11.845,642.46,0,33.134,2,8,2019
484,119,-1.9098,-3.4325,1.5226,2.0819,15.119,-11.921,675.14,0,33.146,2,8,2019
485,120,-2.2114,-3.846,1.6346,-1.6093,14.565,-4.0231,675.95,0,33.147,2,8,2019
486,121,-2.0321,-3.5823,1.5502,4.3715,15.324,-2.1671,687.64,0,33.142,2,8,2019
487,122,-2.4211,-4.0994,1.6783,2.2173,15.821,-2.7712,692.45,0,33.18,2,8,2019
488,123,-2.2837,-4.0219,1.7382,2.3512,14.882,-1.7884,691.25,0,33.225,2,8,2019
489,124,-2.5255,-4.1465,1.6211,0.46042,13.349,0.51361,662.69,0,33.273,2,8,2019
490,125,-2.8988,-4.346,1.4472,3.763,13.732,1.7363,605.52,0,33.283,2,8,2019
491,126,-2.4522,-3.9501,1.4979,2.7399,14.332,3.6902,442.88,0,33.301,2,8,2019
492,127,-1.8868,-3.4533,1.5666,4.4435,14.73,5.6484,601.06,0,33.316,2,8,2019
493,128,-2.4439,-4.0583,1.6144,-0.85568,14.618,1.5973,551.93,0,33.35,2,8,2019
494,129,-3.0661,-4.6768,1.6107,-1.3334,14.946,-3.8519,490.12,0,33.373,2,8,2019
495,130,-3.3899,-5.0397,1.6499,2.5101,15.505,-4.3784,664.82,0,33.39,2,8,2019
496,131,-3.4275,-5.1372,1.7097,-0.066997,15.221,-1.0147,655.54,0,33.379,2,8,2019
497,132,-4.115,-5.7987,1.6837,-1.1227,14.494,1.6237,590.12,0,33.348,2,8,2019
498,133,-3.8249,-5.4491,1.6242,1.5514,14.761,3.7706,649.36,0,33.336,2,8,2019
499,134,-4.3765,-6.0302,1.6537,4.756,15.42,3.2558,456.2,0,33.32,2,8,2019
500,135,-3.1677,-4.883,1.7153,0.7347,15.954,-0.56864,189.17,0,33.334,2,8,2019
501,136,-0.84518,-2.6019,1.7567,-0.22028,13.933,10.007,409.39,0,33.237,2,8,2019
502,137,-1.6261,-3.235,1.6089,1.2266,14.474,13.654,690.59,0,33.188,2,8,2019
503,138,-2.4489,-4.1049,1.6559,4.4902,13.454,11.374,205.61,0,33.292,2,8,2019
504,139,-1.1204,-2.7139,1.5935,-1.2353,13.853,10.328,378.96,0,33.296,2,8,2019
505,140,-1.6622,-3.2921,1.6299,2.9759,14.036,10.103,673.61,0,33.355,2,8,2019
506,141,-2.421,-4.0726,1.6516,0.097667,14.149,8.6188,510.97,0,33.33,2,8,2019
507,142,-2.0432,-3.706,1.6628,-5.8701,15.23,1.163,698.03,0,33.142,2,8,2019
508,143,-2.4449,-4.1776,1.7327,-3.0339,16.266,-5.1229,688.66,0,33.195,2,8,2019
509,144,-2.6605,-4.4499,1.7894,-0.0087521,15.872,-3.03,709.07,0,33.222,2,8,2019
510,145,-2.4741,-4.2433,1.7692,0.81126,15.182,-7.7641,701.53,0,33.195,2,8,2019
511,146,-2.447,-4.1882,1.7412,4.3653,13.284,-1.5514,489.92,0,33.041,2,8,2019
512,147,-1.1336,-2.8004,1.6668,-6.9255,13.616,3.1827,516.67,0,33.005,2,8,2019
513,148,-0.98054,-2.6716,1.691,-1.0554,14.574,-1.7957,689.86,0,33.009,2,8,2019
514,149,-0.60598,-2.3393,1.7333,1.1371,15.3,-6.6102,709.23,0,33.012,2,8,2019
515,150,-2.2869,-4.0479,1.7609,-2.4805,13.893,-3.2231,697.67,0,33.019,2,8,2019
516,151,-2.3225,-4.0488,1.7263,4.3234,15.832,-8.3214,720.46,0,32.993,2,8,2019
517,152,-2.4507,-4.1619,1.7112,1.0506,16.077,-9.5732,711.24,0,32.991,2,8,2019
518,153,-2.3397,-3.9879,1.6481,-2.6301,16.541,-6.8413,675.16,0,33.015,2,8,2019
519,154,-2.4756,-4.0919,1.6163,1.6043,16.773,-4.9503,670.65,0,33.067,2,8,2019
520,155,-2.6333,-4.2893,1.656,0.12699,19.865,-9.5747,760.29,0,33.089,2,8,2019
521,156,-2.4239,-4.1641,1.7401,2.3226,18.912,-7.2757,758.84,0,33.165,2,8,2019
522,157,-3.0428,-4.6957,1.6528,-1.0819,15.481,3.9037,741.8,0,33.172,2,8,2019
523,158,-2.8622,-4.4744,1.6122,2.8044,16.43,3.9329,754.86,0,33.061,2,8,2019
524,159,-2.8391,-4.4551,1.616,0.83491,20.712,-5.3803,766.09,0,33.008,2,8,2019
525,160,-1.7705,-3.4455,1.675,1.3072,24.375,-12.089,758.19,0,32.985,2,8,2019
526,161,-1.6528,-3.3153,1.6625,-0.70563,27.174,-18.135,734.39,0,33.011,2,8,2019
527,162,-1.5083,-3.1637,1.6554,-0.47432,27.53,-18.366,712.43,0,33.059,2,8,2019
528,163,-1.3528,-2.9993,1.6466,0.8995,24.011,-13.111,761.14,0,33.095,2,8,2019
529,164,-2.3389,-3.9482,1.6093,-4.4684,18.202,-0.85382,704.41,0,33.089,2,8,2019
530,165,-3.273,-4.6789,1.4058,26.052,16.267,5.5563,692.87,0,33.075,2,8,2019
531,166,-3.4463,-4.5468,1.1005,17.535,15.411,9.9233,571.49,0,33.061,2,8,2019
532,167,-3.0683,-4.1343,1.0661,10.053,15.454,8.8411,600.56,0,33.03,2,8,2019
533,168,-3.3847,-4.4343,1.0496,32.921,18.002,3.1724,735.16,0,32.986,2,8,2019
534,169,-3.0662,-4.3206,1.2545,3.704,17.914,5.3545,734.27,0,33.029,2,8,2019
535,170,-4.6723,-5.9239,1.2516,12.284,18.211,4.0792,689.47,0,33.02,2,8,2019
536,171,-2.8401,-4.1205,1.2804,1.7751,18.364,0.78125,754.98,0,32.976,2,8,2019
537,172,-2.9029,-4.1976,1.2947,1.5257,18.176,0.86315,719.9,0,32.961,2,8,2019
538,173,-2.3621,-3.6573,1.2952,2.8197,20.169,-3.3064,764.15,0,32.878,2,8,2019
539,174,-2.5998,-4.0806,1.4808,-1.1051,21.253,-7.3576,765.79,0,32.834,2,8,2019
540,175,-2.557,-4.1373,1.5803,3.5617,18.756,-5.0044,652.9,0,32.823,2,8,2019
541,176,-3.5029,-4.8709,1.368,1.5414,18.452,-3.4293,758.82,0,32.772,3,8,2019
542,177,-2.7941,-4.1364,1.3424,8.2996,17.418,4.2225,653.04,0,32.74,3,8,2019
543,178,-3.0872,-4.3479,1.2606,10.757,17.265,8.3658,618.49,0,32.69,3,8,2019
544,179,-2.7116,-3.968,1.2564,4.7594,17.419,7.5892,696.41,0,32.643,3,8,2019
545,180,-3.5058,-4.7813,1.2755,7.9732,16.955,8.259,712.85,0,32.637,3,8,2019
546,181,-3.5831,-4.8296,1.2464,4.1379,16.912,8.0835,762.51,0,32.669,3,8,2019
547,182,-3.8238,-5.0706,1.2468,10.385,17.135,9.021,723.8,0,32.669,3,8,2019
548,183,-3.4026,-4.6749,1.2723,13.6,16.822,8.417,760.94,0,32.699,3,8,2019
549,184,-3.5936,-4.8442,1.2506,18.481,16.73,8.0879,756.58,0,32.638,3,8,2019
550,185,-3.9549,-5.2065,1.2516,23.838,17.164,7.2279,734.33,0,31.8,3,8,2019
551,186,-3.7439,-5.0389,1.295,4.6757,17.881,6.8024,727.06,0,30.828,3,8,2019
552,187,-2.8461,-4.213,1.3669,-1.4624,17.782,4.945,735.54,0,31.242,3,8,2019
553,188,-2.9293,-4.2928,1.3635,2.1541,16.993,6.0623,687.53,0,31.436,3,8,2019
554,189,-3.0314,-4.3283,1.2969,8.6214,16.35,9.587,469.29,0,31.517,3,8,2019
555,190,-2.5214,-3.7696,1.2482,10.468,17.432,7.8934,570.57,0,31.532,3,8,2019
556,191,-2.7989,-4.1554,1.3565,7.7688,19.046,5.2185,576.41,0,31.581,3,8,2019
557,192,-2.6102,-4.113,1.5028,4.7635,18.071,3.5059,754.78,0,31.667,3,8,2019
558,193,-3.3253,-4.7438,1.4185,10.881,17.291,0.63354,695.57,0,31.685,3,8,2019
559,194,-3.2915,-4.6498,1.3584,12.758,17.536,-0.73829,732.95,0,31.716,3,8,2019
560,195,-3.2201,-4.6112,1.3911,6.1636,17.834,2.1399,754.88,0,31.76,3,8,2019
561,196,-3.5589,-4.9837,1.4248,7.9955,19.588,-1.2385,753.26,0,31.784,3,8,2019
562,197,-3.142,-4.735,1.5931,6.3858,18.5,-1.49,728.51,0,31.748,3,8,2019
563,198,-3.2987,-4.7993,1.5006,7.0829,19.992,-3.8812,740.66,0,31.482,3,8,2019
564,199,-2.983,-4.6446,1.6616,6.453,18.966,-1.3365,738.06,0,31.541,3,8,2019
565,200,-3.3522,-4.9106,1.5585,7.6342,19.669,-2.8545,744.14,0,31.517,3,8,2019
566,201,-3.1639,-4.8002,1.6363,7.9046,18.664,-0.29807,632.81,0,31.546,3,8,2019
567,202,-2.4935,-4.0345,1.541,-0.11792,19.28,-2.8194,641.99,0,31.518,3,8,2019
568,203,-2.7318,-4.3463,1.6145,2.3856,19.557,-3.4,735.13,0,31.483,3,8,2019
569,204,-2.9343,-4.5904,1.6561,2.3153,18.561,0.18016,731.57,0,31.509,3,8,2019
570,205,-3.3591,-4.9177,1.5586,3.4415,21.687,-5.7342,729.84,0,31.536,3,8,2019
571,206,-2.4105,-4.3618,1.9513,1.716,20,-3.6077,677.15,0,31.747,4,8,2019
572,207,-3.8356,-5.5665,1.7309,4.4159,18.245,2.8741,685.31,0,31.856,4,8,2019
573,208,-4.2723,-5.794,1.5218,5.1982,21.056,-0.99569,684.72,0,31.947,4,8,2019
574,209,-2.0471,-3.913,1.8658,2.6173,21.037,-2.9452,715.18,0,32.062,4,8,2019
575,210,-3.4343,-5.2199,1.7856,3.1861,17.991,5.8561,652.13,0,32.096,4,8,2019
576,211,-3.5526,-4.9622,1.4097,12.346,17.518,7.9256,675.64,0,32.046,4,8,2019
577,212,-3.338,-4.7079,1.3699,9.8057,18.699,6.7175,715.8,0,32.068,4,8,2019
578,213,-3.0326,-4.5625,1.5298,9.0894,18.19,11.485,502.09,0,32.115,4,8,2019
579,214,-2.9517,-4.4816,1.5299,10.784,18.444,12.081,643.21,0,32.076,4,8,2019
580,215,-2.4699,-4.0104,1.5405,14.314,19.225,7.2031,680.87,0,32.073,4,8,2019
581,216,-2.3879,-3.9737,1.5858,8.2172,19.071,6.564,653.43,0,32.01,4,8,2019
582,217,-2.6386,-4.2038,1.5653,20.59,19.563,3.8145,608.72,0,31.326,4,8,2019
583,218,-2.5127,-4.0985,1.5858,7.6219,19.142,3.13,687.7,0,31.619,4,8,2019
584,219,-2.8668,-4.4177,1.5508,13.906,18.198,5.8634,677.98,0,31.912,4,8,2019
585,220,-2.8645,-4.3542,1.4897,10.148,18.343,7.2645,617.14,0,31.894,4,8,2019
586,221,-2.0921,-3.582,1.4899,-2.4728,19.613,4.0529,626.13,0,31.906,4,8,2019
587,222,-2.0686,-3.6135,1.5448,4.9242,20.196,1.6719,644.62,0,32.03,4,8,2019
588,223,-2.5651,-4.1221,1.557,9.8495,20.371,1.6675,674.23,0,32.236,4,8,2019
589,224,-2.1286,-3.6807,1.5521,4.9987,21.225,-0.034825,679.46,0,32.505,4,8,2019
590,225,-1.9553,-3.5258,1.5705,1.2512,21.925,-1.5704,675.64,0,32.832,4,8,2019
591,226,-1.6912,-3.2689,1.5777,1.0122,24.712,-5.0775,672.34,0,33.205,4,8,2019
592,227,-1.2423,-2.8869,1.6446,5.048,25.873,-8.6665,669.87,0,33.591,4,8,2019
593,228,-1.4925,-3.1374,1.6449,8.8302,22.316,-3.9017,664.36,0,33.947,4,8,2019
594,229,-2.9719,-4.5026,1.5307,-0.5174,19.526,1.6339,667.17,0,34.208,4,8,2019
595,230,-1.8967,-3.3854,1.4887,2.9461,19.636,3.6434,666.59,0,34.438,4,8,2019
596,231,-1.5086,-3.0344,1.5258,3.9941,18.625,7.7428,473.71,0,34.728,4,8,2019
597,232,-1.633,-3.1304,1.4974,10.337,19.111,7.832,467.05,0,34.951,4,8,2019
598,233,-1.5062,-3.0259,1.5197,7.6647,20.797,1.9951,641.4,0,35.18,4,8,2019
599,234,-1.6051,-3.1733,1.5682,5.0044,21.429,-6.1539,624.86,0,35.371,4,8,2019
600,235,-1.8368,-3.4046,1.5678,0.16391,20.402,-2.6702,637.53,0,35.648,4,8,2019
601,236,-2.1841,-3.7055,1.5214,4.4971,20.036,1.8957,627.1,0,36.121,4,8,2019
602,237,-2.6042,-4.1017,1.4974,11.827,20.493,4.0543,591.59,0,36.38,4,8,2019
603,238,-2.141,-3.63,1.4891,13.344,20.977,2.9911,631.48,0,36.594,4,8,2019
604,239,-2.9251,-4.4036,1.4785,-2.0634,20.261,4.7154,619.53,0,37.122,4,8,2019
605,240,-2.2921,-3.7635,1.4714,7.0071,19.544,9.8224,580.11,0,37.299,4,8,2019
606,241,-2.166,-3.6348,1.4688,6.303,21.407,10.393,509.79,0,37.473,4,8,2019
607,242,-0.83262,-2.3263,1.4937,2.7116,20.223,12.364,612.64,0,37.617,4,8,2019
608,243,-1.5922,-3.0776,1.4853,1.815,21.901,8.9581,615.05,0,37.699,4,8,2019
609,244,-0.80789,-2.317,1.5092,2.3146,21.797,9.35,613.06,0,37.804,4,8,2019
610,245,-1.0845,-2.5978,1.5133,2.2318,19.975,12.263,605.9,0,37.87,4,8,2019
611,246,-1.5958,-3.092,1.4962,4.0299,19.371,12.045,566.21,0,37.929,4,8,2019
612,247,-1.6111,-3.1043,1.4932,2.0148,19.307,9.1307,577.37,0,37.989,4,8,2019
613,248,-2.0411,-3.5378,1.4967,3.7063,18.692,12.728,487.43,0,38.065,4,8,2019
614,249,-1.722,-3.2153,1.4932,7.9107,18.816,12.528,555.35,0,38.171,4,8,2019
615,250,-2.0605,-3.56,1.4995,5.9642,18.641,12.954,321.3,0,38.203,4,8,2019
616,251,-1.3125,-2.8138,1.5012,9.803,18.341,10.685,550.59,0,38.226,4,8,2019
617,252,-1.7246,-3.226,1.5014,4.2592,18.474,9.2535,549.56,0,38.332,4,8,2019
618,253,-1.9057,-3.4126,1.507,1.0096,18.097,8.5559,563.11,0,38.399,4,8,2019
619,254,-1.6503,-3.1559,1.5056,2.0565,19.947,7.8598,565.97,0,38.489,4,8,2019
620,255,-1.2583,-2.764,1.5058,2.3868,22.426,3.9403,556.99,0,38.598,4,8,2019
621,256,-0.40367,-1.9192,1.5156,2.0261,24.698,1.0781,554.38,0,38.695,4,8,2019
622,257,-0.81191,-2.3386,1.5267,0.43883,20.837,5.6075,558.99,0,38.775,4,8,2019
623,258,-1.3604,-2.8768,1.5165,5.2889,18.921,7.8875,514.34,0,38.838,4,8,2019
624,259,-1.0213,-2.5364,1.5151,3.7066,19.236,9.1204,485,0,38.928,4,8,2019
625,260,-0.79456,-2.3143,1.5198,1.8232,18.505,11.962,550.86,0,39.004,4,8,2019
626,261,-1.0348,-2.5502,1.5154,1.7635,19.275,7.3713,433.34,0,39.117,4,8,2019
627,262,-1.0898,-2.6221,1.5323,-1.4937,18.452,7.9504,537.41,0,39.216,4,8,2019
628,263,-1.5803,-3.0971,1.5169,0.039372,19.884,5.334,534.08,0,39.306,4,8,2019
629,264,-1.131,-2.6977,1.5667,2.6097,21.035,3.3538,533.2,0,39.409,4,8,2019
630,265,-0.90865,-2.5247,1.6161,7.2215,19.061,5.824,471.57,0,39.559,4,8,2019
631,266,-1.9472,-3.4935,1.5463,3.0981,20.246,3.9359,479.45,0,39.696,5,8,2019
632,267,-1.3692,-2.9762,1.6071,5.0367,23.596,1.1747,520.1,0,39.763,5,8,2019
633,268,-0.66442,-2.4281,1.7637,4.649,25.684,-4.2848,489.74,0,39.834,5,8,2019
634,269,-0.97232,-2.7861,1.8138,-1.528,22.219,3.2777,503.42,0,39.899,5,8,2019
635,270,-0.37349,-2.0635,1.6901,-0.24908,17.802,12.581,427.24,0,39.947,5,8,2019
636,271,-0.65895,-2.1779,1.5189,5.3522,15.664,20.338,487.88,0,39.986,5,8,2019
637,272,-0.32043,-1.7716,1.4512,-1.5551,14.493,28.276,490.84,0,40.046,5,8,2019
638,273,-0.50407,-1.9023,1.3982,2.0198,14.606,29.69,469.49,0,40.166,5,8,2019
639,274,-0.87194,-2.249,1.3771,2.89,14.316,28.977,485.27,0,40.25,5,8,2019
640,275,-0.54055,-1.9393,1.3988,3.8583,15.447,25.881,482.02,0,40.361,5,8,2019
641,276,-0.52102,-1.9804,1.4594,5.6194,14.731,23.754,473.26,0,40.21,5,8,2019
642,277,-1.3767,-2.8242,1.4475,1.7447,15.526,23.264,470.3,0,40.059,5,8,2019
643,278,-1.2651,-2.7628,1.4977,-1.0801,17.112,18.026,467.74,0,39.908,5,8,2019
644,279,-1.2484,-2.8377,1.5892,3.6224,19.335,10.562,416.63,0,39.756,5,8,2019
645,280,-1.4272,-3.136,1.7088,-2.8448,20.266,6.8887,438.79,0,39.605,5,8,2019
646,281,-0.66986,-2.4422,1.7724,-1.7007,18.685,7.6579,420.33,0,39.454,5,8,2019
647,282,-0.70327,-2.4228,1.7196,8.8289,16.709,11,439.03,0,39.303,5,8,2019
648,283,-1.2637,-2.9084,1.6447,0.88896,18.43,16.015,429.12,0,39.151,5,8,2019
649,284,-0.27724,-2.0288,1.7516,-1.3115,17.324,18.505,400.75,0,39,5,8,2019
650,285,-0.49898,-2.216,1.7171,3.2184,17.257,15.696,402.59,0,38.849,5,8,2019
651,286,-0.47385,-2.2068,1.7329,-0.35856,15.622,17.597,400.84,0,38.698,5,8,2019
652,287,-0.76216,-2.425,1.6628,-2.0743,14.596,21.149,409.89,0,38.546,5,8,2019
653,288,-0.61273,-2.242,1.6293,5.0161,14.398,22.292,323.22,0,38.395,5,8,2019
654,289,-1.1125,-2.748,1.6355,-0.4486,15.057,17.904,284.64,0,38.244,5,8,2019
655,290,-0.72534,-2.4177,1.6924,2.4302,16.58,12.942,396.46,0,38.093,5,8,2019
656,291,-0.36278,-2.1525,1.7897,0.97047,14.912,17.913,373.59,0,37.941,5,8,2019
657,292,-0.76118,-2.4765,1.7153,1.9938,15.046,14.973,268.26,0,37.79,5,8,2019
658,293,-0.69811,-2.4411,1.743,2.1922,16.334,11.642,387.32,0,37.639,5,8,2019
659,294,-0.67979,-2.5138,1.834,2.1961,18.226,8.7958,383.74,0,37.488,5,8,2019
660,295,-1.1608,-3.2434,2.0826,3.4772,20.021,5.2375,383.24,0,37.336,5,8,2019
661,296,-0.97514,-3.3105,2.3353,-0.75087,20.834,1.4774,372.37,0,37.185,5,8,2019
662,297,-0.19499,-2.5827,2.3877,0.18618,22.877,3.0554,376.02,0,37.034,5,8,2019
663,298,-0.68867,-3.1509,2.4622,-0.99008,21.011,7.7566,363.11,0,36.883,5,8,2019
664,299,-0.4529,-2.7764,2.3235,2.0003,17.818,7.051,362.99,0,36.731,5,8,2019
665,300,-0.38335,-2.5069,2.1236,4.5964,16.932,13.356,345.62,0,36.58,5,8,2019
666,301,0.65282,-1.4367,2.0895,0.5961,15.058,27.767,354.47,0,36.429,5,8,2019
667,302,0.049318,-1.8671,1.9165,-0.93795,14.582,27.169,332.9,0,36.278,5,8,2019
668,303,-0.045929,-1.9462,1.9003,2.3421,14.553,32.708,337.46,0,36.126,5,8,2019
669,304,-0.29945,-2.1921,1.8926,0.16108,13.882,32.867,327.4,0,35.975,5,8,2019
670,305,-0.57324,-2.4224,1.8492,2.1548,13.826,29.146,334.04,0,35.824,5,8,2019
671,306,-0.071073,-1.9239,1.8529,10.787,14.575,23.583,327.1,0,35.673,5,8,2019
672,307,-0.79628,-2.7146,1.9184,-1.2681,15.25,16.303,325.21,0,35.521,5,8,2019
673,308,-0.27232,-2.2496,1.9772,15.288,14.617,13.664,316.97,0,35.37,5,8,2019
674,309,-0.72532,-2.6525,1.9272,-3.8539,13.91,14.478,298.21,0,35.219,5,8,2019
675,310,-1.4157,-3.2926,1.8769,-3.5645,12.96,13.575,254.24,0,35.068,5,8,2019
676,311,-0.62103,-2.4244,1.8033,-2.9045,12.321,16.943,177.6,0,34.916,5,8,2019
677,312,-1.2443,-3.0038,1.7595,-4.9671,11.351,17.388,230.58,0,34.765,5,8,2019
678,313,-0.40487,-2.208,1.8032,-3.1191,12.619,16.176,192.08,0,34.614,5,8,2019
679,314,-0.77575,-2.5674,1.7917,-3.383,13.699,12.674,256.9,0,34.463,5,8,2019
680,315,-0.34121,-2.2267,1.8855,-2.0805,15.725,12.18,268.51,0,34.312,5,8,2019
681,316,-0.55656,-2.617,2.0604,-1.3484,16.293,12.538,266.82,0,34.16,5,8,2019
682,317,-0.03053,-2.1346,2.1041,2.7638,13.987,14.856,216.52,0,34.009,5,8,2019
683,318,0.05287,-1.8688,1.9217,-1.3373,15.093,14.529,116.14,0,33.858,5,8,2019
684,319,0.087741,-1.931,2.0188,-2.0105,15.59,13.349,267.41,0,33.707,5,8,2019
685,320,-0.23535,-2.2976,2.0622,-3.4619,15.026,10.034,204.9,0,33.555,5,8,2019
686,321,-0.53387,-2.5562,2.0223,-2.7475,15.908,7.3406,276.2,0,33.739,5,8,2019
687,322,-0.40891,-2.5125,2.1036,-0.43078,16.049,2.6576,270.26,0,33.743,5,8,2019
688,323,-0.31491,-2.4341,2.1192,1.6799,14.55,-2.6922,271.27,0,33.695,5,8,2019
689,324,-0.52661,-2.5231,1.9965,-3.1274,14.2,-4.7967,239.11,0,33.68,5,8,2019
690,325,0.256,-1.7239,1.9799,3.7211,13.705,9.0839,257.77,0,33.689,5,8,2019
691,326,-0.43741,-2.3781,1.9407,1.161,13.178,20.383,255.65,0,33.714,5,8,2019
692,327,-0.37941,-2.2849,1.9054,-1.5882,13.404,24.175,256.27,0,33.738,5,8,2019
693,328,-0.2502,-2.1807,1.9305,-0.5645,13.102,25.035,254.39,0,33.76,5,8,2019
694,329,-0.087499,-1.9958,1.9083,-1.0951,12.442,24.649,253.56,0,33.793,5,8,2019
695,330,0.15529,-1.7056,1.8609,-1.234,9.8584,23.267,88.9,0,33.781,5,8,2019
696,331,0.41686,-1.2368,1.6537,0.8044,7.5795,19.586,125.16,0,33.763,5,8,2019
697,332,0.31786,-1.1582,1.476,1.6664,6.6972,23.421,200.58,0,33.782,5,8,2019
698,333,0.015321,-1.4045,1.4198,-1.195,7.0696,28.038,194.22,0,33.774,5,8,2019
699,334,-0.052313,-1.5066,1.4543,3.4688,9.0845,23.387,46.476,0,33.75,5,8,2019
700,335,0.51965,-1.1066,1.6262,-0.50766,13.251,12.554,54.999,0,33.697,5,8,2019
701,336,0.5942,-1.3624,1.9566,-4.9908,13.766,11.953,82.926,0,33.768,1,8,2019
702,337,0.062815,-1.9386,2.0014,-1.9817,12.892,8.5881,161.44,0,33.83,1,8,2019
703,338,-0.31635,-2.2525,1.9362,-0.064934,12.917,2.8039,91.073,0,33.86,1,8,2019
704,339,-0.083246,-2.025,1.9418,1.1219,13.29,6.5128,176.34,0,33.886,1,8,2019
705,340,-0.35417,-2.3371,1.9829,0.12082,15.87,1.9893,165.12,0,33.922,1,8,2019
706,341,-0.14489,-2.3458,2.2009,-0.10225,16.128,3.1242,121.19,0,33.955,1,8,2019
707,342,0.060114,-2.1703,2.2304,-2.5146,14.373,7.7676,212.37,0,33.988,1,8,2019
708,343,-0.34404,-2.4245,2.0804,-1.9828,12.806,13.972,125.82,0,33.999,1,8,2019
709,344,-0.0587,-2.0174,1.9587,-0.27138,13.097,16.276,231.85,0,33.997,1,8,2019
710,345,-0.1568,-2.1456,1.9888,-1.0497,15.11,13.834,69.992,0,33.995,1,8,2019
711,346,0.16633,-2.0038,2.1701,0.62679,16.737,11.269,89.228,0,34.011,1,8,2019
712,347,0.038098,-2.2686,2.3066,-1.0394,14.841,9.8575,81.958,0,34.025,1,8,2019
713,348,0.098005,-2.0514,2.1494,-1.1988,12.678,12.078,237.74,0,33.993,1,8,2019
714,349,0.07061,-1.8962,1.9668,-2.2552,10.568,20.189,249.25,0,33.945,1,8,2019
715,350,-0.20068,-1.998,1.7973,-0.16561,9.3154,26.017,242.85,0,33.92,1,8,2019
716,351,-0.26517,-1.971,1.7059,0.70285,9.9059,20.649,160.5,0,33.896,1,8,2019
717,352,-0.1258,-1.8929,1.7671,2.187,12.476,9.7361,139.27,0,33.903,1,8,2019
718,353,-0.12766,-2.1057,1.9781,-1.2102,13.845,10.52,240.38,0,33.923,1,8,2019
719,354,-0.45434,-2.552,2.0976,-1.1113,12.132,13.998,197.61,0,33.949,1,8,2019
720,355,-0.38462,-2.3397,1.9551,-0.088795,12.595,9.1248,110.87,0,33.934,1,8,2019
721,356,-0.026992,-2.0332,2.0062,0.73653,11.819,9.9248,100.13,0,33.925,1,8,2019
722,357,0.094118,-1.8389,1.933,0.40433,8.5517,19.171,192.66,0,33.904,1,8,2019
723,358,-0.017778,-1.6924,1.6746,1.3079,9.0781,20.253,169.01,0,33.883,1,8,2019
724,359,0.12766,-1.5978,1.7254,1.4773,10.712,14.434,104.32,0,33.876,1,8,2019
725,360,0.21781,-1.6436,1.8614,1.8458,9.7885,21.275,235.78,0,33.878,1,8,2019
726,361,0.046328,-1.7381,1.7845,1.567,8.0967,28.382,243.6,0,33.877,1,8,2019
727,362,-0.011915,-1.6694,1.6574,2.0919,8.5595,28.045,250.65,0,33.862,1,8,2019
728,363,-0.095728,-1.7997,1.704,1.9691,10.526,18.178,85.446,0,33.858,1,8,2019
729,364,0.11706,-1.7504,1.8674,1.804,11.12,14.634,244.79,0,33.872,1,8,2019
730,365,-0.34903,-2.2665,1.9175,0.67536,11.34,13.621,243.77,0,33.885,1,8,2019
731,1,-0.37008,-2.321,1.9509,2.0197,11.396,9.9804,84.801,0,33.871,1,9,2020
732,2,-0.0059757,-1.9635,1.9575,0.59984,11.374,8.6963,235.75,0,33.855,1,9,2020
733,3,-0.46926,-2.4222,1.953,0.88051,10.793,12.705,228.75,0,33.864,1,9,2020
734,4,-0.35579,-2.2711,1.9153,1.2481,11.523,16.45,230.48,0,33.854,1,9,2020
735,5,-0.35494,-2.3353,1.9803,0.058122,10.407,22.488,259.85,0,33.861,1,9,2020
736,6,-0.27398,-2.1623,1.8883,2.1259,10.034,22.176,258.94,0,33.859,1,9,2020
737,7,-0.28272,-2.1452,1.8625,-1.9643,9.6261,16.203,250.11,0,33.852,1,9,2020
738,8,-0.23236,-2.0716,1.8393,0.23707,11.499,10.409,210.56,0,33.851,1,9,2020
739,9,-0.19513,-2.1927,1.9976,-1.4042,11.088,12.392,156.69,0,33.88,1,9,2020
740,10,0.0031952,-1.9543,1.9575,1.1818,9.526,21.359,260.79,0,33.869,1,9,2020
741,11,-0.096251,-1.9401,1.8439,1.5457,10.949,17.028,250.15,0,33.851,1,9,2020
742,12,-0.12221,-2.0817,1.9595,1.0168,9.3959,17.541,249.74,0,33.858,1,9,2020
743,13,-0.0745,-1.9134,1.8389,2.051,10.558,12.368,210.95,0,33.856,1,9,2020
744,14,-0.19605,-2.1357,1.9396,2.7073,10.388,9.1599,256.5,0,33.865,1,9,2020
745,15,-0.3796,-2.3015,1.9219,2.6507,7.5039,8.3014,173.46,0,33.863,1,9,2020
746,16,-0.17227,-1.8619,1.6897,3.725,8.7764,2.156,77.322,0,33.839,1,9,2020
747,17,0.11014,-1.6858,1.7959,4.2031,8.5789,15.215,254.94,0,33.813,1,9,2020
748,18,-0.33625,-2.1266,1.7904,3.8614,9.0756,15.052,253.14,0,33.828,1,9,2020
749,19,-0.71927,-2.555,1.8357,2.1182,8.6911,11.283,124.24,0,33.837,1,9,2020
750,20,-0.1713,-1.9756,1.8043,4.5354,9.9923,7.0846,119.33,0,33.797,1,9,2020
751,21,-0.22022,-2.1442,1.924,11.389,12.235,5.6075,111.75,0,33.789,1,9,2020
752,22,0.062936,-2.0689,2.1319,-0.37716,12.972,5.5768,251.23,0,33.805,1,9,2020
753,23,-0.43493,-2.6268,2.1918,-0.023939,11.65,7.2835,165.3,0,33.828,1,9,2020
754,24,-0.14439,-2.2284,2.084,0.16009,12.596,4.2079,277.18,0,33.801,1,9,2020
755,25,-0.39376,-2.5716,2.1779,1.7307,14.009,-1.1141,227.58,0,33.795,1,9,2020
756,26,-0.41556,-2.7243,2.3087,1.7879,13.688,0.57796,264.9,0,33.79,1,9,2020
757,27,-0.45755,-2.7298,2.2722,0.14081,11.772,6.1442,165.34,0,34,1,9,2020
758,28,-0.22305,-2.3394,2.1164,5.0867,12.631,1.084,181.16,0,34,1,9,2020
759,29,-0.42548,-2.6191,2.1936,4.6375,11.275,0.33519,275.07,0,34,1,9,2020
760,30,-0.82138,-2.9013,2.0799,-0.73055,12.475,-2.5869,195.13,0,34,1,9,2020
761,31,-0.56603,-2.7597,2.1937,3.282,13.049,-0.91817,288.77,0,34,1,9,2020
762,32,-0.7948,-3.0475,2.2527,7.5123,12.812,-1.9331,299.42,0,34,1,9,2020
763,33,-0.74932,-2.9831,2.2338,2.8826,11.974,-5.4315,294.36,0,34,1,9,2020
764,34,-0.29889,-2.4518,2.1529,-3.0782,9.2273,4.3717,322.19,0,34,1,9,2020
765,35,-0.00094946,-1.9248,1.9238,-0.26612,9.9515,11.506,305.52,0,34,1,9,2020
766,36,0.3001,-1.6842,1.9843,2.9107,9.6196,13.553,321.34,0,34,1,9,2020
767,37,0.28551,-1.6878,1.9733,3.8016,11.446,9.6031,331.67,0,34,1,9,2020
768,38,-0.47904,-2.6182,2.1392,-2.0544,11.306,10.502,332.08,0,34,1,9,2020
769,39,-0.72064,-2.8488,2.1282,-6.2166,11.81,7.0949,334.61,0,34,1,9,2020
770,40,-0.42341,-2.5985,2.1751,1.4953,13.339,12.928,390.75,0,34,1,9,2020
771,41,0.34631,-1.9781,2.3244,3.0431,13.083,20.093,373.52,0,34,1,9,2020
772,42,0.42437,-1.8827,2.307,2.7229,13.897,16.214,374.3,0,34,1,9,2020
773,43,0.47342,-1.9185,2.3919,3.1441,11.612,12.336,373.26,0,34,1,9,2020
774,44,0.10796,-2.0755,2.1835,2.0608,9.649,8.457,370.77,0,34,1,9,2020
775,45,-0.37554,-2.3861,2.0106,0.53941,11.377,4.5784,355.81,0,34,1,9,2020
776,46,-0.42048,-2.5702,2.1497,0.86278,10.508,0.6999,367.5,0,34,1,9,2020
777,47,-0.36376,-2.4296,2.0658,1.7904,11.744,-3.1787,355.03,0,34,1,9,2020
778,48,-0.61627,-2.7699,2.1537,0.83978,15.836,-9.2622,363.89,0,34,1,9,2020
779,49,-0.81301,-3.2178,2.4048,-0.6288,19.268,-3.0797,367.11,0,34,1,9,2020
780,50,-0.66664,-3.1164,2.4498,-1.4174,17.939,2.4339,360.71,0,34,1,9,2020
781,51,-0.97041,-3.0778,2.1074,-2.316,19.567,2.36,345.71,0,34,1,9,2020
782,52,-0.27903,-2.6541,2.375,6.1588,20.914,-1.833,323.63,0,34,1,9,2020
783,53,0.74521,-1.8053,2.5506,8.4595,21.519,-1.2955,372.57,0,34,1,9,2020
784,54,-0.30375,-2.8775,2.5737,7.3639,19.363,6.8799,291.46,0,34,1,9,2020
785,55,-0.47912,-2.8209,2.3417,4.9855,18.963,4.994,396.09,0,34,1,9,2020
786,56,0.20591,-2.1672,2.3731,4.858,24.039,-0.60739,402.28,0,34,1,9,2020
787,57,0.22018,-3.0832,3.3034,6.4174,20.884,-1.8366,412.03,0,34,1,9,2020
788,58,-0.5449,-2.844,2.2991,7.1474,15.252,-6.8749,399.35,0,34,1,9,2020
789,59,-1.1442,-2.7616,1.6174,2.9009,14.749,-10.664,361.85,0,34,1,9,2020
790,60,-1.0969,-2.9304,1.8335,1.8638,11.375,-6.7258,400.68,0,34,1,9,2020
791,61,-0.92001,-2.4335,1.5135,1.9278,11.52,-8.1005,310.85,0,34,1,9,2020
792,62,-0.22265,-1.6764,1.4537,0.99596,15.925,-11.024,443.82,0,34,1,9,2020
793,63,0.8197,-0.91465,1.7343,5.7798,15.675,-11.853,444.77,0,34,1,9,2020
794,64,1.5023,-0.21649,1.7188,8.8103,15.264,-9.4796,428.78,0,34,1,9,2020
795,65,-0.12108,-1.7594,1.6383,7.9287,12.88,-3.5931,354.58,0,34,1,9,2020
796,66,-0.93188,-2.3583,1.4265,2.4129,12.685,-4.766,321.76,0,34,1,9,2020
797,67,-0.6228,-2.0579,1.4351,-3.1363,10.737,0.99624,270.41,0,34,1,9,2020
798,68,-0.48319,-1.8497,1.3665,2.0283,11.466,3.7121,318.11,0,34,1,9,2020
799,69,-0.33166,-1.6691,1.3375,2.3327,13.146,5.9424,393.12,0,34,1,9,2020
800,70,-0.20306,-1.5153,1.3123,2.9837,15.12,1.0906,353.14,0,34,1,9,2020
801,71,-0.35464,-1.6418,1.2871,1.0737,15.292,-1.2099,469.01,0,34,1,9,2020
802,72,-0.69538,-1.9322,1.2368,1.8186,14.52,-5.7898,491.41,0,34,1,9,2020
803,73,-0.83731,-2.0148,1.1775,-1.8401,14.112,-7.4819,474.8,0,34,1,9,2020
804,74,-1.5257,-2.6552,1.1295,-0.47464,11.754,2.684,141.71,0,34,1,9,2020
805,75,-0.48307,-1.5683,1.0852,0.3654,10.817,6.1779,188.97,0,34,1,9,2020
806,76,-0.30075,-1.3511,1.0504,0.2892,9.7011,3.171,423.45,0,34,1,9,2020
807,77,-1.6396,-2.6643,1.0247,-4.3077,10.006,1.8562,493.86,0,34,1,9,2020
808,78,-1.669,-2.6893,1.0204,-2.0703,10.961,-0.12404,227.92,0,34,1,9,2020
809,79,-1.0006,-2.0343,1.0337,-1.0942,12.538,1.571,421.29,0,34,1,9,2020
810,80,-1.1776,-2.248,1.0704,4.2304,13.074,4.7285,515.77,0,34,1,9,2020
811,81,-1.2701,-2.3581,1.0879,-0.24424,13.33,4.2196,259.77,0,34,1,9,2020
812,82,-0.092628,-1.1882,1.0956,-0.56958,13.882,0.33519,448.68,0,34,1,9,2020
813,83,-1.0699,-2.1894,1.1195,4.5129,12.529,4.9816,151.87,0,34,1,9,2020
814,84,-0.24407,-1.2983,1.0542,1.3579,12.116,5.4671,298.93,0,34,1,9,2020
815,85,-0.91214,-1.9461,1.034,1.4971,10.914,5.3954,530.15,0,34,1,9,2020
816,86,-1.302,-2.2754,0.97333,-2.9062,10.413,4.6934,492.65,0,34,1,9,2020
817,87,-1.4433,-2.3947,0.95143,-1.3187,11.699,5.0371,499.7,0,34,1,9,2020
818,88,-1.1872,-2.1935,1.0063,1.654,12.581,2.6942,284.75,0,34,1,9,2020
819,89,-1.2139,-2.2598,1.046,-0.78481,13.788,-3.7335,393.19,0,34,2,9,2020
820,90,-1.3472,-2.4727,1.1254,2.1214,14.399,-2.0706,544.82,0,34,2,9,2020
821,91,-1.2073,-2.3745,1.1672,-0.39329,14.35,-10.68,491.45,0,34,2,9,2020
822,92,-0.84587,-2.0143,1.1684,-0.92075,13.07,-18.992,585.14,0,34,2,9,2020
823,93,-1.0538,-2.1212,1.0673,1.8321,12.305,-17.56,592.2,0,34,2,9,2020
824,94,-0.45129,-1.4808,1.0295,-2.0636,12.499,-13.841,580.12,0,34,2,9,2020
825,95,-1.1214,-2.1452,1.0238,-3.1027,12.756,-7.0139,250.57,0,34,2,9,2020
826,96,-0.70989,-1.7606,1.0507,-0.8865,12.277,-6.0779,127.84,0,34,2,9,2020
827,97,-0.18202,-1.1697,0.98772,-0.56778,9.4385,6.7117,194.9,0,34,2,9,2020
828,98,0.32899,-0.43859,0.76758,3.53,11.4,7.9153,596.34,0,34,2,9,2020
829,99,-0.96267,-1.9099,0.94721,1.9653,13.554,0.95967,507.19,0,34,2,9,2020
830,100,-1.3252,-2.4419,1.1167,3.7366,15.063,-0.01435,297.64,0,34,2,9,2020
831,101,-1.0049,-2.2904,1.2855,-0.24408,14.812,0.33665,575.4,0,34,2,9,2020
832,102,-1.8545,-3.1099,1.2553,0.16185,13.422,0.14068,416.36,0,34,2,9,2020
833,103,-1.4917,-2.587,1.0953,8.3614,14.091,-2.6629,439.81,0,34,2,9,2020
834,104,-2.1247,-3.3032,1.1785,-3.38,15.168,-4.0845,626.43,0,34,2,9,2020
835,105,-1.8765,-3.1971,1.3207,-6.197,16.627,-6.2066,641.72,0,34,2,9,2020
836,106,-0.55562,-2.1221,1.5665,-0.50533,16.544,-12.081,628.42,0,34,2,9,2020
837,107,-1.0574,-2.5779,1.5205,1.0355,14.297,-11.264,422.84,0,34,2,9,2020
838,108,-1.3057,-2.4913,1.1856,1.3822,14.599,-9.6069,426.72,0,34,2,9,2020
839,109,-1.1492,-2.37,1.2208,-1.067,15.2,-6.0047,511.93,0,34,2,9,2020
840,110,-1.1489,-2.4362,1.2872,-2.125,14.859,-5.0717,629.93,0,34,2,9,2020
841,111,-1.7009,-2.9483,1.2474,0.18051,14.611,-1.9522,501.68,0,34,2,9,2020
842,112,-1.4576,-2.6631,1.2054,-0.0041254,14.424,1.3341,530.13,0,34,2,9,2020
843,113,-1.626,-2.8138,1.1878,1.5535,15.322,-1.5675,668.22,0,34,2,9,2020
844,114,-1.7251,-3.0184,1.2933,-1.9729,15.237,-6.5634,603.75,0,34,2,9,2020
845,115,-1.6238,-2.9002,1.2764,1.0815,16.775,-12.359,675.75,0,34,2,9,2020
846,116,-1.4128,-2.8763,1.4635,-0.67834,17.479,-15.379,617.2,0,34,2,9,2020
847,117,-1.6219,-3.1559,1.534,-0.35019,14.769,-11.143,669.4,0,34,2,9,2020
848,118,-2.3638,-3.5712,1.2074,1.5702,15.408,-9.446,676.44,0,34,2,9,2020
849,119,-2.0252,-3.3075,1.2823,0.81673,16.431,-15.333,691,0,34,2,9,2020
850,120,-2.0108,-3.4019,1.3911,3.6477,13.93,-11.981,454.1,0,34,2,9,2020
851,121,-2.362,-3.4715,1.1095,10.452,14.18,-16.675,643.34,0,34,2,9,2020
852,122,-1.7015,-2.8358,1.1343,6.4435,14.767,-22.376,679.54,0,34,2,9,2020
853,123,-0.87132,-2.0713,1.2,0.13359,15.728,-15.691,581.77,0,34,2,9,2020
854,124,-1.7477,-3.0334,1.2857,0.70198,14.27,-5.177,701.27,0,34,2,9,2020
855,125,-1.4107,-2.5401,1.1294,1.6474,14.808,-1.879,694.68,0,34,2,9,2020
856,126,-1.5064,-2.7056,1.1991,0.49578,14.542,0.81635,672.71,0,34,2,9,2020
857,127,-2.499,-3.6525,1.1534,3.8689,15.995,0.041225,695.79,0,34,2,9,2020
858,128,-1.3423,-2.6435,1.3012,0.84763,18.187,-8.197,691.03,0,34,2,9,2020
859,129,-1.5645,-3.0935,1.5291,-3.8977,18.581,-10.138,676.72,0,34,2,9,2020
860,130,-1.8574,-3.4115,1.5541,3.4476,14.25,-2.1628,687.02,0,34,2,9,2020
861,131,-3.0854,-4.2003,1.1149,35.984,14.959,-1.7342,601.78,0,34,2,9,2020
862,132,-2.8763,-4.049,1.1727,14.783,16.154,-3.0563,428.62,0,34,2,9,2020
863,133,-1.3615,-2.6429,1.2814,3.3572,15.35,-1.4066,606.5,0,34,2,9,2020
864,134,-2.2006,-3.4066,1.206,3.5031,15.514,-1.5748,470.01,0,34,2,9,2020
865,135,-2.0262,-3.2604,1.2342,-1.3105,16.599,-3.5763,529.12,0,34,2,9,2020
866,136,-2.058,-3.3972,1.3392,0.29404,16.813,-5.7532,699.21,0,34,2,9,2020
867,137,-1.2147,-2.5718,1.3571,0.95871,18.114,-11.242,680.04,0,34,2,9,2020
868,138,-1.7108,-3.1579,1.4472,0.23002,19.403,-14.176,522.62,0,34,2,9,2020
869,139,-1.2928,-2.8334,1.5405,-0.94433,16.938,-9.0833,752.19,0,34,2,9,2020
870,140,-2.0937,-3.508,1.4144,0.6761,15.96,-1.2955,687.22,0,34,2,9,2020
871,141,-1.8646,-3.2529,1.3883,9.4963,16.118,0.96991,591.4,0,34,2,9,2020
872,142,-2.1834,-3.597,1.4136,8.8762,16.752,-3.343,735.31,0,34,2,9,2020
873,143,-2.3947,-3.8291,1.4344,8.0639,15.981,-2.1993,711.45,0,34,2,9,2020
874,144,-2.5806,-3.9938,1.4132,20.941,17.11,-2.0969,741.54,0,34,2,9,2020
875,145,-2.1128,-3.529,1.4161,4.1519,19.552,-6.9086,743.01,0,34,2,9,2020
876,146,-2.3626,-3.8199,1.4574,0.6959,23.239,-14.914,747.21,0,34,2,9,2020
877,147,-1.1806,-2.7415,1.5609,0.29883,24.205,-18.48,745.32,0,34,2,9,2020
878,148,-1.6712,-3.4276,1.7564,0.85076,22.486,-15.761,753.29,0,34,2,9,2020
879,149,-1.8595,-3.521,1.6615,0.37644,17.656,-6.9875,728.16,0,34,2,9,2020
880,150,-4.2436,-5.7399,1.4963,0.80638,18.492,-6.793,657.8,0,34,2,9,2020
881,151,-2.6822,-4.2584,1.5763,1.7885,19.768,-5.566,476.51,0,34,2,9,2020
882,152,-1.8659,-3.5138,1.648,2.3096,17.571,1.4131,477.9,0,34,2,9,2020
883,153,-2.8143,-4.3805,1.5662,1.8919,18.344,0.87631,742.04,0,34,2,9,2020
884,154,-2.3418,-3.9561,1.6143,8.2427,22.454,-5.4885,730.34,0,34,2,9,2020
885,155,-1.5109,-3.4113,1.9004,3.0261,24.458,-9.4855,750.65,0,34,2,9,2020
886,156,-1.646,-3.6867,2.0407,-4.3449,21.154,-7.4044,754.82,0,34,2,9,2020
887,157,-1.9332,-3.7573,1.824,2.3808,16.765,7.0993,679.47,0,34,2,9,2020
888,158,-2.3529,-3.8282,1.4753,5.6632,15.763,16.475,724.86,0,34,2,9,2020
889,159,-2.7661,-4.1122,1.3461,0.11019,14.836,21.876,758.44,0,34,2,9,2020
890,160,-2.3352,-3.51,1.1749,2.4263,16.097,17.438,761.39,0,34,2,9,2020
891,161,-1.9176,-3.1844,1.2668,9.3825,18.325,9.0751,764.83,0,34,2,9,2020
892,162,-1.8418,-3.3128,1.471,1.9712,18.533,1.1118,704.09,0,34,2,9,2020
893,163,-2.9249,-4.3967,1.4717,3.6995,17.83,-2.2915,698.96,0,34,2,9,2020
894,164,-2.6429,-4.0598,1.4169,8.9805,15.709,3.3494,570.17,0,34,2,9,2020
895,165,-1.9382,-3.2224,1.2842,16.285,15.803,3.1797,737.94,0,34,2,9,2020
896,166,-1.4994,-2.8124,1.3131,13.65,16.627,0.83683,619.63,0,34,2,9,2020
897,167,-1.709,-3.0805,1.3715,6.7269,16.58,1.6529,690.89,0,34,2,9,2020
898,168,-2.3322,-3.7158,1.3836,1.2068,16.137,1.043,766.3,0,34,2,9,2020
899,169,-1.6448,-3.0313,1.3866,5.9023,19.757,-3.8739,764.33,0,34,2,9,2020
900,170,-1.2027,-2.6798,1.4771,1.6609,22.88,-9.4109,763.3,0,34,2,9,2020
901,171,-0.992,-2.4904,1.4984,6.9192,18.831,-2.505,763.44,0,34,2,9,2020
902,172,-2.3757,-3.8253,1.4496,25.74,17.752,1.5183,689.49,0,34,2,9,2020
903,173,-2.5106,-3.9625,1.4518,35.851,18.273,1.922,740.45,0,34,2,9,2020
904,174,-2.1635,-3.6432,1.4797,44.381,19.301,0.0266,764.17,0,34,2,9,2020
905,175,-2.6321,-4.1513,1.5193,22.139,18.914,-0.50867,734.04,0,34,2,9,2020
906,176,-2.5458,-4.0641,1.5183,26.058,19.532,-4.6154,723.87,0,34,3,9,2020
907,177,-2.4471,-3.9726,1.5255,17.735,18.95,-4.2995,741.75,0,34,3,9,2020
908,178,-2.8383,-4.3572,1.5189,20.51,18.934,-2.4977,751.25,0,34,3,9,2020
909,179,-2.7446,-4.2632,1.5186,16.449,18.627,-2.4904,726.1,0,34,3,9,2020
910,180,-2.2436,-3.7589,1.5153,25.129,17.727,-0.42677,763.23,0,34,3,9,2020
911,181,-2.2407,-3.7459,1.5051,9.969,19.23,0.44049,765.88,0,34,3,9,2020
912,182,-2.4751,-3.9969,1.5218,2.0176,20.024,0.91141,766.17,0,34,3,9,2020
913,183,-2.535,-4.0649,1.5299,12.447,18.568,0.88363,746.42,0,34,3,9,2020
914,184,-2.7859,-4.3002,1.5143,25.074,18.057,4.8485,760,0,34,3,9,2020
915,185,-2.4938,-4.0022,1.5084,28.937,17.706,9.935,741.14,0,34,3,9,2020
916,186,-2.9544,-4.4593,1.505,28.695,20.008,6.7892,762.64,0,34,3,9,2020
917,187,-2.0867,-3.6171,1.5304,10.836,19.636,7.2514,764.39,0,34,3,9,2020
918,188,-2.536,-4.0621,1.5262,18.265,17.205,12.319,764.56,0,34,3,9,2020
919,189,-3.0229,-4.5215,1.4986,42.375,17.971,9.5636,756.38,0,34,3,9,2020
920,190,-3.1188,-4.6264,1.5076,21.013,18.377,6.3416,820.32,0,34,3,9,2020