"","Reco_full","NEE_mod","S1","S2"
"1",1.43608372785915,-2.91531743566328,1328.24103469003,41844.8658418197
"2",1.3450222451423,-0.228837178962823,1328.16738606121,41843.7980012359
"3",1.30942375104084,-0.223728721606179,1328.09849687782,41841.2235654836
"4",1.21296055416439,-0.121334433395193,1328.03146742483,41838.7161365249
"5",1.18200955671295,-0.0292911379803786,1327.96946962273,41836.4788699937
"6",1.2363259989285,-0.135161501452727,1327.90908539386,41834.3874808866
"7",1.26084655537271,-0.0397483034433261,1327.8458723275,41832.0957327191
"8",1.20232295491669,-0.212088986646045,1327.78138219678,41829.8567419585
"9",1.21595572110042,-0.0986104760842206,1327.71994356083,41827.5472002418
"10",1.2456377346554,-0.247622372458037,1327.65779587783,41825.3274167385
"11",1.25005883190175,-0.0773676694701282,1327.5941025252,41822.9069856599
"12",1.24643170764899,-0.329172405340626,1327.53018000401,41820.6491129326
"13",1.2484130400444,0.240443245945622,1327.46644786488,41818.1457378076
"14",1.34058164286298,0.338311414036004,1327.40261374564,41816.2085255696
"15",1.26609284126342,0.322806513217077,1327.33397319991,41814.2088764266
"16",1.23351597481462,0.285005489749009,1327.26922010422,41812.3232627357
"17",1.24563256184694,-0.259127923593092,1327.2061664171,41810.4565047114
"18",1.3017456538229,-0.577203180179597,1327.14248253961,41808.0245310516
"19",1.37283735240737,-0.587999415639081,1327.0758741206,41805.1768786589
"20",1.4823142386502,-0.549033994020632,1327.00555685875,41802.1947908476
"21",1.46755290876797,-0.672293660880367,1326.92952052809,41799.0613100296
"22",1.39047926188922,-0.287546571063264,1326.85425786145,41795.8302238844
"23",1.40033941944849,0.711173646079195,1326.78302433821,41793.1178864058
"24",1.41543068539262,-0.708160803706206,1326.71127746244,41791.3871155918
"25",1.50503094263462,0.017642743603729,1326.63874393125,41788.2107610732
"26",1.46924123622145,0.925822301771716,1326.56152856717,41785.604418752
"27",1.33112809100404,0.180280254407944,1326.48618650092,41783.9684689125
"28",1.30456138287705,0.177583291551665,1326.41805936066,41781.8271286862
"29",1.30088084740776,-0.00225147009396309,1326.35131953877,41779.7292883215
"30",1.28146420687517,-0.537930315248577,1326.28477308928,41777.458007404
"31",1.29086351208601,-0.0548074331999602,1326.21924046958,41774.6848117735
"32",1.37546641469887,-0.650316528525386,1326.15321917913,41772.3783837684
"33",1.41552849837393,0.893895564515717,1326.08278543908,41769.3293031107
"34",1.54181195285113,0.156178149894848,1326.01026139068,41767.7547619205
"35",1.41145704139819,-0.484769853765604,1325.93113777455,41765.2229342453
"36",1.32800599012015,-0.937399755189471,1325.85882988903,41762.2767897364
"37",1.32189053443277,-0.597127234568415,1325.79087929987,41759.0231309467
"38",1.28895573203289,-0.798205730144874,1325.72324916704,41756.1203733075
"39",1.33813899454835,-0.956499314422709,1325.65733782365,41753.0738128302
"40",1.45304852341385,-1.05155269838696,1325.58886305019,41749.783409394
"41",1.54493546470501,-3.75945106557614,1325.51439058337,41746.1981219828
"42",1.61381103007053,-7.46799115149928,1325.43511613625,41739.7451722235
"43",1.63193945693184,-7.53374054918974,1325.35223940529,41729.4639426666
"44",1.47336805101557,-6.83989478632344,1325.26841572023,41719.0854416288
"45",1.43946176363388,-6.66072702091162,1325.19288916691,41709.6764435071
"46",1.42133433796449,-6.56126121396182,1325.11913585746,41700.5055595062
"47",1.40610007748412,-4.14990114632622,1325.04633099432,41691.465653932
"48",1.42051982538425,-0.611840706423499,1324.97432323837,41684.8635914104
"49",1.45897096929964,0.196675582738965,1324.90156427351,41681.7745058775
"50",1.51186100962213,0.934116691557858,1324.82679876906,41679.4270670439
"51",1.51231419641863,-1.07253688487301,1324.74927110292,41677.725100047
"52",1.4444522794835,-1.17659197062837,1324.67172167449,41674.0156819114
"53",1.53290313976228,-1.13587439794209,1324.59772003258,41670.3201935913
"54",1.49090301752096,-0.0812098235510863,1324.51909798597,41666.511623147
"55",1.39744696637229,-0.470095895980513,1324.4426733184,41663.8307306262
"56",1.35946007010627,-1.28248614042652,1324.37113113406,41660.9234517192
"57",1.39809485557659,-1.34367419920865,1324.30157257971,41657.2698382103
"58",1.46717167985401,-1.44669640432854,1324.22999982055,41653.4878380957
"59",1.41314422179053,-1.00739359577974,1324.15482206266,41649.4826871211
"60",1.30958821319947,-0.389614548778963,1324.08246721984,41646.0107792959
"61",1.34017662107769,-1.3855115505056,1324.01551532984,41643.3367477707
"62",1.35057564987458,-0.553233086020003,1323.94697031391,41639.6136080577
"63",1.36679353644951,-1.42793299233176,1323.87788455768,41636.704652453
"64",1.42230429196928,-1.54168961613455,1323.80795452493,41632.8927825516
"65",1.49499678539188,-1.60849308716309,1323.73512962781,41628.8706088371
"66",1.54105368594213,-1.62234608341972,1323.65851028853,41624.6552188756
"67",1.53996300718108,-1.68705357203288,1323.5794858528,41620.3458875989
"68",1.44337823127504,-1.52066327187688,1323.50052043428,41615.9737351051
"69",1.42365419433785,-1.49064435156216,1323.42660265713,41611.9359042564
"70",1.39625915905874,-1.37417305649984,1323.35371621555,41607.9623837241
"71",1.47321694963798,-1.24232180046941,1323.28226099146,41604.1529684699
"72",1.44133028692957,-0.345501263159269,1323.20679038498,41600.3415658025
"73",1.42938509358242,-1.25304003005324,1323.13298648211,41597.4824234799
"74",1.39678255564983,-1.13800190103853,1323.05980781782,41593.7365065841
"75",1.40085206686026,-1.51695410308266,1322.98833203373,41590.1623184922
"76",1.44045882348667,-1.64691112379324,1322.9166455947,41586.2020924506
"77",1.4077401590157,-0.847937748093792,1322.84289405483,41582.0430213792
"78",1.47274280968643,-1.7252404029051,1322.77085161942,41578.7398154901
"79",1.42701491108083,-0.769342396691284,1322.69541816158,41574.446256757
"80",1.42607742450521,-1.07555324656575,1322.62237346361,41571.188108028
"81",1.50228483315914,-1.83118201099514,1322.54937939931,41567.6253702539
"82",1.47346389637262,-1.76171662770861,1322.47240856231,41563.1744727616
"83",1.48085854850163,-1.14851961752767,1322.3969446861,41558.8431477222
"84",1.45952338477073,-1.69831022939765,1322.32109654568,41555.1121517098
"85",1.56144616109532,-1.95124932292379,1322.24636408675,41550.8684570055
"86",1.60633125406858,-2.03093128488257,1322.16630976224,41546.194586983
"87",1.50401986362007,-1.74973218985862,1322.08391094824,41541.3629872599
"88",1.45067126977591,-1.43070649776114,1322.00686100582,41536.990465055
"89",1.47308646700112,-1.30249910855706,1321.93259809042,41533.0297305946
"90",1.47564115133426,-1.20680143007404,1321.85716700332,41529.1582139876
"91",1.45698112190125,-1.28536328123951,1321.78160438676,41525.3779433376
"92",1.43623767948541,-0.93437749151099,1321.70701756227,41521.5515519351
"93",1.42180008569619,-1.07766617832687,1321.6335149175,41518.1122123084
"94",1.42340516676711,-0.571269186822614,1321.56076716728,41514.5546847098
"95",1.45730252931354,-1.87894955128299,1321.48793739757,41511.500754038
"96",1.44880919927871,-0.899208708726505,1321.41334084615,41507.0801821852
"97",1.46393292709956,-0.712959167613991,1321.33918926163,41503.6541130005
"98",1.45671161871306,0.236926762040679,1321.26425028189,41500.3879828774
"99",1.49292605891603,-0.281949938555102,1321.18968993216,41498.0842881507
"100",1.48542713648065,-0.635475378989565,1321.11324131484,41495.1987291808
"101",1.58695590304477,-2.18319665335785,1321.03718601723,41491.9726760169
"102",1.72177086033599,-2.31541778031792,1320.95582982083,41487.0223485395
"103",1.60658391238821,-2.19116672280984,1320.86742459512,41481.7054151671
"104",1.43882368884605,-1.74337904474157,1320.78504697113,41476.7129687394
"105",1.42819330684447,-1.48474152477875,1320.71143125036,41472.4600209209
"106",1.52525625788068,-2.15017931847646,1320.63837169221,41468.4841905731
"107",1.70611793496316,-2.3825032236801,1320.5602488473,41463.6741129634
"108",1.6343063207413,-2.25599219003677,1320.47267400881,41458.3172480623
"109",1.5263346210549,-2.19703293270568,1320.38885768791,41453.2117248353
"110",1.49205995556694,-2.14476012398289,1320.31068481153,41448.3528870424
"111",1.48521177622596,-0.945574222807618,1320.23430301537,41443.605915988
"112",1.51559402249858,-1.88215347588315,1320.15828046399,41440.0700309697
"113",1.55328073091388,-2.088394450072,1320.08067409869,41435.5447212753
"114",1.54482720262681,-1.53375863409425,1320.00110196706,41430.7476260216
"115",1.49559644434287,-2.12818738395611,1319.92197332065,41426.5198562142
"116",1.56594542248553,-2.24443724566877,1319.84541654255,41421.7832598321
"117",1.63352614230675,-2.32783050584775,1319.76518902835,41416.8080693125
"118",1.57185387228655,-2.2731170906919,1319.68143256765,41411.6319688255
"119",1.55042366263474,-2.2000716777351,1319.60090070303,41406.6178033133
"120",1.51582237639521,-2.0628067763177,1319.52149004634,41401.7139375938
"121",1.54523885588781,-2.19519273878874,1319.44388767658,41397.0074979135
"122",1.56000174202178,-1.9317278173786,1319.36475173641,41392.1175071638
"123",1.55145936759063,-2.12549281994521,1319.28484701188,41387.465299485
"124",1.48246011825551,-2.02040336746785,1319.20539036599,41382.6341711593
"125",1.4550855878904,-2.17798470236774,1319.12953654612,41378.0281166547
"126",1.50342900500391,-2.5610794171922,1319.05511222351,41373.3120823896
"127",1.64123277197025,-3.07754937596476,1318.97816818479,41368.128865156
"128",1.80024518536455,-3.17799674008532,1318.89403020602,41362.1895401299
"129",1.65127332594821,-2.98539293790787,1318.80157694057,41355.8733193464
"130",1.58075747541134,-2.61496287501325,1318.71691900974,41350.0086694107
"131",1.5330771759756,-2.94313782728201,1318.63594724801,41344.6370503936
"132",1.50071568702869,-2.5764063876514,1318.55746663992,41339.0201612547
"133",1.51889853265984,-2.86432685354512,1318.48067648274,41333.826274279
"134",1.6055492807417,-2.98411305981057,1318.40293964301,41328.3128345587
"135",1.72280781478019,-3.07303982357679,1318.32068139591,41322.5289141729
"136",1.57518925782985,-2.66670092131591,1318.23229687401,41316.4521813293
"137",1.56349326592413,-1.86447406144529,1318.15162847348,41311.038443895
"138",1.58681766711174,-2.82520251680679,1318.07157273327,41306.4472620027
"139",1.56888014292891,-2.7489333044979,1317.99030140972,41300.8547807695
"140",1.59299117951383,-2.81021433771947,1317.909968652,41295.3697509677
"141",1.71469434299534,-2.23973449635597,1317.82837923423,41289.7815013598
"142",1.65371303407035,-3.15650784051881,1317.74043298179,41284.5521094397
"143",1.59462446839444,-2.97596489913998,1317.65567653336,41278.5119577731
"144",1.64686203470425,-3.02694076941115,1317.57400853489,41272.7550839296
"145",1.63171568294314,-3.01384017821677,1317.48961455719,41266.8563889792
"146",1.61015817249973,-2.92011063557813,1317.40601405521,41260.997119945
"147",1.62251107308938,-2.54896305854424,1317.3235416017,41255.269055232
"148",1.64646849632059,-2.2860956759823,1317.24042629239,41249.8906465738
"149",1.58088852269765,-2.4847592480186,1317.15606195441,41244.7334355951
"150",1.5627097176235,-2.38689038794111,1317.07512410906,41239.4915885285
"151",1.58551471088214,-2.65789918431189,1316.99513706227,41234.3792139392
"152",1.57199240217771,-2.38334099266718,1316.91396197223,41228.9561607834
"153",1.58122346585697,-2.47456214373643,1316.83349471207,41223.8311712871
"154",1.60540248957638,-2.62943918828939,1316.75254781808,41218.5988966816
"155",1.66320557060465,-2.48836105991668,1316.6703410281,41213.1696864641
"156",1.63186817852916,-2.72549397750149,1316.58511801801,41207.7810293134
"157",1.62397100928908,-2.45206335993331,1316.5015339638,41202.2097192499
"158",1.59126848199623,-2.43614801665739,1316.41836449334,41196.9255612237
"159",1.58613888928465,-2.40614727245659,1316.33690426231,41191.7141773982
"160",1.58682226584427,-2.68968284977953,1316.25571386192,41186.5417043491
"161",1.52803323269961,-2.35313858565187,1316.1744899324,41181.0844966152
"162",1.5055914058965,-2.10858341540733,1316.09633467869,41176.0660678328
"163",1.51604325995014,-2.01866729230557,1316.01935138109,41171.3312180935
"164",1.50101820508084,-2.03816598612675,1315.94182515934,41166.6680953901
"165",1.52219330826683,-2.32613538808561,1315.86508407567,41162.0115984121
"166",1.50682983406651,-2.15252776168119,1315.78724111129,41157.0302912294
"167",1.49320711767341,-2.20847776885081,1315.71020096268,41152.2493045427
"168",1.49936964154218,-2.31017538724149,1315.63387269968,41147.4360538535
"169",1.59393084027961,-2.21225003134117,1315.55722517771,41142.510376793
"170",1.61967056131254,-2.65588712750005,1315.47564872081,41137.5181473656
"171",1.55857585337623,-2.48403678189457,1315.39273127674,41132.0375063358
"172",1.59682494012741,-2.33334317801274,1315.31300330838,41126.834957689
"173",1.49747496995267,-1.43278534450434,1315.23128230713,41121.716569637
"174",1.54864112626909,-1.88208704154702,1315.15474349886,41117.6715283939
"175",1.6166275675569,-2.11931991542947,1315.0755396925,41113.0881781316
"176",1.60776459056006,-2.3732907464467,1314.9927917741,41108.149342673
"177",1.6501115712593,-2.28230868095294,1314.91050851524,41102.9719390398
"178",1.60619835341121,-2.22167286112524,1314.82601753214,41097.8118621318
"179",1.52160955766224,-1.89679125319542,1314.74382042814,41092.7887780839
"180",1.5313157506126,-0.952522280583234,1314.66603613795,41088.2376891663
"181",1.58157064676948,-1.48759660600426,1314.58774795677,41084.6139762904
"182",1.58532677928296,-2.25325580600701,1314.50684174388,41080.3677694553
"183",1.60092113279814,-2.2541323327337,1314.42574176788,41075.3493599707
"184",1.60700470012718,-2.21292354216352,1314.34383059304,41070.3029412466
"185",1.51927276993243,-1.84442940749465,1314.26160426787,41065.28713993
"186",1.53832880413851,-1.63285733941357,1314.18395389442,41060.7924168499
"187",1.55570132896849,-0.483852419489268,1314.10531246957,41056.4761090265
"188",1.59915562043619,-1.22740063044768,1314.02576758689,41053.2785783624
"189",1.58581587028423,-1.02132733754569,1313.94395910853,41049.2619088829
"190",1.5634945349225,-0.996549496585224,1313.86284842761,41045.4745032094
"191",1.55871529421659,-1.61174094896636,1313.7829035859,41041.7506888515
"192",1.5458661141972,-1.76226087398384,1313.70320993205,41037.4199855834
"193",1.58303200571442,-1.9840853662837,1313.62418800061,41032.9611021382
"194",1.59372839799125,-1.04550892157275,1313.54323087456,41028.2157383908
"195",1.63225857317334,-2.22956605547478,1313.46171819058,41024.3903360931
"196",1.62395098373698,-1.19545571972578,1313.37819825023,41019.313852593
"197",1.5617837650706,-1.89593094735108,1313.29511389356,41015.2859166892
"198",1.54860822574687,-1.81816524007024,1313.21527293876,41010.6656229857
"199",1.55981981536158,-1.87046317652781,1313.13612064049,41006.1460027855
"200",1.57004389561506,-1.42728923099258,1313.05638615318,41001.5545724148
"201",1.58909694929436,-1.54369562358962,1312.97612090776,40997.3885216196
"202",1.55533795698298,-1.65612318188862,1312.89486466294,40993.0729133215
"203",1.52746029673509,-1.42423858160103,1312.8153699575,40988.7035877529
"204",1.56641230707781,-1.71226121363976,1312.73732959327,40984.614630399
"205",1.59383747802657,-2.01877364739683,1312.65726191042,40980.1698829854
"206",1.56160321004869,-1.8507051276433,1312.57576698072,40975.3709090305
"207",1.5679829768256,-1.90752835611677,1312.49595408063,40970.7960619832
"208",1.54045221737926,-1.87235177559694,1312.41581083268,40966.1532839132
"209",1.51453759871699,-1.58779848484418,1312.337103933,40961.5935622012
"210",1.52650315763075,-1.64286866398359,1312.25974862549,40957.3634650565
"211",1.5247517390353,-1.51527587718728,1312.18177219212,40953.0574722441
"212",1.49685863703331,-1.67809159375285,1312.1038889386,40948.8821091564
"213",1.52462949338218,-1.75099547499399,1312.02745985383,40944.5924457125
"214",1.50337934922126,-1.56000077078606,1311.94958687278,40940.181556156
"215",1.49188266695729,-1.64694921317392,1311.87282219836,40935.9986200588
"216",1.5444001283216,-1.59697057659018,1311.79665784545,40931.7487272763
"217",1.69847757006158,-1.69643681195457,1311.7177611831,40927.4574397548
"218",1.59537596676461,-1.60021635314863,1311.63083491189,40922.7986791588
"219",1.50471238064509,-1.19286755194115,1311.54928699088,40918.4154504771
"220",1.52033436733567,-1.54170429663721,1311.47246292801,40914.5972784783
"221",1.53470638503109,-1.49468508607355,1311.39482760726,40910.4030820507
"222",1.50230044984133,-1.06813176168143,1311.31644601027,40906.2308921795
"223",1.51681322514581,-0.877739015144042,1311.23975329692,40902.5416230849
"224",1.47275665303302,-0.777935674771902,1311.16230714365,40899.0174883858
"225",1.50492590358133,-0.516870245192121,1311.08715548638,40895.6697976913
"226",1.59388046564619,-1.49685342437329,1311.01033186767,40892.5271937326
"227",1.60580382427636,-0.955942614329393,1310.9288783247,40888.2498470917
"228",1.63367496818114,-0.415479437777731,1310.84680572431,40884.4926598308
"229",1.69478490614778,-0.751145259621721,1310.76328289936,40881.2274445814
"230",1.68348998540077,-0.896346295416761,1310.67657621319,40877.5202629403
"231",1.58431825474349,-0.698500660781609,1310.59046101962,40873.687512642
"232",1.54346444727045,-1.19908338929132,1310.50951669371,40870.2250971013
"233",1.57475670672813,-1.07889760988384,1310.43070179495,40866.3331593112
"234",1.72623558750976,-1.02418677951319,1310.35025964312,40862.506959047
"235",1.67610036659195,-1.17199501339346,1310.26192419883,40858.4719783139
"236",1.55918092553715,-1.04081907445419,1310.17620591849,40854.3763739691
"237",1.51638295182524,-1.02539275261182,1310.0965814253,40850.6153155095
"238",1.5109622550999,-0.861286633399276,1310.01918650207,40846.9441314694
"239",1.58889871964428,-0.985622638082708,1309.94207556929,40843.4464749897
"240",1.52773084404488,-0.990415157995306,1309.86090981261,40839.6888836957
"241",1.51556795793332,-0.783947257542695,1309.78293037588,40836.0329040333
"242",1.60252271186619,-0.97584317922002,1309.70558577012,40832.6045438887
"243",1.5153590065198,-0.912862420389385,1309.62371676684,40828.8330003021
"244",1.45518387362222,-0.675298095216351,1309.54638704858,40825.27606846
"245",1.48884691293429,-0.620903945814183,1309.47218854875,40822.0613951167
"246",1.53714372764339,-0.769292060209435,1309.39624162211,40818.8425319782
"247",1.47145885157797,-0.507273452066933,1309.31778423727,40815.3912393869
"248",1.43731945027285,-0.240915870572382,1309.24274523743,40812.3162432309
"249",1.44746330741414,-0.243421138941041,1309.16948252146,40809.5670020396
"250",1.46110654045582,-0.453939748518606,1309.09569441376,40806.7975948243
"251",1.48169396392082,-0.743823178048971,1309.0211989922,40803.7939191027
"252",1.52074768917711,-0.483072642757814,1308.94563515766,40800.4645271695
"253",1.54093456373781,-0.608920227556506,1308.86804226427,40797.3279236153
"254",1.52899787499293,-0.645197204694624,1308.78940118185,40794.0303396724
"255",1.54704379644319,-0.662723178794074,1308.71138310231,40790.7172371154
"256",1.48230022218043,-0.214620450626298,1308.63242819416,40787.3552008845
"257",1.44392449065964,-0.557522844761916,1308.55684243872,40784.5539087667
"258",1.50200644254237,-0.50034354419635,1308.48325297192,40781.4764842746
"259",1.61844330100772,-0.460233448030822,1308.40664638582,40778.3551607759
"260",1.58397284422364,-0.548635047636268,1308.32398318076,40775.0713567511
"261",1.57525505067991,-0.443749331997229,1308.24311666133,40771.7591086122
"262",1.49402411958145,-0.432205597236155,1308.16270597611,40768.5669026049
"263",1.4709319817543,-0.457094595043139,1308.08652240073,40765.5275666454
"264",1.47885701716115,-0.440686365965191,1308.01154096464,40762.5035152673
"265",1.45907313654032,-0.385230731022676,1307.9361495046,40759.4820721672
"266",1.48897573053065,-0.222995504971011,1307.86178796205,40756.5505028759
"267",1.40750411339757,0.153536989599359,1307.78587429046,40753.7291242678
"268",1.29825765073719,0.414969910557909,1307.71419475221,40751.4260507218
"269",1.39961233069851,-0.0862976085320584,1307.64818435424,40749.5745573208
"270",1.3530558109331,0.0648560295847775,1307.57691773996,40747.0453681222
"271",1.33582766468143,0.512527204319722,1307.50806874108,40744.7483575244
"272",1.32536914592173,0.124087789425004,1307.44011488807,40742.9289986644
"273",1.29693794529364,0.346969213032793,1307.37270489238,40740.7393981404
"274",1.32152256913078,0.194915785934326,1307.30677028043,40738.8221645226
"275",1.30207925617145,0.203693560444446,1307.23956267131,40736.7100732159
"276",1.28230774816049,0.423643196490954,1307.17336446459,40734.6405992976
"277",1.30670465004456,0.338063449172672,1307.10819230874,40732.825487777
"278",1.33390302354853,0.170598627750038,1307.0417572134,40730.8823174028
"279",1.44787966561425,1.07941906233102,1306.97391354273,40728.7243283368
"280",1.44846082737816,-0.0398799102459777,1306.90015678488,40727.2767718572
"281",1.45851984021777,1.11910350658152,1306.8263716292,40724.7088960705
"282",1.45522579883368,-0.067861461901763,1306.75206584154,40723.282488835
"283",1.37014718107573,0.157407834828826,1306.67793294407,40720.6748402628
"284",1.37457428683635,0.260689614255675,1306.60821775064,40718.4405297026
"285",1.42257828456254,0.838112482557291,1306.5382745004,40716.3017869944
"286",1.50192871738266,0.41996245905557,1306.46584185702,40714.6569061247
"287",1.43894048168385,0.770005019641556,1306.38928987812,40712.4557710435
"288",1.3969367939047,-0.0484871136404483,1306.31601138207,40710.71428758
"289",1.33897767748,0.36437745934864,1306.24491470265,40708.2274102757
"290",1.26167725795351,0.0644983950437785,1306.17682568608,40706.2542774629
"291",1.31280996335908,0.165178051309687,1306.11274328913,40704.1158333268
"292",1.32222332417263,1.0003334841266,1306.04601351642,40701.989040315
"293",1.35586764176111,0.681319691940054,1305.97879737428,40700.6810078615
"294",1.36984359421457,0.0506695584399568,1305.9098386503,40698.9953858898
"295",1.30949790285911,0.0513699845303146,1305.84015676595,40696.6547776815
"296",1.29946381069097,0.0818608340408986,1305.77360457873,40694.4199127965
"297",1.258765335759,0.504682745933679,1305.70757369818,40692.2330004119
"298",1.2786551352378,0.473078223738141,1305.64365193316,40690.5397613114
"299",1.2549463493834,0.356570552381532,1305.57870164556,40688.7802807026
"300",1.35632921509163,0.150270513644224,1305.51498028833,40686.9455653424
"301",1.32087602996907,0.0740959028943333,1305.44600813392,40684.7280381979
"302",1.38823693934095,0.846779589962931,1305.37887504453,40682.4960474878
"303",1.41805689334231,0.569382212660104,1305.30825146701,40680.9194710867
"304",1.44245571315336,1.15413819648693,1305.23608264892,40679.0135836031
"305",1.37895004129129,0.228160021755537,1305.16264943864,40677.6499764247
"306",1.36225560311266,0.04241597382365,1305.09251247255,40675.4709211943
"307",1.38047517624042,0.759650608680267,1305.02324267469,40673.1351749513
"308",1.300278243529,0.485580256934154,1304.95302983833,40671.4849393893
"309",1.37092714796633,0.652706649207411,1304.88697457714,40669.7002394651
"310",1.31092629105377,0.271949098069372,1304.81725992169,40667.9596650956
"311",1.32165477913814,0.342589110839402,1304.75065611107,40665.9427806647
"312",1.35995936954648,0.943319368764521,1304.68349801877,40663.9778506787
"313",1.33321738781511,0.053278575702856,1304.61435655166,40662.5469586439
"314",1.28071017166289,0.161497886973464,1304.54660245053,40660.2725729496
"315",1.33172174388008,0.0624680386660652,1304.48156919362,40658.1978167779
"316",1.32101624006817,0.083679097619519,1304.41389553651,40655.9352096143
"317",1.23352823484036,0.148161441027799,1304.3467779553,40653.7124441378
"318",1.28024779385788,0.15582252770529,1304.28419051316,40651.7064863199
"319",1.28248577801377,0.00539061849906131,1304.21918680343,40649.6268318085
"320",1.15434464259289,0.10609370181441,1304.15406863571,40647.3928417096
"321",1.13485527225133,0.224370586434279,1304.09557834394,40645.4826975851
"322",1.17291056875885,0.277203326459124,1304.03809578898,40643.7247704018
"323",1.20102856032193,0.214164912975446,1303.97864852667,40641.9533889023
"324",1.32135829204989,0.862525566390211,1303.91774918818,40640.0699933871
"325",1.2988687594518,1.14730123123394,1303.85062484435,40638.6254240885
"326",1.37484912509688,0.525554141439062,1303.78466650164,40637.5047795144
"327",1.40668255571048,1.15390901100838,1303.71477384897,40635.630098669
"328",1.4300148006561,0.577695443926264,1303.64323262011,40634.3283487129
"329",1.30225077558668,0.176590065737769,1303.57048314556,40632.4097619283
"330",1.34308788420318,0.908791237294414,1303.50435580604,40630.3124871404
"331",1.39621201692602,0.331505922705498,1303.43611519266,40628.8763056762
"332",1.3538080661324,0.471451945280552,1303.36512332906,40626.7703468831
"333",1.3619540007369,0.806427428518242,1303.29633052646,40624.8781467091
"334",1.3577593823304,1.14796897909865,1303.22711726581,40623.3067324394
"335",1.44332326618977,1.13842274530136,1303.15812289474,40622.0841545092
"336",1.42820349634782,0.884329581714733,1303.08469484225,40620.7030709845
"337",1.41946406927245,0.470108865681111,1303.01205266745,40619.0942044475
"338",1.45617241999087,0.326108681897423,1302.93986536793,40617.0863216723
"339",1.40533756959812,0.757805267453997,1302.86577615047,40614.8705316015
"340",1.32408235844757,0.035057738206475,1302.79432463442,40613.17491931
"341",1.2784402125843,0.0797106549587008,1302.72708409367,40610.898015035
"342",1.27381554458671,0.0434796503908741,1302.66220723177,40608.7452295743
"343",1.32900011933558,-0.00813945121588189,1302.59757100934,40606.5642592477
"344",1.34157644902274,0.00774299755380325,1302.53008022636,40604.2355734727
"345",1.36870930726625,0.308945192137481,1302.46193977757,40601.9008658162
"346",1.39763204072922,0.122001888249471,1302.39239562623,40599.8201131505
"347",1.430404063098,0.421708050624664,1302.32135457727,40597.5020562021
"348",1.38932209281055,0.487082017813914,1302.24861658159,40595.4266461049
"349",1.39772812214748,0.129653508343174,1302.1780094802,40593.488119444
"350",1.42180481665054,0.198976291091807,1302.10696847206,40591.1775217488
"351",1.42085397726281,0.955213019542223,1302.03468136606,40588.8943239366
"352",1.38094639630814,0.465233530315261,1301.96244526567,40587.3690095035
"353",1.36340476847823,0.66518517879797,1301.89227872282,40585.4231829555
"354",1.25212875870976,0.505358164097818,1301.82302234907,40583.7078404661
"355",1.16794390229448,-0.133807189864972,1301.75952542264,40582.0264257449
"356",1.18926763873101,-0.124531160782656,1301.70037925225,40579.8524616024
"357",1.20553977982924,0.0328928404013087,1301.64013312146,40577.6506258181
"358",1.23776210433441,0.789972544082819,1301.5790476865,40575.5778662736
"359",1.24546857792939,0.243666060536009,1301.51629849595,40574.2060605618
"360",1.2072333637261,-0.165333543564883,1301.4531522809,40572.2745205417
"361",1.21368186680516,0.0990006193848045,1301.39198313182,40570.0005660161
"362",1.23427500462652,0.834683466320641,1301.33048209152,40567.9797081034
"363",1.40291905759608,0.853707053323364,1301.26791826165,40566.6586607098
"364",1.39726298151742,0.63433748430534,1301.19662966524,40565.06297263
"365",1.25959884953498,0.361605503047223,1301.12563574304,40563.2577537623
"366",1.25202950296675,0.0244480154351625,1301.06176729188,40561.4195038221
"367",1.22792390757838,-0.217902704889485,1300.99829145325,40559.2572720247
"368",1.19510717190754,-0.276182825677216,1300.93606264865,40556.8946655277
"369",1.20319320551698,-0.261696080411798,1300.87553019297,40554.5309306366
"370",1.28906379355778,-0.229423204303608,1300.81458137401,40552.1675922399
"371",1.25992859681087,-0.21054198297187,1300.74919611003,40549.6869677684
"372",1.23997421141736,-0.360939426441906,1300.68531855398,40547.275956372
"373",1.23732474716495,0.0247899614949632,1300.62247358161,40544.7492933846
"374",1.30701313181931,-0.0202769042402542,1300.55976681031,40542.6129677083
"375",1.35431597511354,0.846061707223406,1300.49345879198,40540.3102046321
"376",1.40043657471749,0.981794291809044,1300.42470482025,40538.7914042477
"377",1.39301032694438,0.544028457402993,1300.35356463112,40537.3280263358
"378",1.34200425740063,-0.287274146218684,1300.2828106854,40535.4398038679
"379",1.31628039554595,0.504963192879662,1300.21469861521,40532.8090815578
"380",1.40813121561254,0.222728001513346,1300.14791885614,40531.0153827549
"381",1.3960847051047,0.37555873929799,1300.07638668804,40528.7795091658
"382",1.34394328422562,0.422370017022609,1300.00548003302,40526.7174317699
"383",1.38860035980027,0.794797311748508,1299.93727388,40524.7929459836
"384",1.41322192236401,0.291702261835755,1299.86675798795,40523.163122036
"385",1.31836333174831,0.426471424527259,1299.79496883393,40520.9873262232
"386",1.28902695640268,-0.575976967757063,1299.72809061858,40519.111462061
"387",1.26761214832951,0.204735628500117,1299.66273073711,40516.2842305878
"388",1.30213426259511,-0.127337200712768,1299.59847908761,40514.2750001671
"389",1.31097495541274,-0.945479800142318,1299.53244439698,40511.8735678943
"390",1.33730953300971,-0.938758465236895,1299.46595404497,40508.6385899435
"391",1.3385673010822,-1.06847859710084,1299.39810321557,40505.3644665592
"392",1.35225095947536,-1.08184977398089,1299.33018884834,40501.9584251961
"393",1.36774400045575,-1.06825374280703,1299.26156814401,40498.5151770248
"394",1.41313928741179,-1.16849361150831,1299.19214738491,40495.0585390766
"395",1.47267826952856,-0.812555185005284,1299.12037851096,40491.42261126
"396",1.48188250922048,-1.22417874329041,1299.04552740094,40488.038955086
"397",1.45879500118708,-0.238732604184009,1298.97020118445,40484.2276424068
"398",1.40377149968254,-0.914768114584888,1298.8960730839,40481.4419603029
"399",1.35981009670132,-1.15934582631459,1298.82479619433,40478.0760336369
"400",1.37471289559926,0.534411207433573,1298.75579592312,40474.5420689732
"401",1.40107118371582,-1.17471370386242,1298.68602620286,40472.6759029907
"402",1.37625155063035,-0.651841173648692,1298.61489403624,40469.0547077525
"403",1.41680118595954,0.649449826338136,1298.54504795809,40465.9995938684
"404",1.44956187031091,-0.805544447791846,1298.47310487056,40464.1751567605
"405",1.47172805819767,0.270802844921956,1298.39946717461,40460.8386770518
"406",1.4123743920684,-0.679840190347294,1298.32468312995,40458.5399440036
"407",1.38750796631307,-1.34155825630708,1298.25297443678,40455.393898495
"408",1.40835910617114,-1.35309884016754,1298.18255433073,40451.6294248363
"409",1.47020042398801,-1.28741647515781,1298.11105683318,40447.8170952715
"410",1.46023557104124,0.436068522060862,1298.03635905318,40443.9627668484
"411",1.44620314818187,-0.597752618041667,1297.96217923803,40441.8492633041
"412",1.45054356470201,0.125148958300692,1297.88872790679,40438.7263610459
"413",1.46621772309962,-0.207688001254104,1297.81505361524,40436.3187943326
"414",1.44601630591893,0.219381201698503,1297.74056942721,40433.5510918253
"415",1.51154569087307,-1.08956607523752,1297.66713315973,40431.2456217525
"416",1.53349059776832,-1.54486522218449,1297.59030446334,40427.5171077775
"417",1.55171037994877,-0.759076178576825,1297.51234042851,40423.2950815339
"418",1.46698850296228,-1.64490973492805,1297.43343395136,40419.8271169812
"419",1.44442681186406,-1.66817302675096,1297.35891925934,40415.6208037004
"420",1.4093887461373,-0.705509056934881,1297.28557455659,40411.4305005637
"421",1.43669826905149,-1.76021723965357,1297.2140450151,40408.263861722
"422",1.47368985320917,-1.78253989539302,1297.14110388288,40403.9949536053
"423",1.39546638544296,-1.40481109966036,1297.06624939051,40399.6393064653
"424",1.38384971035435,-0.242601294502479,1296.99544529714,40395.7975830616
"425",1.42949833695637,-1.75329783171873,1296.9252437154,40393.1382902551
"426",1.4718815829339,-1.97445684671485,1296.85268217645,40388.8888034442
"427",1.57931078754477,-2.04946495045356,1296.77792846397,40384.3443519941
"428",1.5081200193628,-1.78326396061293,1296.69761038831,40379.5378558468
"429",1.40991165165327,-1.3333889827651,1296.62098379893,40375.1214847944
"430",1.41950328117605,-1.95705203365241,1296.54944295198,40371.325976743
"431",1.52288574418373,-2.12077992664048,1296.477407593,40366.8900949419
"432",1.72699053076577,-2.29683800616539,1296.40002170845,40362.1104729497
"433",1.68422609927933,-2.31730834450199,1296.31205103642,40356.7995072422
"434",1.49263351931521,-2.15144313963525,1296.22630313017,40351.5424862304
"435",1.52648324343296,-2.10943022288395,1296.15049049948,40346.7848392055
"436",1.48383457530665,-1.40119064267991,1296.07292663678,40342.0102618093
"437",1.45798751553503,-1.88456396018594,1295.99757343393,40338.0181680303
"438",1.48895366091,-2.10513098515041,1295.92356003803,40333.5876960185
"439",1.46638417861617,-2.07413551189798,1295.84794553876,40328.8827302079
"440",1.49733758421133,-2.188935608361,1295.77350124751,40324.248047795
"441",1.5178894630609,-2.24973640752413,1295.69745643646,40319.4446610735
"442",1.47922878301894,-2.18534753612803,1295.62034930959,40314.5446813742
"443",1.41773580734848,-1.93515470102378,1295.54524582377,40309.7763937011
"444",1.43291092070781,-1.67128270218156,1295.47332585107,40305.3653672489
"445",1.45691391175581,-0.858358893309114,1295.40062269724,40301.1917784744
"446",1.47300195855512,-1.70996115794514,1295.32667950064,40297.7893077406
"447",1.46846009114242,-1.44711038126732,1295.25190560079,40293.5072121648
"448",1.4817519677003,-1.13487618669677,1295.17736859887,40289.4958666109
"449",1.50470351813134,-2.10542822519413,1295.10214555942,40285.773601686
"450",1.4929999733903,-2.04097383735643,1295.02573635812,40281.0408124311
"451",1.46336009387884,-1.65283078306836,1294.94993493258,40276.3928457746
"452",1.47419490721065,-1.98548525114751,1294.87566928307,40272.1846230514
"453",1.501138893858,-0.978586502019324,1294.80084484346,40267.6248701838
"454",1.52323792597731,0.478143310529288,1294.72462780086,40264.0250911071
"455",1.44077102272158,-0.693286560110735,1294.64726863886,40261.8435543757
"456",1.46251426334384,-2.20296195926108,1294.57417892338,40258.6341743475
"457",1.42172123051486,0.363270474413236,1294.4999663004,40253.8772469764
"458",1.43756730293052,-0.540811139343331,1294.42786522914,40251.7575803462
"459",1.44487899860644,-2.09648398560447,1294.35494652127,40248.7062281403
"460",1.4493579819938,-1.25009763596247,1294.28165145914,40244.0864614681
"461",1.49323571728441,-2.32082338718138,1294.20812653917,40240.305272468
"462",1.53614334706668,-2.34150362754795,1294.13233349614,40235.3769428614
"463",1.51969717271071,-2.43575989761271,1294.05432143209,40230.35321286
"464",1.49123132785922,-2.35182219783186,1293.97716277598,40225.2638518975
"465",1.41493010578021,-1.11992052160761,1293.90147925913,40220.3079846282
"466",1.42803939619318,-1.2775177180986,1293.829743565,40216.7168823657
"467",1.46641961349947,-2.2600840367183,1293.75733193822,40212.9453439891
"468",1.49601888087166,-2.41740033463767,1293.68293746722,40208.1243930804
"469",1.43901862384797,-2.25054892959004,1293.60701364653,40203.0945740874
"470",1.517961542009,-2.51644679907537,1293.53403979239,40198.3308571808
"471",1.52814812043045,-2.48090769357906,1293.45698429624,40193.1637647785
"472",1.54757298758342,-2.3047742702667,1293.37940356937,40188.0144644784
"473",1.55736038709406,-2.29175581803419,1293.30081935136,40183.007465323
"474",1.69240139803657,-2.97182373280933,1293.22173047992,40177.996433088
"475",1.64985022728887,-2.92248290951225,1293.13564649305,40172.0702264935
"476",1.50336035349093,-2.60714985385097,1293.0517709169,40166.2674210102
"477",1.54281905351155,-2.74924127303913,1292.97548322921,40161.0349888877
"478",1.73081086277264,-3.03137043678046,1292.89715562739,40155.5917475168
"479",1.90470232323485,-2.96204478354956,1292.80908891924,40149.5390888952
"480",2.04601796482012,-2.62781657158456,1292.71199620047,40143.2531030591
"481",2.06451285872697,-2.45414151904266,1292.60755778631,40137.0554426286
"482",1.88677064243515,-2.99370432322624,1292.50216049671,40130.9992618401
"483",1.61857582245076,-2.56215099088227,1292.40600937369,40124.7127718471
"484",1.5358752827656,-2.3880504167015,1292.32377438172,40119.3246441712
"485",1.50032830837423,-1.66156710877393,1292.24582306852,40114.254599755
"486",1.50208261658004,-1.82560260566474,1292.16971264773,40109.9729281334
"487",1.60982179760931,-2.73862214104598,1292.09351342607,40105.5241564028
"488",1.60600424459694,-2.72971584481688,1292.01174035157,40099.9747560391
"489",1.61887712941515,-2.4804023568673,1291.93016719117,40094.4408975071
"490",1.62555307002066,-2.87938613209974,1291.84792961201,40089.1339287872
"491",1.61731273397073,-2.66185979999645,1291.76534853343,40083.416341908
"492",1.70582956815885,-3.01593702439794,1291.68319647901,40077.9306169121
"493",1.75544815216964,-3.05442787285157,1291.59646047426,40071.9367007752
"494",1.64268308724475,-2.28950306284931,1291.50715419653,40065.8179079866
"495",1.62930076542045,-2.91300957427778,1291.42369528561,40060.6603333039
"496",1.58448508761226,-2.23515829858497,1291.3409317868,40054.9025396928
"497",1.57792364464122,-2.02724486078866,1291.26049077552,40049.9006162754
"498",1.5845182286779,-2.49102687212692,1291.18039150532,40045.1180204763
"499",1.56468481701795,-2.56094677020956,1291.09995308101,40039.8601492684
"500",1.56284825585707,-2.8465602934555,1291.02054314677,40034.5668825353
"501",1.57232479266612,-2.63761831354016,1290.9412303361,40028.9911897835
"502",1.55900341135507,-2.8336169151798,1290.86142929948,40023.6079270678
"503",1.55508316494173,-2.80319177694505,1290.78231960598,40018.0518517974
"504",1.57348975717653,-2.70397447782382,1290.70341479632,40012.5330177388
"505",1.60429429777143,-2.70449997515589,1290.62355980763,40007.0813386901
"506",1.59999181682557,-2.75026769696373,1290.54211285056,40001.5754849047
"507",1.56619796192308,-2.4249139031614,1290.46089078177,39996.0313439181
"508",1.53899766738354,-1.14119730070634,1290.38141948017,39990.871390599
"509",1.58488454702633,-1.76464194343667,1290.30335712024,39987.0425097632
"510",1.655257470149,-1.84953221711415,1290.2229232498,39982.510268078
"511",1.6124423583174,-2.88301262354021,1290.1388489499,39977.7705924201
"512",1.57879953162985,-2.48878197719284,1290.05699347398,39972.0719724595
"513",1.58930543307602,-2.72140555714998,1289.97688101886,39966.8261536946
"514",1.60214081239062,-2.86778659238174,1289.89622718677,39961.3294064318
"515",1.67927475296437,-2.94430764865194,1289.81491141541,39955.6639170714
"516",1.6311071221573,-2.7450998058177,1289.72960486454,39949.7875926712
"517",1.69742054005933,-2.87986150782051,1289.6467945861,39944.1943300132
"518",1.65158048871102,-2.82320745996798,1289.56055299666,39938.3508353725
"519",1.68286838168192,-2.88856511422252,1289.47668762536,39932.6437937916
"520",1.63822929471007,-2.17375475941343,1289.39120459938,39926.8169070439
"521",1.665431899425,-2.24889997716197,1289.30803505478,39921.7825414181
"522",1.67777956828474,-2.82695640105341,1289.22345967503,39916.6256545408
"523",1.63367133979349,-2.76160829297785,1289.13824737582,39910.8692004992
"524",1.7751041374845,-2.84230329741735,1289.05532073978,39905.2548827069
"525",1.69766248540142,-2.48327285280377,1288.9650713308,39899.3136181794
"526",1.61976690816067,-2.46914186450285,1288.87883682837,39893.8661928679
"527",1.74578744199278,-2.55079539706361,1288.79663682278,39888.5685172151
"528",1.74490550684834,-2.74147585491799,1288.70791440177,39882.9697590391
"529",1.60868669254127,-2.25985874991828,1288.61924030215,39877.1818426686
"530",1.58826189669626,-2.3760343313236,1288.53762060577,39872.1127090155
"531",1.63959081668991,-2.67173823971101,1288.45705948386,39866.9629565003
"532",1.61730355881346,-1.37403180489862,1288.37384543262,39861.4281068834
"533",1.62836351448949,-2.22468085181276,1288.29178672016,39857.2297615232
"534",1.66280172521255,-2.48078543805895,1288.20915812985,39852.1614965939
"535",1.65595323517518,-2.30856069242669,1288.12474990686,39846.7771488204
"536",1.67781979732092,-2.04980973543593,1288.04069846989,39841.5769388425
"537",1.65905221222156,-2.51877231750508,1287.95551774772,39836.5973931232
"538",1.61756313374309,-2.42210238585057,1287.87131070923,39831.1815515737
"539",1.62384295012941,-2.06543997442683,1287.78925235962,39825.9346146685
"540",1.68001171781676,-2.15942355992558,1287.70687147035,39821.0333932401
"541",1.70625338119627,-2.28716834048578,1287.62158681543,39815.9403695191
"542",1.71418801447501,-2.47511436391011,1287.53494630246,39810.6738969811
"543",1.75332228717809,-2.52202288164973,1287.44789752862,39805.2056504575
"544",1.78586013025687,-2.50230355083143,1287.35882485237,39799.6223463827
"545",1.92008427868777,-2.42140089576168,1287.26806934853,39794.0021000906
"546",1.97812077392148,-2.34244262205029,1287.1703577371,39788.2290886946
"547",1.80421677179591,-2.4313950146645,1287.06963755051,39782.4340054576
"548",1.67595451242196,-2.41368572046863,1286.97793976881,39776.8526658079
"549",1.6808982245303,-2.41410227137115,1286.89288583557,39771.5123407288
"550",1.63601826465011,-1.21775781806475,1286.80757853822,39766.1629784951
"551",1.65742940537987,-1.1843852407101,1286.72459514165,39762.0881011306
"552",1.7334397386461,-2.28441976535705,1286.64050672069,39758.0092991839
"553",1.76258744005576,-2.18637786879272,1286.55248749462,39752.6980960716
"554",1.71539572403157,-2.25628807449213,1286.46296175649,39747.4341720133
"555",1.69877014849217,-2.18550820407847,1286.3758817087,39742.1824927297
"556",1.7194679427289,-1.97298567074403,1286.28966453516,39737.0305300964
"557",1.74162672676683,-2.22908484145319,1286.2023787956,39732.055037238
"558",1.70889166890661,-2.14558683957985,1286.11394870665,39726.7848493877
"559",1.676579954429,-1.8890725128963,1286.0272153995,39721.6551457461
"560",1.76142812110922,-1.464818755943,1285.94215620076,39716.838209318
"561",1.70713964920575,-2.10493308853931,1285.85270878402,39712.2977714036
"562",1.78443653259564,-2.1327186124702,1285.7660737199,39707.2117343372
"563",1.77954371696821,-2.12131927573616,1285.67544031978,39701.9633096602
"564",1.69585962887142,-2.06136699409233,1285.5850630163,39696.7347894679
"565",1.66874938949757,-1.8053265042057,1285.49901924982,39691.7119220485
"566",1.66588484366473,-1.87304731543169,1285.41438005024,39686.9922927632
"567",1.63869400334714,-1.31328440308717,1285.32989137228,39682.2099191502
"568",1.64414335525067,-1.72837292257986,1285.24681077197,39678.034649742
"569",1.63641058999542,-0.308106390814006,1285.16345081771,39673.4347898802
"570",1.62326015630135,-1.68841994499296,1285.08049287713,39670.2686520123
"571",1.62906338971784,-1.68644173596671,1284.99821684897,39665.7450918955
"572",1.61259728064997,-1.75754355177801,1284.91564320986,39661.2133915756
"573",1.69444381061731,-1.81948770991336,1284.83392267256,39656.6392561491
"574",1.8089091727675,-1.76594866243958,1284.74797380998,39651.8606251308
"575",1.918769534873,-1.68298728355744,1284.65610438576,39646.936205244
"576",1.73485447368015,-1.78689274702848,1284.55854637073,39641.9034689658
"577",1.64861772579603,-1.48662960980271,1284.47051538597,39637.0870221952
"578",1.66253647113888,-1.31276917142474,1284.38694593068,39632.7210044103
"579",1.63026341791826,-1.70014201089662,1284.30265946397,39628.5045946301
"580",1.66426378618072,-0.994405516760764,1284.22004311484,39623.957007529
"581",1.6279158648616,-1.6120919196057,1284.13567209946,39620.0559295168
"582",1.69145657408106,-1.61621183024151,1284.05318166706,39615.6004580295
"583",1.74385875291906,-1.61547931458032,1283.96740978038,39611.0301924845
"584",1.65466706667256,-1.2169114168832,1283.87893053005,39606.3693919157
"585",1.70776082219427,-1.27223637407754,1283.79506511045,39602.2624734635
"586",1.86468160481708,-1.48531795941945,1283.7084577561,39598.0077522168
"587",1.96776936825153,-1.19286460265532,1283.61373278092,39593.2666959236
"588",1.7989121021252,-1.40445481709788,1283.51366924579,39588.6386102601
"589",1.59953522210602,-0.922466526884774,1283.42235528902,39584.0929010226
"590",1.5092194555742,-1.21552324350959,1283.34135023017,39580.3763893458
"591",1.46136056435335,-1.18564777155005,1283.26500779318,39576.524139376
"592",1.46593495631821,-1.07246812439884,1283.19113466491,39572.7851361171
"593",1.45420314986576,-1.14430103370747,1283.11702761629,39569.1513333232
"594",1.50021405034377,-1.17528745369525,1283.04352701576,39565.4661289924
"595",1.47095066953676,-1.10809806299765,1282.96765658769,39561.6697655784
"596",1.5034225877982,-1.12469981270984,1282.89329661712,39557.9915660292
"597",1.56986063449888,-1.16291872010821,1282.8172645983,39554.2401811349
"598",1.6666279895156,-0.895003709404623,1282.73780759555,39550.3348261596
"599",1.70842201280285,-1.04077830293358,1282.65335650387,39546.5288219296
"600",1.63785714925116,-0.926090372135653,1282.56674823945,39542.5042409231
"601",1.55270885161668,-1.01055607434298,1282.48378800428,39538.7172374283
"602",1.62662321377111,-0.988676686633641,1282.40522480785,39534.9940796329
"603",1.57882706315864,-0.810703106325336,1282.32284914264,39531.1640348448
"604",1.57591974023572,-0.826451884615083,1282.24294273844,39527.5952096331
"605",1.50726605896459,-0.789883119352375,1282.16318849633,39524.0156894786
"606",1.46531772709911,-0.820164422514608,1282.08697705959,39520.592331425
"607",1.45732785299841,-0.338450627837131,1282.01292938759,39517.2117699083
"608",1.48404752778184,-0.1291894220304,1281.93929517784,39514.3268346232
"609",1.54717731183412,-0.796111953708215,1281.86428615015,39511.6045952841
"610",1.47810302926822,-0.631273140085953,1281.78602464221,39508.1054362464
"611",1.48355768265952,-0.0374011259715639,1281.71132579235,39504.8914512971
"612",1.53679307936183,-0.739351939233956,1281.63634777562,39502.2618248894
"613",1.61759366407218,-0.74393310515149,1281.55862773949,39498.8374869721
"614",1.69710789419835,-0.746440438015826,1281.47674163181,39495.2677970773
"615",1.73407241438142,-0.671271828401288,1281.39075219901,39491.5570880148
"616",1.82962917954564,-0.655891236575221,1281.3028554314,39487.8571551957
"617",1.7421684976878,-0.610015300184779,1281.2100207089,39484.0061792126
"618",1.59980952082177,-0.61684988665591,1281.12171092282,39480.3533758474
"619",1.56187202273976,-0.504716916293698,1281.0407545054,39476.9416890062
"620",1.48391335814292,-0.530734999876132,1280.96175706306,39473.7082152561
"621",1.46454128261385,-0.400618478674866,1280.88677970021,39470.5845403542
"622",1.46335875630137,-0.422933453060071,1280.81280201675,39467.6247277276
"623",1.4364474425111,-0.353532249508974,1280.73888708029,39464.6446514442
"624",1.43421274948289,-0.386220023683886,1280.66635957065,39461.7808618579
"625",1.46421374270383,-0.357355342852799,1280.59394887138,39458.8882698316
"626",1.49167504249759,-0.353098861094217,1280.51999537596,39455.9722544805
"627",1.46590641362611,-0.297112939261318,1280.44462941023,39453.012635363
"628",1.43749006288846,-0.183091461657537,1280.37059248881,39450.1538942036
"629",1.40000671701778,0.062012477782573,1280.29802034512,39447.4586833346
"630",1.37517347853633,0.461712064535009,1280.2273787846,39445.073890181
"631",1.32598844756701,0.194334387260503,1280.15801618993,39443.1320682618
"632",1.38512161088689,0.391451894801277,1280.09118362684,39441.0085885693
"633",1.42904836651341,0.0524048666114854,1280.02131263325,39438.9791522103
"634",1.51113245012035,-0.0151686554633099,1279.94918350187,39436.5341060008
"635",1.53475144999104,-0.00324647683023893,1279.87282987216,39433.8784405936
"636",1.44047682255814,0.271885981548898,1279.79526133918,39431.1935338817
"637",1.48512046502008,0.836346176013985,1279.72254961718,39428.9480248282
"638",1.50551954599653,-0.0112734196305855,1279.64754151328,39427.1891705937
"639",1.48236541060491,0.33759743653072,1279.57148478561,39424.5471417204
"640",1.51862584350933,-0.0651893259633047,1279.49662237563,39422.2943203856
"641",1.5244947390953,-0.0328154015916784,1279.4198944628,39419.5755189368
"642",1.4629916929408,-0.0358788210609366,1279.34286622251,39416.8788552584
"643",1.44891400099104,0.140413057372901,1279.26900693437,39414.2862894922
"644",1.42916794650182,0.0387823870029422,1279.19587401123,39411.8945391633
"645",1.40834059605283,0.0512744918745283,1279.12375888776,39409.4355612746
"646",1.41723291491801,0.0462590874476874,1279.05271682826,39407.0253648719
"647",1.40535193023097,0.0561311119741397,1278.98121913079,39404.5946466169
"648",1.37964312969274,0.0364881827901111,1278.91033419923,39402.1944985262
"649",1.28248698273647,0.861003942134967,1278.84077278636,39399.8195075139
"650",1.20114235027211,0.659147623905905,1278.77620377537,39398.4383825455
"651",1.17071323701844,0.334190642328574,1278.71580900857,39396.9972193029
"652",1.18347262619058,0.362428879951674,1278.65697501351,39395.2841534465
"653",1.25437685196695,1.04189806937874,1278.59748836563,39393.5770703135
"654",1.41110795316302,1.11977385733957,1278.53436719552,39392.4258205295
"655",1.43143689507639,0.985614034557868,1278.46319703301,39391.079229293
"656",1.39704654519988,0.554805977761863,1278.39098312105,39389.5630390972
"657",1.39799429150932,0.923303530430159,1278.32053937776,39387.675970701
"658",1.41259318024913,0.483779555061715,1278.25004859629,39386.1557395558
"659",1.51682011948849,0.578527553823438,1278.17880893457,39384.1705310589
"660",1.52755203719466,0.835222214634831,1278.10220825524,39382.0984217704
"661",1.45564018152038,0.304203339259237,1278.0250569813,39380.2642962804
"662",1.39362248952791,0.745915890087695,1277.95160889735,39378.0244596764
"663",1.40496076672773,0.201957052325136,1277.88135165633,39376.3344167925
"664",1.48549737522446,1.09852359308514,1277.81051328192,39374.0806441834
"665",1.55302318315289,1.03669603387833,1277.73553438342,39372.5830675186
"666",1.4745081429925,1.02399071217193,1277.65708106351,39370.9059837857
"667",1.38856527568428,0.166912828489644,1277.58267151199,39369.3530059695
"668",1.3084384920561,0.117949636240146,1277.51268296898,39367.0927309616
"669",1.26253661099397,0.154710609161569,1277.44681128161,39364.9231620506
"670",1.28400581987598,0.534450294110625,1277.38329628115,39362.8703744401
"671",1.38072549081738,0.666889755769321,1277.31868129969,39361.1598880017
"672",1.4343824929592,0.144582144097569,1277.24910185315,39359.4132240086
"673",1.36745277156976,0.364352370339604,1277.17676625344,39357.0507191653
"674",1.38528852617733,0.812956856030199,1277.10787200257,39355.0246372469
"675",1.35542025133722,0.851584608820326,1277.03806310552,39353.4160615358
"676",1.23508988049575,0.375565127356744,1276.96979009235,39351.8981707078
"677",1.25390409339148,0.483483275291767,1276.90769265945,39350.1140432386
"678",1.31370201259762,0.812522937323024,1276.84463196901,39348.4050217794
"679",1.27962411662035,0.194796430131951,1276.7785051211,39346.9207749311
"680",1.21895797812458,0.178648814161988,1276.71412818843,39344.8782077913
"681",1.23532456946438,0.155092908686033,1276.65286292765,39342.9252669531
"682",1.30674095261756,0.91353492475163,1276.59076016093,39340.9202245564
"683",1.32888732182785,0.188467189821653,1276.52499622179,39339.5490972717
"684",1.33716146977338,0.203187492468629,1276.45809723495,39337.414284752
"685",1.33928230136173,0.947732147124662,1276.39077506782,39335.2797601406
"686",1.33842187017968,0.26110452862058,1276.3233455767,39333.8860751406
"687",1.31663144928019,0.302672863397719,1276.25596179984,39331.8072548132
"688",1.34405942190457,0.305516990317362,1276.18969787852,39329.8079843846
"689",1.30225169620089,0.188625066859717,1276.12202778828,39327.7637329823
"690",1.28849621530709,0.204838511133276,1276.05650464343,39325.675470381
"691",1.27358888655597,0.253135035206242,1275.99168852386,39323.6273970594
"692",1.34310322123836,0.432168734366875,1275.92763829842,39321.6536054487
"693",1.32758718946789,0.658473755834605,1275.86002332199,39319.7376426227
"694",1.26992389706123,0.217169262806703,1275.79320618778,39318.0750276707
"695",1.32235956086018,0.256036814227188,1275.729348197,39316.0716390932
"696",1.26518749065189,0.258747854151502,1275.66280226615,39314.01568644
"697",1.30777417556683,0.418869951478079,1275.59918992243,39312.0621210315
"698",1.30146008045769,0.225050373929203,1275.53339517713,39310.1944163583
"699",1.19805289871026,0.545982788502517,1275.46792576463,39308.1438936338
"700",1.24287389121212,0.936664243217743,1275.40775712895,39306.5946138033
"701",1.23582501642941,0.232352515985861,1275.34529387793,39305.3578465192
"702",1.25357760453946,0.23612613909336,1275.28319311981,39303.4290527929
"703",1.23980481558567,0.747073668061893,1275.22018403128,39301.4730691656
"704",1.2868420063369,0.788593814221878,1275.15788202196,39300.0520432491
"705",1.37105986654881,0.864564511561282,1275.09317055363,39298.5905103922
"706",1.39962305637903,0.230421184024334,1275.02413997317,39297.058108073
"707",1.34866358104312,0.612155067993423,1274.95364451585,39294.8417604309
"708",1.38497986836495,0.107049881486824,1274.88576665306,39293.0959776508
"709",1.44052620011759,0.340239765110297,1274.81602637291,39290.7817691963
"710",1.42774438027216,0.157951442792129,1274.7434349887,39288.6039134822
"711",1.35327027835162,0.608710365224537,1274.67150202759,39286.26604097
"712",1.38626282347723,0.544930261462684,1274.60339431663,39284.5087493333
"713",1.33443798658753,0.113425019249844,1274.53359488641,39282.6301510989
"714",1.38022836540742,0.475685443135581,1274.46645654046,39280.4103918747
"715",1.4025175547461,0.0358922491754352,1274.39697012409,39278.4730526689
"716",1.3932715632815,-0.0149151176773057,1274.32634112115,39276.0570548233
"717",1.36090052824029,0.0133266938931922,1274.25618850053,39273.6063596821
"718",1.25887972853315,-0.0771136359451525,1274.18769893692,39271.2403331376
"719",1.28519290704467,-0.0190531628353212,1274.12444175531,39268.9617459526
"720",1.27306799048104,-0.0837482113618939,1274.05983760848,39266.6953277099
"721",1.34081486898972,-0.149206946380687,1273.99585623977,39264.3853503611
"722",1.33550940831925,-0.14079743931565,1273.9284031368,39261.8917791916
"723",1.35459510227039,-0.151825817848502,1273.86122369613,39259.415860139
"724",1.41381268801778,-0.416535504039762,1273.79306683806,39256.895628407
"725",1.40375235830942,-0.314957251000242,1273.7218725143,39254.0074391457
"726",1.43585533598611,-0.322892013855803,1273.6511963804,39251.2383578476
"727",1.34704034930878,-0.269596966757154,1273.57887368744,39248.4053686266
"728",1.27405540232668,-0.212571715273152,1273.51111089223,39245.7805049372
"729",1.33810868875311,-0.173713416938841,1273.44709091542,39243.3399223013
"730",1.30559766112564,-0.199850886515983,1273.37978921555,39240.8265000062
"731",1.35198618156002,-0.159959318186346,1273.31415580357,39238.3436208574
"732",1.51455576073526,-0.252058539150326,1273.24614547506,39235.8197408186
"733",1.66178352292496,-0.267575677903439,1273.1697896157,39232.9203500548
"734",1.60352425501618,-0.229219190510125,1273.08586144474,39229.7488481858
"735",1.67509830471567,-0.149374598121101,1273.00493442988,39226.7172155596
"736",1.73602907077394,-0.0175486414759987,1272.92032535931,39223.6406897049
"737",1.76391919178599,-0.278158438788993,1272.83257998115,39220.5898098127
"738",1.66595067244842,0.113092235349674,1272.74339983892,39217.2297137014
"739",1.64818305631007,-0.454915134772007,1272.65926932198,39214.4315571766
"740",1.88374757269188,-0.397442671044302,1272.57605589699,39211.0963430542
"741",1.73459275287479,-0.544294067802395,1272.48070349173,39207.408167264
"742",1.49035228146915,-0.470929855776222,1272.39304527018,39203.8329787982
"743",1.46985852238672,-0.288682897825609,1272.31795515211,39200.7567949699
"744",1.33785050432279,-0.412639655485239,1272.24391954491,39197.8985730633
"745",1.34329859438407,-0.0274641622299676,1272.1766587288,39195.1465364797
"746",1.51802184420258,-0.739002292596229,1272.1091201891,39192.7701678272
"747",1.50769367981149,-0.747996443366717,1272.03261586248,39189.3776434793
"748",1.49075394936949,-0.668603786690856,1271.9566441763,39185.9941181072
"749",1.39549507489052,-0.270278037611399,1271.88154461767,39182.7195042149
"750",1.38790088839302,-0.116289285305046,1271.81133645813,39180.0092768252
"751",1.31383876103656,0.131202779780363,1271.74151949719,39177.4662705678
"752",1.34119399667523,-0.0892777232459769,1271.67550062857,39175.2998901686
"753",1.40585388613909,-0.469164565198949,1271.6080815253,39172.8653199684
"754",1.48479162846673,-0.307655713061198,1271.53734858629,39169.938112326
"755",1.49181973683955,-0.904555990639706,1271.46256596961,39167.0347864394
"756",1.46042076108762,-0.99877694384049,1271.3874243579,39163.5222990336
"757",1.44405665436236,-0.906243353602801,1271.31389677313,39159.9703184914
"758",1.35206392321979,0.702209309664148,1271.24121092087,39156.5393910904
"759",1.31673325446987,0.477340737059422,1271.17324476521,39154.8773033319
"760",1.27559560787476,-0.531965359006681,1271.10709046376,39153.0519490673
"761",1.28673504731344,-0.849045650596208,1271.04304423204,39150.2890236512
"762",1.32207338958128,0.299551393838399,1270.97842911851,39147.1895834736
"763",1.38207305334597,-0.618289192705871,1270.91200568839,39145.1771052389
"764",1.40292256798921,-1.08318727179822,1270.84250899689,39142.142153397
"765",1.41296234200966,0.153872344379948,1270.77194490502,39138.6059414485
"766",1.43476441024018,-0.772398743667899,1270.70086763154,39136.2892754763
"767",1.38167278263108,0.668876884234026,1270.62867376261,39133.0083172568
"768",1.36576168264759,-0.013650454492296,1270.55920432859,39131.2611957459
"769",1.32023761407318,-1.01765873018348,1270.49055209136,39128.8592831122
"770",1.30162423771319,-0.825449796816246,1270.42423377904,39125.5327407155
"771",1.34980968745102,-0.903391002522504,1270.35887011272,39122.4308607749
"772",1.38362555482841,0.0639059250640048,1270.2910399822,39119.16700105
"773",1.43094160005196,-0.459179849605565,1270.2214784833,39116.8114633599
"774",1.45533634490949,-1.20611692634115,1270.14949254142,39113.8503300196
"775",1.45337299604076,-0.936861214206568,1270.07625696649,39110.0997182782
"776",1.40263832949645,-1.32199999672225,1270.00312395604,39106.6217761241
"777",1.37292010866514,-1.30687886112227,1269.93259471075,39102.8471456948
"778",1.38040562835665,-1.27141581668272,1269.86359038931,39099.1394482236
"779",1.39033233876948,0.230953463190152,1269.79420409335,39095.45415263
"780",1.37181253342224,0.787771710878007,1269.72431068886,39093.2539084381
"781",1.26584512984501,0.459667930124813,1269.65536804385,39091.6427683072
"782",1.338356069049,-1.32254105165557,1269.59185251907,39089.8883236015
"783",1.42155927960444,-1.02110028620156,1269.52462683917,39086.2251988112
"784",1.48209737769329,-0.0243448125179861,1269.45313916055,39082.7184183589
"785",1.47188651939672,-1.42897251968531,1269.37854811182,39080.1028340347
"786",1.41631167014645,-0.598907536774319,1269.30448286806,39076.100414695
"787",1.44284804734045,-0.741296949721457,1269.23326960936,39073.0249501115
"788",1.48635662373322,-1.73779331540418,1269.16069749376,39069.7608176451
"789",1.54683991845433,-1.90251040642881,1269.08589538152,39065.4243216434
"790",1.5433478615403,-1.83872202985813,1269.00799063051,39060.8176551551
"791",1.45104549140453,-0.691041268801676,1268.93026726201,39056.2808542446
"792",1.46320727673641,-0.718407897116046,1268.85728231801,39053.052646713
"793",1.48760184784886,-1.17636874834123,1268.7836754795,39049.775858455
"794",1.4737064046054,-1.77167047815063,1268.70881914396,39045.9985676886
"795",1.4636317220488,-1.10185515217516,1268.63467754702,39041.650192386
"796",1.45608774829204,-1.23946440804175,1268.56105455694,39037.9891887401
"797",1.49252075425842,-1.99646624651574,1268.48782029544,39034.203720143
"798",1.48905335535487,-1.65555204047286,1268.41271920514,39029.5977178394
"799",1.55295567158837,-2.11688093734307,1268.33779792621,39025.3386654829
"800",1.5828587315165,-1.8274999063388,1268.25959917186,39020.5068669742
"801",1.4699656176058,-1.96875252875588,1268.17986705236,39015.9123102023
"802",1.49600795166114,-2.04403615347068,1268.10593073809,39011.3733080097
"803",1.53840634332938,-2.18043495107716,1268.03066059405,39006.7136066731
"804",1.43622610653362,-0.83718582662066,1267.95321688297,39001.8435775908
"805",1.44616748170704,-1.79963761062055,1267.88101602866,38998.4949438226
"806",1.46979176346571,-2.02103494248741,1267.80830739571,38994.1665144133
"807",1.50910277779265,-1.56402111135639,1267.73438941684,38989.5754858383
"808",1.44973450192785,-2.10043876575538,1267.6584571467,38985.372920522
"809",1.47141638415997,-2.10379547290886,1267.58557122658,38980.737442353
"810",1.46064813830015,-1.97476508710386,1267.51157559744,38976.0607922575
"811",1.52012297673772,-2.18557844079022,1267.4381339117,38971.5319393225
"812",1.61323281356303,-2.27263326190937,1267.36164403128,38966.6885643303
"813",1.63038353377606,-2.2081784576665,1267.28037670701,38961.5958020626
"814",1.44886281519985,-2.03147448311328,1267.1982307087,38956.5375865289
"815",1.47746060935598,-1.63744592365221,1267.12540097288,38951.9725350946
"816",1.52664113227552,-0.76836394992978,1267.05110715877,38947.7516370227
"817",1.49342491322478,-1.68312360473242,1266.97429306683,38944.3140612679
"818",1.50011818305724,-0.973549412888152,1266.89918459348,38940.0196302035
"819",1.54523690277928,-1.32231303417994,1266.82373484073,38936.4230931883
"820",1.55426569501807,-2.25817301955305,1266.74597274201,38932.3991168421
"821",1.60989204928842,-2.21562874113194,1266.66774945424,38927.4235288714
"822",1.66650745331707,-1.35295557775748,1266.58667302023,38922.3934982018
"823",1.55947166118715,-2.55796169354359,1266.50269094022,38918.1274381174
"824",1.51846259722429,-2.14908133973166,1266.42420706815,38912.8429524618
"825",1.52504831384262,-1.64560607264307,1266.34782896211,38908.0388364579
"826",1.55159373432264,-2.45779480475378,1266.27111511315,38903.7267030023
"827",1.51932934262421,-2.2828035885509,1266.19304166159,38898.5560879867
"828",1.56669893667471,-2.51528597962443,1266.11662517376,38893.6167081521
"829",1.67304517501978,-2.6395775957911,1266.03778089435,38888.3622456961
"830",1.84362785126011,-2.70059986825373,1265.95347878322,38882.798088306
"831",1.89039830744499,-2.66432740484949,1265.86040747787,38876.8755892619
"832",1.80773229044297,-2.74903942242142,1265.76493139103,38870.9078456764
"833",1.5899698431128,-2.47670294390506,1265.67371315821,38864.9994328372
"834",1.626142790975,-2.11599826408539,1265.59368686194,38859.7429216884
"835",1.68259132850525,-1.09596891225159,1265.5118061358,38854.7840414731
"836",1.58624891623245,-1.076039987942,1265.42702889225,38850.7467761216
"837",1.61966225458334,-2.58630041032653,1265.34720030803,38846.8973812222
"838",1.80611975199364,-2.60808378381835,1265.2656591772,38841.4794619569
"839",1.9026300153087,-2.68543306554174,1265.17453953188,38835.7147368957
"840",1.74546357375128,-2.74837706165391,1265.07845619285,38829.7044604947
"841",1.55191313159896,-2.1561760439656,1264.99046113349,38823.9051315823
"842",1.51004763005882,-2.34093430716538,1264.9124056655,38819.0354066151
"843",1.4720722002889,-2.4508443091478,1264.83649855226,38814.053912614
"844",1.52386166413295,-2.5569304933552,1264.76253920325,38809.0287206494
"845",1.61871942894346,-2.70896881920347,1264.68592798225,38803.8071229328
"846",1.62774623845897,-2.37324282092826,1264.60445377379,38798.268086298
"847",1.59721137911597,-2.31297601186264,1264.52251860587,38793.0490268397
"848",1.50775234182397,-1.514376138989,1264.44215250532,38787.9434585724
"849",1.51161276160641,-2.40994931845005,1264.36637529264,38783.7924638131
"850",1.54595823430017,-1.82018245586618,1264.29040224211,38778.7391542241
"851",1.54395587865364,-2.20475134272706,1264.21267086173,38774.2157122015
"852",1.52543126193769,-2.58408250443078,1264.13504420792,38769.3111823706
"853",1.68179853034229,-2.76518817162521,1264.05836909691,38764.0596128973
"854",1.8260453937426,-2.79707742104925,1263.97367492575,38758.3542985208
"855",1.64068592788082,-2.72363257224134,1263.88157117754,38752.3656490533
"856",1.59375555981063,-2.25652685323469,1263.79899242528,38746.7735383866
"857",1.61625057541652,-2.56722742562617,1263.71882358002,38741.73034464
"858",1.66141032877892,-2.7476323846876,1263.63750314041,38736.3372182616
"859",1.64426190190093,-2.55895610834586,1263.55386778281,38730.6849420074
"860",1.67163673993534,-2.5228727167993,1263.47111485891,38725.2512267148
"861",1.64583566022242,-2.60459777733929,1263.38695942414,38719.8058576919
"862",1.64511266473731,-2.67163597448031,1263.30413050774,38714.3237331762
"863",1.63160874582163,-2.5271961678834,1263.2213410512,38708.7758191549
"864",1.59252905622817,-2.7061672609548,1263.1392467545,38703.3958769789
"865",1.65815529328432,-2.80890305476272,1263.05915901798,38697.905090288
"866",1.6935661334973,-2.8534558104405,1262.97570734875,38692.1971349928
"867",1.62896484506505,-2.69306813496039,1262.89044073294,38686.3828799945
"868",1.60670433240589,-2.75859487125022,1262.8084914103,38680.8416287826
"869",1.59153795921486,-2.64419141591013,1262.72768600374,38675.2736522793
"870",1.69277827841824,-2.88677239500356,1262.64766043837,38669.8465127718
"871",1.67609630184053,-2.89785950852315,1262.56244389939,38664.0002665149
"872",1.57007314066547,-2.78642937100288,1262.47808597586,38658.1720040204
"873",1.60291436771188,-2.79839031941661,1262.39916747347,38652.6400208799
"874",1.64236747377332,-2.86726118115218,1262.3185677769,38647.0388003079
"875",1.65552429223336,-2.9641435965641,1262.23594724385,38641.2999068445
"876",1.65347675307914,-2.38561404441136,1262.15265421739,38635.4411797958
"877",1.71047888012896,-3.00239693824973,1262.06946861123,38630.164540276
"878",1.70560062817513,-3.00799644028311,1261.98336064635,38624.1717254019
"879",1.5927877801871,-2.8500471004732,1261.89750560676,38618.1818029032
"880",1.62166355251699,-2.84118016588306,1261.81743890091,38612.5465137716
"881",1.64047994147769,-2.27806467881711,1261.73589424383,38606.8697297861
"882",1.61018477676005,-2.53197052020806,1261.65338710969,38601.723240895
"883",1.66214143842163,-2.74306495707477,1261.57243549824,38596.3756588786
"884",1.65535592412301,-2.50419303561861,1261.48882216731,38590.7263776993
"885",1.61848129662314,-1.91858966757091,1261.40555924766,38585.3277874137
"886",1.58580133287604,-2.1721955005049,1261.32418931016,38580.5790848404
"887",1.59271842901771,-2.0544202234147,1261.24449643915,38575.6337510291
"888",1.60504863829954,-2.05178331248511,1261.1644513414,38570.7941194365
"889",1.57172934193915,-2.25949645966688,1261.08377662039,38565.9356124524
"890",1.52152219051309,-2.36294968763719,1261.0048112648,38560.9274840868
"891",1.59295450765054,-2.64879973201836,1260.92841902705,38555.9034512069
"892",1.57438391175433,-2.39122440991097,1260.84837057744,38550.4689847076
"893",1.54636616822431,-2.35241403372185,1260.76927567604,38545.3244669812
"894",1.53817431070449,-2.187299271437,1260.6916177765,38540.2676101087
"895",1.53788967962363,-2.10313716883255,1260.61438137573,38535.3901442197
"896",1.53904544732354,-1.94782081733482,1260.53716160978,38530.5973265214
"897",1.52648641032126,-1.76916453029962,1260.4598847385,38525.9577991659
"898",1.5555261277426,-2.23495592824743,1260.38325281275,38521.5188214437
"899",1.56841141472191,-2.40281762067893,1260.30513630154,38516.563395816
"900",1.60784562567394,-2.57887400485344,1260.22636211466,38511.4176263002
"901",1.56397589507103,-2.37227354452885,1260.14557026216,38506.0270203065
"902",1.52962907979617,0.363994090958166,1260.06702754233,38500.919508571
"903",1.58366784447408,-2.34780267411137,1259.99024519591,38498.6081562345
"904",1.62768893312563,-2.50829086478594,1259.91069834299,38493.490752136
"905",1.63275965254638,-2.43639789523225,1259.82889869174,38488.1360816613
"906",1.63150296527466,-2.4517637712614,1259.74684153773,38482.844450231
"907",1.58690989463888,-2.41873495963215,1259.66485110479,38477.5396326939
"908",1.58910279532913,-2.16725871900589,1259.58514719086,38472.3455975146
"909",1.62263613493462,-2.14380412211327,1259.50533318108,38467.3992032538
"910",1.80245646080291,-2.50539632298174,1259.42380386089,38462.4177734628
"911",1.964378066188,-1.96018690943,1259.33305558623,38456.7612055915
"912",1.95769979444818,-2.3721373421185,1259.23399163286,38451.3675823165
"913",1.9193100701547,-1.55737661058351,1259.13527442325,38445.5736314336
"914",1.82416354015015,-1.07043785809414,1259.03853379329,38440.6613378325
"915",1.83520836055315,-1.97788556001217,1258.94668337587,38436.4018249812
"916",1.77602281582813,-1.69322812856423,1258.85426885829,38431.215595288
"917",1.64311402573895,-2.07894164657872,1258.76489490863,38426.4171912761
"918",1.68432994106774,-1.90008495742583,1258.68233759228,38421.4648081597
"919",1.70884006468361,-1.59211625224793,1258.59767077972,38416.619397383
"920",1.71635915671559,-0.499795298216008,1258.51175013844,38412.0392042078
"921",1.70255466354379,-1.01008645575878,1258.42544659209,38408.5382083279
"922",1.60026883858867,-1.54413012939062,1258.33985326802,38404.5509791654
"923",1.51577245013727,-1.5176787519849,1258.25950211067,38400.2080671456
"924",1.52403728762045,-1.50472878728229,1258.18347653372,38396.0389713781
"925",1.54103998649034,-1.34760019863178,1258.10703029827,38391.8683991928
"926",1.53863246920908,-1.31017274204465,1258.02971645452,38387.8252882399
"927",1.5378023249311,-1.37443139684224,1257.95252783132,38383.8237936754
"928",1.53100164570801,-0.885265513862701,1257.87538373706,38379.7594781001
"929",1.55156861196825,-0.433331221454883,1257.798589524,38376.1961803601
"930",1.56675439865916,-0.958286388080628,1257.72074541674,38373.048932451
"931",1.53153787668121,-0.88008508648936,1257.64212655128,38369.3502315929
"932",1.57835834195353,-1.33399192008057,1257.56531114046,38365.7911478072
"933",1.80515704008437,-1.74255726092737,1257.48610282693,38361.6964807708
"934",2.01123141360038,-1.45158365429557,1257.3952769529,38356.7977387999
"935",1.97144321688503,-1.38415679831723,1257.29387152796,38351.8307194431
"936",1.67247398766087,-0.0122360834266289,1257.19451453047,38347.0004611985
"937",1.5473704959925,1.50466724939677,1257.11049870521,38344.063356266
"938",1.55901807081033,1.04377810012886,1257.03288790404,38342.8613365293
"939",1.58112006459961,-0.0423607265048083,1256.95468352821,38341.1781003669
"940",1.60702740586371,-0.388121448839795,1256.87535074923,38338.3701634061
"941",1.51076825546195,0.00939577248097412,1256.7946946262,38335.1712677607
"942",1.5459055959655,-0.562472381209987,1256.71896351995,38332.5377825535
"943",1.61108081219909,-0.789022947156709,1256.64143819897,38329.2711255853
"944",1.67056565933611,-0.894473835380848,1256.56058122826,38325.6642258673
"945",1.65169327648372,-1.06634182560621,1256.47668164644,38321.8481186223
"946",1.65079363552631,-1.36882419025395,1256.39375074835,38317.8930447342
"947",1.65181725600547,-1.2511624443178,1256.3108682958,38313.6370455356
"948",1.70554933066238,-1.22782041315749,1256.22793583356,38309.4969108905
"949",1.61206081511543,-1.29727717315616,1256.14225444376,38305.286398765
"950",1.59851192177021,-1.43229426887027,1256.0613613738,38301.1694653114
"951",1.62557581688482,-1.45598761450893,1255.98116370144,38296.9411355608
"952",1.65020009226617,-1.39688036434719,1255.8995836847,38292.6418963962
"953",1.6247436931045,-1.16938843339319,1255.81674585736,38288.3588049841
"954",1.69593881446323,-1.37053494574335,1255.73521308367,38284.3475930329
"955",1.67922997481277,-1.20135508517544,1255.65003852087,38280.0110532723
"956",1.66264428895103,-1.03000213181035,1255.56572196692,38275.8728210072
"957",1.64618120604943,-1.03095009812486,1255.48225687802,38271.934855742
"958",1.62984016867513,-0.740162804443078,1255.39963674205,38268.0246439116
"959",1.61362063616809,-0.145165126087376,1255.31785507865,38264.4337090868
"960",1.59752206641098,-0.354074236462536,1255.23690543907,38261.4660508863
"961",1.69756767033863,-0.741214881531711,1255.15678140623,38258.3175526812
"962",1.58858878448233,-1.15535174963545,1255.07154060681,38254.6074064561
"963",1.55358379385938,-0.620943768181924,1254.99187796765,38250.6731903333
"964",1.54428790167776,-0.603674694945606,1254.91400687719,38247.3344344297
"965",1.47587628882523,-0.0790288554358756,1254.83661293189,38244.0291536579
"966",1.51674235437619,-0.157586818994976,1254.76271515987,38241.3678610849
"967",1.55607892869005,-0.207688349843236,1254.68673250607,38238.5567028261
"968",1.58565631667169,-0.514262952388037,1254.60874219965,38235.626808151
"969",1.60329242625766,-0.931466461781324,1254.52924232361,38232.3387319455
"970",1.63835028583156,-0.90966203723108,1254.44884303869,38228.6026770558
"971",1.6728885368912,-0.902091856879838,1254.36665321836,38224.8272635485
"972",1.74643252816784,-0.784219960776641,1254.28269885599,38220.9991664297
"973",1.87190498083255,-0.814933517761989,1254.19498237156,38217.1606638348
"974",1.85580546804829,-0.734646768639158,1254.100839009,38213.0726371682
"975",1.78774491520753,-0.818206194159182,1254.0075241742,38209.0929536374
"976",1.68762950181894,-0.820187550887573,1253.91770024338,38205.1483772669
"977",1.59277126874151,-0.764376000843821,1253.83300481485,38201.376407855
"978",1.62641952465799,-0.763665291024894,1253.75316282707,38197.8256992556
"979",1.64667641216957,-0.702899846447079,1253.67160300687,38194.2169940163
"980",1.55615804328463,-0.636724866368866,1253.58900969578,38190.6337079009
"981",1.50415568868406,-0.584252774347813,1253.5110452224,38187.2744893149
"982",1.49200125387891,-0.328354110275273,1253.43573832685,38184.058459641
"983",1.53134420713668,-0.464210767987248,1253.36105379672,38181.1195256736
"984",1.56786880208471,-0.527868783848838,1253.28436278176,38177.9760815661
"985",1.55575283814532,-0.524261011112438,1253.20580841289,38174.7052470224
"986",1.49985249012102,-0.416558454445162,1253.12787507297,38171.4591470346
"987",1.4722933124217,-0.374727710172952,1253.0527978923,38168.4182695033
"988",1.45201538275512,-0.451780526759377,1252.97912894392,38165.4672999102
"989",1.47430416941871,-0.419282537591859,1252.90649626168,38162.4746520291
"990",1.51161775564113,-0.245282211149328,1252.83272849681,38159.475599977
"991",1.5134742180648,-0.321324133466576,1252.75705861007,38156.5854316883
"992",1.43599987450375,-0.303161495074289,1252.68129597356,38153.6159723013
"993",1.46879869109511,-0.227399175647953,1252.60948751931,38150.7998533284
"994",1.53585250654433,-0.2801328412281,1252.53600824974,38148.0022531184
"995",1.42815349663078,-0.0995107589273527,1252.45910921001,38145.0349104628
"996",1.35224811459206,-0.158511236899869,1252.38770634557,38142.4361070328
"997",1.31734616840872,-0.0457303559650637,1252.32017255806,38139.9107685042
"998",1.23457247393346,-0.0947949143662303,1252.25441713485,38137.5591229275
"999",1.28532225874489,-0.0853654145079403,1252.19287320958,38135.3029026916
"1000",1.39684963243683,0.452176487824195,1252.12875009405,38132.9675083373
"1001",1.31576095909765,-0.0484893140468121,1252.05895073889,38130.9749823361
"1002",1.33077509661767,0.592432270103544,1251.99328200477,38128.6233147744
"1003",1.35016313082729,0.145388495315387,1251.92685066739,38126.8863535382
"1004",1.3420612181911,-0.100260200314999,1251.85943393663,38124.6684994257
"1005",1.41162007412857,-0.110752914389824,1251.79243124816,38122.2191302313
"1006",1.46519961743757,0.707204816298383,1251.72188758915,38119.6378554637
"1007",1.47431269771694,0.438754534482491,1251.64861467361,38117.7810256228
"1008",1.34639134868894,-0.0325906592548799,1251.57487895422,38115.6398333588
"1009",1.32426485596926,0.00195937202261542,1251.50766254219,38113.2505420623
"1010",1.30123978051846,0.258657391982395,1251.44157380673,38110.9344153997
"1011",1.26773784637871,0.0380330824572197,1251.37665801095,38108.9151722095
"1012",1.34037372086942,0.218178788706303,1251.31344735292,38106.7337828894
"1013",1.3209645451928,-0.0148479383006761,1251.24654337636,38104.6057341191
"1014",1.36243915742458,0.00586744260252603,1251.18062861195,38102.2785309125
"1015",1.33717915477422,0.00293712744260088,1251.1126046338,38099.899639931
"1016",1.2907205981021,0.0178429887546234,1251.0458679394,38097.5619022209
"1017",1.25612157456597,0.0547277532014079,1250.98149611537,38095.3201631336
"1018",1.25413996171603,0.0887418463688572,1250.91888465543,38093.1757050374
"1019",1.26621825153332,0.0723838578180558,1250.85637528046,38091.0687138351
"1020",1.27791225127717,0.199824026781745,1250.79325340542,38088.9242705651
"1021",1.2867225975175,0.134485052510015,1250.72953849292,38086.8868446519
"1022",1.30648309958839,0.196658753474183,1250.66537709301,38084.7686915089
"1023",1.32502366191726,0.140443907968716,1250.60021233159,38082.6782078703
"1024",1.29103189535624,0.415830533702517,1250.5341060392,38080.4991359163
"1025",1.28856923567911,0.355879093529549,1250.46972995388,38078.654783086
"1026",1.48971388339063,0.106225991457896,1250.40548052766,38076.7547708392
"1027",1.40600408891246,0.101185059058049,1250.33099183804,38074.254012512
"1028",1.34039247047077,0.284338558474495,1250.26077033344,38071.8942969162
"1029",1.33126373163011,0.179087093369519,1250.19389012127,38069.8322515946
"1030",1.30648102281953,0.746043674783953,1250.12747586374,38067.6808825124
"1031",1.36550415787411,0.705929802544379,1250.06232352035,38066.1397258585
"1032",1.36629940332869,0.95836953359555,1249.99417027038,38064.4554135951
"1033",1.29016726302889,0.107991179595109,1249.92597818378,38063.0221447551
"1034",1.27171549273374,0.462930497210275,1249.86165980664,38060.8713932943
"1035",1.28974174327286,0.310886937242693,1249.79828065727,38059.1077885529
"1036",1.35797264462642,0.390204105671928,1249.73398679634,38057.1606613082
"1037",1.27462001440313,0.126212467190387,1249.66622462497,38055.1737309815
"1038",1.23742329640568,0.143511178886275,1249.60270224278,38053.0683153308
"1039",1.22994294001261,0.144749355694517,1249.54107083082,38051.0451369767
"1040",1.22352224933564,0.149616425674123,1249.47982060774,38049.0362515678
"1041",1.31796313498847,0.122731778912442,1249.41889770443,38047.0434380113
"1042",1.28182952013012,0.226977780364373,1249.35317785236,38044.8588427806
"1043",1.22595872153669,0.376988176049854,1249.28929613558,38042.8415701046
"1044",1.3496029805276,0.942215499320297,1249.22825362076,38041.0718534117
"1045",1.37580235516216,0.244557164882858,1249.16092923354,38039.651484886
"1046",1.29997349087693,0.23783383705932,1249.09227363093,38037.4877153537
"1047",1.31930445637342,0.390293090235047,1249.02747575766,38035.4495915753
"1048",1.26189711845218,0.197663688648907,1248.96169676688,38033.5301707067
"1049",1.22195254395785,0.266728246976172,1248.89883641554,38031.5183419151
"1050",1.29814178823333,0.177794567947086,1248.8380056483,38029.6453189104
"1051",1.25036167181257,0.334685579498458,1248.77330665827,38027.550324852
"1052",1.30431023034567,0.893825667841947,1248.71103629491,38025.6956389047
"1053",1.29022495460723,0.929189844712931,1248.64602672817,38024.3058919456
"1054",1.3723964364528,0.883115397578879,1248.58173437825,38022.9760936306
"1055",1.26052141063081,0.473800314164554,1248.513266026,38021.4567579165
"1056",1.23953994386664,0.641223381932517,1248.45048546529,38019.723418213
"1057",1.27461680388324,0.477980127986454,1248.38877159965,38018.1941310354
"1058",1.32597318686695,0.60473511402343,1248.3252779384,38016.4403458619
"1059",1.27087095375153,0.212228236270393,1248.25917625557,38014.7236430163
"1060",1.28419046228452,0.560052467025572,1248.1958757384,38012.7106319309
"1061",1.28477218021949,0.290675411949805,1248.13190012535,38011.0221815386
"1062",1.33369337790927,0.634330282751207,1248.06789640636,38009.0633311851
"1063",1.38928213133959,0.253683295860227,1248.00140831329,38007.3627151774
"1064",1.39778709029772,0.166082441116316,1247.93209507413,38005.1844004064
"1065",1.38291570013689,0.219986888583438,1247.86235086127,38002.9036297312
"1066",1.40105621768959,0.153817169683736,1247.79336484955,38000.7027152781
"1067",1.45002537795573,0.0870659226135622,1247.72345773146,37998.4039556029
"1068",1.59094906579582,0.0943020885156882,1247.6510602479,37995.9529581874
"1069",1.49582842634537,0.084866193991409,1247.57148407761,37993.2632429957
"1070",1.34834084006868,0.127421495200944,1247.49675814625,37990.7300819938
"1071",1.25568081746445,0.261232919926612,1247.42953895623,37988.496917759
"1072",1.27009642026437,0.593199156849104,1247.36702808962,37986.559343377
"1073",1.25217360781125,0.239106437237328,1247.3037867994,37984.9285561445
"1074",1.22098801400898,0.858267353250543,1247.24145671924,37982.9749657669
"1075",1.22357375234497,0.0260483302124421,1247.18071041251,37981.6949886258
"1076",1.15303759018866,0.592923891408659,1247.11983423694,37979.5782703291
"1077",1.24977248843301,0.906366301137224,1247.06253553643,37978.1516125427
"1078",1.2838295138276,0.758484047041964,1247.0003326186,37976.8694484562
"1079",1.25642657315563,-0.0313908633896476,1246.93640229546,37975.3799250912
"1080",1.29087033529569,0.164776766508209,1246.87386445831,37973.1483702673
"1081",1.39026616669261,0.2641631312051,1246.80957949208,37971.0528311943
"1082",1.38298126715507,0.00378245373450148,1246.74024532796,37968.8831328128
"1083",1.37946860630744,0.274895465239963,1246.67128326775,37966.4657630332
"1084",1.28496693811284,-0.102960130573108,1246.60250147192,37964.325630265
"1085",1.28992955515541,-0.126796005262239,1246.53852237966,37961.9726317195
"1086",1.29713352100709,-0.142633159072846,1246.47429278534,37959.5871245755
"1087",1.33735049193427,-0.16410621112636,1246.40969888413,37957.1731938805
"1088",1.33049590380513,-0.158653651914273,1246.34306386636,37954.6675617744
"1089",1.28267901267055,0.338092774893427,1246.27677863231,37952.1793424851
"1090",1.36210700060663,0.470660252562643,1246.21292303351,37950.2713552286
"1091",1.34044213487164,-0.245162533209746,1246.14503476822,37948.3572428065
"1092",1.33668161728418,0.646348424989445,1246.07824891826,37945.7651252533
"1093",1.3599570045984,-0.270332476222246,1246.01165567423,37944.0710766639
"1094",1.37257555018014,-0.0591952816521395,1245.94388148452,37941.419701127
"1095",1.29647830239767,0.554250886241863,1245.87546767738,37938.9574237807
"1096",1.36334065627322,0.44224848975638,1245.8109206949,37937.2414529745
"1097",1.30639818049626,0.248427921675565,1245.7429793809,37935.2967267217
"1098",1.31348527545354,-0.310095915202649,1245.67793183369,37933.2575960185
"1099",1.3439729545366,-0.203310235711984,1245.61252596464,37930.6475588976
"1100",1.38507407799904,0.0796253653777494,1245.54557333104,37928.0910659208
"1101",1.37632431055512,-0.165880784526947,1245.47653398308,37925.74573987
"1102",1.36904762840024,-0.437039990737256,1245.40794097556,37923.170175502
"1103",1.46265249417751,-0.519575322578175,1245.33971937468,37920.3361482588
"1104",1.50673469220482,-0.462383780699505,1245.26674040043,37917.2561628191
"1105",1.4861152389106,-0.591821342889425,1245.19152007464,37914.156411283
"1106",1.41877046688086,-0.511086597979156,1245.11735115221,37910.9632040745
"1107",1.338598904891,-0.499978078883186,1245.04660952775,37907.968284665
"1108",1.31469105148979,-0.496375569417504,1244.97994318852,37905.1244404725
"1109",1.41035384541564,-0.609643328791089,1244.91449224127,37902.3259375363
"1110",1.43241364331109,-0.629489618625145,1244.84418353013,37899.2471300724
"1111",1.3896786328899,-0.427762311235893,1244.77275511695,37896.1099552331
"1112",1.38334707472388,-0.1702426398337,1244.70350065053,37893.2491079881
"1113",1.37567265951402,-0.730263551484197,1244.63456958343,37890.6568265344
"1114",1.41880860415517,-0.803201584205934,1244.56603008252,37887.5179151684
"1115",1.32321017474118,-0.791295575913323,1244.49530029837,37884.2307452966
"1116",1.30005014848395,-0.775095718165941,1244.42942816419,37881.1223900421
"1117",1.3545593812242,-0.470678049213206,1244.36473292942,37878.0706702009
"1118",1.31810529664085,-0.180890114482215,1244.29727227017,37875.2281766855
"1119",1.28167166963517,0.0972340232968874,1244.23166384264,37872.7391181153
"1120",1.291624939348,-0.111198890023796,1244.16790548168,37870.5918006041
"1121",1.36105410147027,-0.927988174185758,1244.10364366985,37868.2186608946
"1122",1.3458741692567,-0.273206286719867,1244.03585945165,37864.9074856085
"1123",1.36513059400797,0.250449036671469,1243.96884760136,37862.2775902347
"1124",1.29036223749707,-0.229691120750439,1243.90085961244,37860.1377180279
"1125",1.24313791714512,-0.904463892300819,1243.83666792483,37857.6482608702
"1126",1.24408072293689,-0.0597586336299369,1243.77487218915,37854.566499822
"1127",1.34900605008527,0.598985234912784,1243.7130300186,37852.3277905953
"1128",1.36554083336878,-0.356195999253779,1243.64586683932,37850.5645796264
"1129",1.320131175046,-1.12601675731432,1243.57786579325,37847.8173071908
"1130",1.28726035516203,-1.05795175132983,1243.51217127802,37844.3795006595
"1131",1.33702485282749,-1.03066552107716,1243.44814573965,37841.0671558897
"1132",1.43583823695841,-1.29125116166069,1243.38159697139,37837.6951845043
"1133",1.42926747414281,-1.11188927353786,1243.31003145674,37833.890084442
"1134",1.33710924117056,-1.16159202262849,1243.23880166105,37830.2758091986
"1135",1.36106765989556,-1.24591459907205,1243.17225354111,37826.7727392933
"1136",1.44414983143197,-1.38727752560695,1243.10449097482,37823.1435022059
"1137",1.42345709971498,-1.36067611861257,1243.03251009266,37819.2278294282
"1138",1.35330208555553,-1.23905273330808,1242.96158250398,37815.3748770536
"1139",1.48056300859927,-1.43316577225997,1242.89421915073,37811.7660369154
"1140",1.60223739821879,-1.54520002412597,1242.82039273967,37807.7408771813
"1141",1.5986994219719,-1.52744270964291,1242.74037737635,37803.3912791773
"1142",1.3998341642334,-1.34700153462441,1242.66054442021,37799.0656024044
"1143",1.3537176824737,-0.85806682515049,1242.59082600053,37795.2675246397
"1144",1.35960637310612,-0.824625706484121,1242.52345040003,37792.0389004521
"1145",1.33459043761521,-0.370440617635959,1242.45577756193,37788.8334261899
"1146",1.33337247405463,-1.13912833723111,1242.3893756785,37786.1258141142
"1147",1.31354291375965,-1.13606758784273,1242.32303714582,37782.6516334923
"1148",1.34643309559353,-1.30623832255828,1242.25770594849,37779.2151360635
"1149",1.31624436335833,-1.28308883435844,1242.19070791844,37775.5510217001
"1150",1.35178843395895,-1.50400524429033,1242.1252427885,37771.9627697887
"1151",1.35268050416451,-1.52367998498008,1242.05797619212,37768.0915206584
"1152",1.38538169735997,-1.60858856677114,1241.99066593757,37764.1990309378
"1153",1.34814828252879,-1.50462831489685,1241.92169774871,37760.1645199206
"1154",1.39025353173974,-1.69194601357829,1241.85462068178,37756.2989803753
"1155",1.36633044116864,-1.72536822110521,1241.78540852489,37752.1725880827
"1156",1.33568070604302,-1.4610682808941,1241.71741220109,37748.0545405983
"1157",1.38310859787022,-1.44842415275501,1241.65097239536,37744.254309934
"1158",1.47540289881993,-1.97653474641173,1241.58212787635,37740.3838911805
"1159",1.36822586798095,-1.56727755337973,1241.50859798341,37735.8242001011
"1160",1.34860013662465,-0.423838629035616,1241.44051215994,37731.8608999291
"1161",1.36128105606572,-1.73838774147384,1241.37342361467,37729.0753037532
"1162",1.36357993523265,-1.54392633346012,1241.3056933977,37724.9530049844
"1163",1.38364443632331,-1.8102332010634,1241.23784818157,37721.0211448612
"1164",1.40092577933495,-1.45966350863436,1241.16898655596,37716.7879309155
"1165",1.39000643878631,0.173684662860163,1241.09924957318,37712.8751007621
"1166",1.36090674014148,-1.84652251977026,1241.03006848973,37710.6146779647
"1167",1.4210150316429,-2.08108620102501,1240.96236551083,37706.3848568591
"1168",1.54762727092334,-2.31237102464182,1240.8916139085,37701.8154986064
"1169",1.46802605008945,-2.2358716811551,1240.81443107048,37696.79378723
"1170",1.40581365576454,-1.87651238289109,1240.74129592708,37691.9875391657
"1171",1.40285216325283,-1.00659026200617,1240.67132146076,37687.6492718029
"1172",1.44823437721668,-2.21551267504261,1240.60149902802,37684.186089378
"1173",1.57634217604859,-2.42326532584254,1240.5293745528,37679.4347303247
"1174",1.61848862047124,-2.51169297244327,1240.45074138492,37674.2519464862
"1175",1.55476326505146,-2.44210791202889,1240.3699662541,37668.9071519268
"1176",1.47867776267747,-2.29661236893686,1240.29243487214,37663.7431743945
"1177",1.50090221258176,-2.35265182059289,1240.21877225835,37658.8575195692
"1178",1.58689416476921,-2.48941644163899,1240.14398255318,37653.8770118493
"1179",1.60293915574072,-2.50053734154565,1240.06482347073,37648.6096024903
"1180",1.68605731913244,-2.63547099101717,1239.98485047449,37643.3030518185
"1181",1.67054063886494,-2.66579434779925,1239.90064950517,37637.7164710358
"1182",1.56446911876884,-2.43524857145283,1239.8172410519,37632.1266376767
"1183",1.5238467562202,-2.2884336233288,1239.73923143493,37626.9524989525
"1184",1.4853440361323,-1.84428369238746,1239.66328871278,37621.9960854275
"1185",1.44463450673865,-1.21774437181236,1239.58930399433,37617.5510372551
"1186",1.48445992904341,-1.92780133078755,1239.51738815348,37613.803603074
"1187",1.44838304314185,-1.77954786144364,1239.44345216902,37609.2765618075
"1188",1.49711303033143,-2.54162573670382,1239.37134978878,37604.960759761
"1189",1.39163889077158,-2.29357352501594,1239.29677503782,37599.7977817184
"1190",1.39300355809152,-2.37969394048527,1239.227555418,37595.0670285109
"1191",1.39966900700926,-2.38093106431143,1239.15826829025,37590.247763093
"1192",1.41568003897811,-2.41986094843693,1239.08864481328,37585.4156113996
"1193",1.39545635372194,-2.27256946386333,1239.01821091095,37580.5165598848
"1194",1.41932389292767,-2.25017874900488,1238.9488045474,37575.8001095312
"1195",1.43470766895645,-2.27695067199176,1238.87818929742,37571.0643592463
"1196",1.43293260208569,-2.57902132846151,1238.80679533932,37566.2749630269
"1197",1.44775943362165,-2.60090477200317,1238.73549325532,37561.1865869142
"1198",1.44296795893574,-2.5562044357187,1238.66344065504,37556.0504262764
"1199",1.38894132784096,-1.64140048928796,1238.59163303274,37550.9673240343
"1200",1.50626379742555,-2.67742059119582,1238.52256753405,37546.8933683828
"1201",1.62069025711844,-2.86534776141617,1238.44755060905,37541.5785048218
"1202",1.50928609911361,-2.74329337003117,1238.36672092911,37535.8759249458
"1203",1.44159003877906,-2.09552507877729,1238.29155468895,37530.4898905783
"1204",1.55798568965418,-2.66650851915038,1238.21982646857,37525.8698265239
"1205",1.49632737124481,-2.63306724552414,1238.14219053044,37520.4755263161
"1206",1.53548275786553,-2.71046219588576,1238.06768823209,37515.2223158198
"1207",1.49728295943005,-2.7524642165164,1237.99119962494,37509.823331144
"1208",1.44950968076807,-2.61361516010046,1237.91665281616,37504.4490350525
"1209",1.4496222344207,-2.36889270424268,1237.84453240093,37499.297002607
"1210",1.42977065635674,-2.5198259481704,1237.77240812617,37494.3894868077
"1211",1.46728259816075,-2.6586414229151,1237.70129263292,37489.3656970131
"1212",1.53331189024218,-2.8019257659272,1237.62827604512,37484.1375733328
"1213",1.64516579361403,-2.63885545264821,1237.55190963479,37478.6508558381
"1214",1.64386591407435,-2.9707777973024,1237.46986125725,37473.1319106859
"1215",1.60608495647865,-2.78052757950791,1237.38788137226,37467.2833004854
"1216",1.56720410936347,-2.88030924495998,1237.30782450786,37461.6908873149
"1217",1.74258494728125,-2.77807170298142,1237.22974549204,37456.0665649303
